2026-06-02 09:05:14 | ATM-001 | TXN | BALANCE_INQ | CARD=************4477 | STATUS=APPROVED
2026-06-02 09:12:33 | ATM-001 | ERROR | CASH_JAM | CASSETTE=2 | TECH_CODE=3A7F
2026-06-02 09:15:00 | ATM-001 | MAINT | DOOR_OPEN | OPERATOR=OP003
2026-06-02 09:00:01 | ATM-001 | TXN | WITHDRAWAL | CARD=************9988 | AMOUNT=2000.00 | CURRENCY=ETB | STATUS=APPROVED | AUTH=112233
2026-06-02 10:30:00 | ATM-001 | TXN | WITHDRAWAL | CARD=************3311 | AMOUNT=10000.00 | CURRENCY=ETB | STATUS=DECLINED
2026-06-02 20:55:30 | ATM-003 | MAINT | CASH_REPLENISH | STATUS=SUCCESS | OPERATOR=OP005
2026-06-02 21:05:00 | ATM-001 | TXN | WITHDRAWAL | CARD=************0000 | STATUS=TEST2026-06-05 05:55:46 | ATM-001 | TID001 | TXN | WITHDRAWAL | SEQ=131647 | CARD=************0123 | AMOUNT=100.00 | CURRENCY=ETB | STATUS=APPROVED | AUTH=487561
2026-06-05 05:58:39 | ATM-001 | TID001 | TXN | WITHDRAWAL | SEQ=266174 | CARD=************9012 | AMOUNT=500.00 | CURRENCY=ETB | STATUS=APPROVED | AUTH=102875
2026-06-05 06:01:32 | ATM-001 | TID001 | TXN | WITHDRAWAL | SEQ=823962 | CARD=************1234 | AMOUNT=1000.00 | CURRENCY=ETB | STATUS=APPROVED | AUTH=709156
2026-06-05 06:04:25 | ATM-001 | TID001 | TXN | WITHDRAWAL | SEQ=929206 | CARD=************1234 | AMOUNT=500.00 | CURRENCY=ETB | STATUS=APPROVED | AUTH=486330
2026-06-05 06:07:18 | ATM-001 | TID001 | TXN | WITHDRAWAL | SEQ=815032 | CARD=************7890 | AMOUNT=5000.00 | CURRENCY=ETB | STATUS=APPROVED | AUTH=496378
2026-06-05 06:10:10 | ATM-001 | TID001 | TXN | WITHDRAWAL | SEQ=509589 | CARD=************4567 | AMOUNT=1000.00 | CURRENCY=ETB | STATUS=APPROVED | AUTH=414093
2026-06-05 06:13:03 | ATM-001 | TID001 | TXN | WITHDRAWAL | SEQ=397077 | CARD=************7890 | AMOUNT=1000.00 | CURRENCY=ETB | STATUS=DECLINED
2026-06-05 06:15:56 | ATM-001 | TID001 | TXN | WITHDRAWAL | SEQ=707770 | CARD=************5678 | AMOUNT=500.00 | CURRENCY=ETB | STATUS=DECLINED
2026-06-05 06:18:49 | ATM-001 | TID001 | TXN | WITHDRAWAL | SEQ=760547 | CARD=************7890 | AMOUNT=100.00 | CURRENCY=ETB | STATUS=APPROVED | AUTH=504856
2026-06-05 06:21:42 | ATM-001 | TID001 | TXN | WITHDRAWAL | SEQ=617474 | CARD=************1234 | AMOUNT=1000.00 | CURRENCY=ETB | STATUS=DECLINED
2026-06-05 06:24:34 | ATM-001 | TID001 | TXN | WITHDRAWAL | SEQ=435779 | CARD=************1234 | AMOUNT=500.00 | CURRENCY=ETB | STATUS=APPROVED | AUTH=458821
2026-06-05 06:27:27 | ATM-001 | TID001 | TXN | WITHDRAWAL | SEQ=617081 | CARD=************6789 | AMOUNT=100.00 | CURRENCY=ETB | STATUS=APPROVED | AUTH=776911
2026-06-05 06:30:20 | ATM-001 | TID001 | TXN | WITHDRAWAL | SEQ=106337 | CARD=************1234 | AMOUNT=200.00 | CURRENCY=ETB | STATUS=APPROVED | AUTH=151615
2026-06-05 06:33:13 | ATM-001 | TID001 | TXN | WITHDRAWAL | SEQ=869748 | CARD=************3456 | AMOUNT=100.00 | CURRENCY=ETB | STATUS=APPROVED | AUTH=453481
2026-06-05 06:36:06 | ATM-001 | TID001 | TXN | WITHDRAWAL | SEQ=790247 | CARD=************9012 | AMOUNT=100.00 | CURRENCY=ETB | STATUS=APPROVED | AUTH=973971
2026-06-05 06:38:58 | ATM-001 | TID001 | TXN | WITHDRAWAL | SEQ=234050 | CARD=************0123 | AMOUNT=1000.00 | CURRENCY=ETB | STATUS=DECLINED
2026-06-05 06:41:51 | ATM-001 | TID001 | TXN | WITHDRAWAL | SEQ=454311 | CARD=************7890 | AMOUNT=100.00 | CURRENCY=ETB | STATUS=APPROVED | AUTH=580146
2026-06-05 06:44:44 | ATM-001 | TID001 | TXN | WITHDRAWAL | SEQ=208541 | CARD=************0123 | AMOUNT=1000.00 | CURRENCY=ETB | STATUS=APPROVED | AUTH=953716
2026-06-05 06:47:37 | ATM-001 | TID001 | TXN | WITHDRAWAL | SEQ=160749 | CARD=************0123 | AMOUNT=1000.00 | CURRENCY=ETB | STATUS=APPROVED | AUTH=934587
2026-06-05 06:50:30 | ATM-001 | TID001 | TXN | WITHDRAWAL | SEQ=401869 | CARD=************1234 | AMOUNT=200.00 | CURRENCY=ETB | STATUS=APPROVED | AUTH=252115
2026-06-05 06:53:22 | ATM-001 | TID001 | TXN | WITHDRAWAL | SEQ=319897 | CARD=************7890 | AMOUNT=5000.00 | CURRENCY=ETB | STATUS=APPROVED | AUTH=259609
2026-06-05 06:56:15 | ATM-001 | TID001 | TXN | WITHDRAWAL | SEQ=375107 | CARD=************3456 | AMOUNT=5000.00 | CURRENCY=ETB | STATUS=APPROVED | AUTH=364201
2026-06-05 06:59:08 | ATM-001 | TID001 | TXN | WITHDRAWAL | SEQ=566007 | CARD=************6789 | AMOUNT=1000.00 | CURRENCY=ETB | STATUS=DECLINED
2026-06-05 07:02:01 | ATM-001 | TID001 | TXN | WITHDRAWAL | SEQ=601994 | CARD=************8901 | AMOUNT=200.00 | CURRENCY=ETB | STATUS=APPROVED | AUTH=714211
2026-06-05 07:04:54 | ATM-001 | TID001 | TXN | WITHDRAWAL | SEQ=706209 | CARD=************5678 | AMOUNT=100.00 | CURRENCY=ETB | STATUS=APPROVED | AUTH=423122
2026-06-05 07:07:46 | ATM-001 | TID001 | TXN | WITHDRAWAL | SEQ=474739 | CARD=************1234 | AMOUNT=1000.00 | CURRENCY=ETB | STATUS=APPROVED | AUTH=274975
2026-06-05 07:10:39 | ATM-001 | TID001 | TXN | WITHDRAWAL | SEQ=848365 | CARD=************9012 | AMOUNT=2000.00 | CURRENCY=ETB | STATUS=APPROVED | AUTH=291720
2026-06-05 07:13:32 | ATM-001 | TID001 | TXN | WITHDRAWAL | SEQ=855429 | CARD=************5678 | AMOUNT=200.00 | CURRENCY=ETB | STATUS=APPROVED | AUTH=515817
2026-06-05 07:16:25 | ATM-001 | TID001 | TXN | WITHDRAWAL | SEQ=961399 | CARD=************3456 | AMOUNT=200.00 | CURRENCY=ETB | STATUS=DECLINED
2026-06-05 07:19:18 | ATM-001 | TID001 | TXN | WITHDRAWAL | SEQ=582130 | CARD=************4567 | AMOUNT=2000.00 | CURRENCY=ETB | STATUS=APPROVED | AUTH=668502
2026-06-05 07:22:10 | ATM-001 | TID001 | TXN | WITHDRAWAL | SEQ=999028 | CARD=************8901 | AMOUNT=100.00 | CURRENCY=ETB | STATUS=DECLINED
2026-06-05 07:25:03 | ATM-001 | TID001 | TXN | WITHDRAWAL | SEQ=476070 | CARD=************7890 | AMOUNT=200.00 | CURRENCY=ETB | STATUS=TIMEOUT
2026-06-05 07:27:56 | ATM-001 | TID001 | TXN | WITHDRAWAL | SEQ=524741 | CARD=************2345 | AMOUNT=100.00 | CURRENCY=ETB | STATUS=TIMEOUT
2026-06-05 07:30:49 | ATM-001 | TID001 | TXN | WITHDRAWAL | SEQ=264709 | CARD=************3456 | AMOUNT=5000.00 | CURRENCY=ETB | STATUS=APPROVED | AUTH=316140
2026-06-05 07:33:42 | ATM-001 | TID001 | TXN | WITHDRAWAL | SEQ=729069 | CARD=************4567 | AMOUNT=1000.00 | CURRENCY=ETB | STATUS=APPROVED | AUTH=563530
2026-06-05 07:36:34 | ATM-001 | TID001 | TXN | WITHDRAWAL | SEQ=145559 | CARD=************4567 | AMOUNT=100.00 | CURRENCY=ETB | STATUS=DECLINED
2026-06-05 07:39:27 | ATM-001 | TID001 | TXN | WITHDRAWAL | SEQ=829397 | CARD=************1234 | AMOUNT=200.00 | CURRENCY=ETB | STATUS=APPROVED | AUTH=845766
2026-06-05 07:42:20 | ATM-001 | TID001 | TXN | WITHDRAWAL | SEQ=476786 | CARD=************7890 | AMOUNT=5000.00 | CURRENCY=ETB | STATUS=APPROVED | AUTH=322401
2026-06-05 07:45:13 | ATM-001 | TID001 | TXN | WITHDRAWAL | SEQ=801372 | CARD=************3456 | AMOUNT=1000.00 | CURRENCY=ETB | STATUS=APPROVED | AUTH=463351
2026-06-05 07:48:06 | ATM-001 | TID001 | TXN | WITHDRAWAL | SEQ=505755 | CARD=************1234 | AMOUNT=500.00 | CURRENCY=ETB | STATUS=APPROVED | AUTH=722171
2026-06-05 07:50:58 | ATM-001 | TID001 | TXN | WITHDRAWAL | SEQ=937380 | CARD=************0123 | AMOUNT=5000.00 | CURRENCY=ETB | STATUS=APPROVED | AUTH=701447
2026-06-05 07:53:51 | ATM-001 | TID001 | TXN | WITHDRAWAL | SEQ=490161 | CARD=************6789 | AMOUNT=500.00 | CURRENCY=ETB | STATUS=DECLINED
2026-06-05 07:56:44 | ATM-001 | TID001 | TXN | WITHDRAWAL | SEQ=119009 | CARD=************1234 | AMOUNT=200.00 | CURRENCY=ETB | STATUS=APPROVED | AUTH=555042
2026-06-05 07:59:37 | ATM-001 | TID001 | TXN | WITHDRAWAL | SEQ=534618 | CARD=************4567 | AMOUNT=200.00 | CURRENCY=ETB | STATUS=APPROVED | AUTH=538494
2026-06-05 08:02:30 | ATM-001 | TID001 | TXN | WITHDRAWAL | SEQ=898956 | CARD=************5678 | AMOUNT=2000.00 | CURRENCY=ETB | STATUS=TIMEOUT
2026-06-05 08:05:22 | ATM-001 | TID001 | TXN | WITHDRAWAL | SEQ=342777 | CARD=************9012 | AMOUNT=5000.00 | CURRENCY=ETB | STATUS=APPROVED | AUTH=587405
2026-06-05 08:08:15 | ATM-001 | TID001 | TXN | WITHDRAWAL | SEQ=643732 | CARD=************9012 | AMOUNT=500.00 | CURRENCY=ETB | STATUS=APPROVED | AUTH=270053
2026-06-05 08:11:08 | ATM-001 | TID001 | TXN | WITHDRAWAL | SEQ=344291 | CARD=************6789 | AMOUNT=200.00 | CURRENCY=ETB | STATUS=APPROVED | AUTH=865564
2026-06-05 08:14:01 | ATM-001 | TID001 | TXN | WITHDRAWAL | SEQ=762321 | CARD=************5678 | AMOUNT=5000.00 | CURRENCY=ETB | STATUS=APPROVED | AUTH=277196
2026-06-05 08:16:54 | ATM-001 | TID001 | TXN | WITHDRAWAL | SEQ=616218 | CARD=************6789 | AMOUNT=5000.00 | CURRENCY=ETB | STATUS=APPROVED | AUTH=331303
2026-06-05 08:19:46 | ATM-001 | TID001 | TXN | WITHDRAWAL | SEQ=799166 | CARD=************4567 | AMOUNT=2000.00 | CURRENCY=ETB | STATUS=APPROVED | AUTH=689937
2026-06-05 08:22:39 | ATM-001 | TID001 | TXN | WITHDRAWAL | SEQ=210409 | CARD=************3456 | AMOUNT=100.00 | CURRENCY=ETB | STATUS=APPROVED | AUTH=417051
2026-06-05 08:25:32 | ATM-001 | TID001 | TXN | WITHDRAWAL | SEQ=915325 | CARD=************9012 | AMOUNT=1000.00 | CURRENCY=ETB | STATUS=APPROVED | AUTH=156960
2026-06-05 08:28:25 | ATM-001 | TID001 | TXN | WITHDRAWAL | SEQ=170534 | CARD=************5678 | AMOUNT=200.00 | CURRENCY=ETB | STATUS=APPROVED | AUTH=418504
2026-06-05 08:31:18 | ATM-001 | TID001 | TXN | WITHDRAWAL | SEQ=305443 | CARD=************8901 | AMOUNT=100.00 | CURRENCY=ETB | STATUS=TIMEOUT
2026-06-05 08:34:10 | ATM-001 | TID001 | TXN | WITHDRAWAL | SEQ=809295 | CARD=************4567 | AMOUNT=500.00 | CURRENCY=ETB | STATUS=APPROVED | AUTH=565551
2026-06-05 08:37:03 | ATM-001 | TID001 | TXN | WITHDRAWAL | SEQ=241121 | CARD=************0123 | AMOUNT=500.00 | CURRENCY=ETB | STATUS=APPROVED | AUTH=334024
2026-06-05 08:39:56 | ATM-001 | TID001 | TXN | WITHDRAWAL | SEQ=664512 | CARD=************8901 | AMOUNT=1000.00 | CURRENCY=ETB | STATUS=DECLINED
2026-06-05 08:42:49 | ATM-001 | TID001 | TXN | WITHDRAWAL | SEQ=633097 | CARD=************5678 | AMOUNT=100.00 | CURRENCY=ETB | STATUS=APPROVED | AUTH=815546
2026-06-05 08:45:42 | ATM-001 | TID001 | TXN | WITHDRAWAL | SEQ=332168 | CARD=************2345 | AMOUNT=100.00 | CURRENCY=ETB | STATUS=APPROVED | AUTH=123396
2026-06-05 08:48:34 | ATM-001 | TID001 | TXN | WITHDRAWAL | SEQ=757343 | CARD=************5678 | AMOUNT=1000.00 | CURRENCY=ETB | STATUS=APPROVED | AUTH=862705
2026-06-05 08:51:27 | ATM-001 | TID001 | TXN | WITHDRAWAL | SEQ=465500 | CARD=************6789 | AMOUNT=500.00 | CURRENCY=ETB | STATUS=APPROVED | AUTH=825519
2026-06-05 08:54:20 | ATM-001 | TID001 | TXN | WITHDRAWAL | SEQ=309498 | CARD=************7890 | AMOUNT=200.00 | CURRENCY=ETB | STATUS=APPROVED | AUTH=262826
2026-06-05 08:57:13 | ATM-001 | TID001 | TXN | WITHDRAWAL | SEQ=752517 | CARD=************4567 | AMOUNT=1000.00 | CURRENCY=ETB | STATUS=APPROVED | AUTH=757174
2026-06-05 09:00:06 | ATM-001 | TID001 | TXN | WITHDRAWAL | SEQ=766835 | CARD=************0123 | AMOUNT=500.00 | CURRENCY=ETB | STATUS=TIMEOUT
2026-06-05 09:02:58 | ATM-001 | TID001 | TXN | WITHDRAWAL | SEQ=373500 | CARD=************0123 | AMOUNT=500.00 | CURRENCY=ETB | STATUS=APPROVED | AUTH=151526
2026-06-05 09:05:51 | ATM-001 | TID001 | TXN | WITHDRAWAL | SEQ=311924 | CARD=************8901 | AMOUNT=5000.00 | CURRENCY=ETB | STATUS=APPROVED | AUTH=835649
2026-06-05 09:08:44 | ATM-001 | TID001 | TXN | WITHDRAWAL | SEQ=279484 | CARD=************8901 | AMOUNT=5000.00 | CURRENCY=ETB | STATUS=TIMEOUT
2026-06-05 09:11:37 | ATM-001 | TID001 | TXN | WITHDRAWAL | SEQ=371000 | CARD=************1234 | AMOUNT=2000.00 | CURRENCY=ETB | STATUS=DECLINED
2026-06-05 09:14:30 | ATM-001 | TID001 | TXN | WITHDRAWAL | SEQ=547323 | CARD=************3456 | AMOUNT=100.00 | CURRENCY=ETB | STATUS=APPROVED | AUTH=171125
2026-06-05 09:17:22 | ATM-001 | TID001 | TXN | WITHDRAWAL | SEQ=917749 | CARD=************8901 | AMOUNT=2000.00 | CURRENCY=ETB | STATUS=APPROVED | AUTH=879404
2026-06-05 09:20:15 | ATM-001 | TID001 | TXN | WITHDRAWAL | SEQ=129878 | CARD=************1234 | AMOUNT=100.00 | CURRENCY=ETB | STATUS=APPROVED | AUTH=969207
2026-06-05 09:23:08 | ATM-001 | TID001 | TXN | WITHDRAWAL | SEQ=319992 | CARD=************1234 | AMOUNT=500.00 | CURRENCY=ETB | STATUS=APPROVED | AUTH=202893
2026-06-05 09:26:01 | ATM-001 | TID001 | TXN | WITHDRAWAL | SEQ=313779 | CARD=************6789 | AMOUNT=1000.00 | CURRENCY=ETB | STATUS=DECLINED
2026-06-05 09:28:54 | ATM-001 | TID001 | TXN | WITHDRAWAL | SEQ=241270 | CARD=************6789 | AMOUNT=1000.00 | CURRENCY=ETB | STATUS=APPROVED | AUTH=809028
2026-06-05 09:31:46 | ATM-001 | TID001 | TXN | WITHDRAWAL | SEQ=755454 | CARD=************1234 | AMOUNT=500.00 | CURRENCY=ETB | STATUS=APPROVED | AUTH=496330
2026-06-05 09:34:39 | ATM-001 | TID001 | TXN | WITHDRAWAL | SEQ=344158 | CARD=************4567 | AMOUNT=5000.00 | CURRENCY=ETB | STATUS=APPROVED | AUTH=710246
2026-06-05 09:37:32 | ATM-001 | TID001 | TXN | WITHDRAWAL | SEQ=593772 | CARD=************0123 | AMOUNT=5000.00 | CURRENCY=ETB | STATUS=APPROVED | AUTH=127302
2026-06-05 09:40:25 | ATM-001 | TID001 | TXN | WITHDRAWAL | SEQ=627918 | CARD=************8901 | AMOUNT=1000.00 | CURRENCY=ETB | STATUS=APPROVED | AUTH=290355
2026-06-05 09:43:18 | ATM-001 | TID001 | TXN | WITHDRAWAL | SEQ=389175 | CARD=************2345 | AMOUNT=2000.00 | CURRENCY=ETB | STATUS=APPROVED | AUTH=387342
2026-06-05 09:46:10 | ATM-001 | TID001 | TXN | WITHDRAWAL | SEQ=823183 | CARD=************6789 | AMOUNT=2000.00 | CURRENCY=ETB | STATUS=APPROVED | AUTH=335733
2026-06-05 09:49:03 | ATM-001 | TID001 | TXN | WITHDRAWAL | SEQ=415020 | CARD=************5678 | AMOUNT=500.00 | CURRENCY=ETB | STATUS=APPROVED | AUTH=207478
2026-06-05 09:51:56 | ATM-001 | TID001 | TXN | WITHDRAWAL | SEQ=601571 | CARD=************9012 | AMOUNT=200.00 | CURRENCY=ETB | STATUS=APPROVED | AUTH=960390
2026-06-05 09:54:49 | ATM-001 | TID001 | TXN | WITHDRAWAL | SEQ=850061 | CARD=************3456 | AMOUNT=2000.00 | CURRENCY=ETB | STATUS=APPROVED | AUTH=601781
2026-06-05 09:57:42 | ATM-001 | TID001 | TXN | WITHDRAWAL | SEQ=420395 | CARD=************0123 | AMOUNT=5000.00 | CURRENCY=ETB | STATUS=DECLINED
2026-06-05 10:00:34 | ATM-001 | TID001 | TXN | WITHDRAWAL | SEQ=273625 | CARD=************8901 | AMOUNT=200.00 | CURRENCY=ETB | STATUS=DECLINED
2026-06-05 10:03:27 | ATM-001 | TID001 | TXN | WITHDRAWAL | SEQ=862674 | CARD=************8901 | AMOUNT=2000.00 | CURRENCY=ETB | STATUS=APPROVED | AUTH=269013
2026-06-05 10:06:20 | ATM-001 | TID001 | TXN | WITHDRAWAL | SEQ=232849 | CARD=************3456 | AMOUNT=2000.00 | CURRENCY=ETB | STATUS=APPROVED | AUTH=354579
2026-06-05 10:09:13 | ATM-001 | TID001 | TXN | WITHDRAWAL | SEQ=828672 | CARD=************0123 | AMOUNT=2000.00 | CURRENCY=ETB | STATUS=APPROVED | AUTH=639195
2026-06-05 10:12:06 | ATM-001 | TID001 | TXN | WITHDRAWAL | SEQ=784352 | CARD=************4567 | AMOUNT=100.00 | CURRENCY=ETB | STATUS=APPROVED | AUTH=211611
2026-06-05 10:14:58 | ATM-001 | TID001 | TXN | WITHDRAWAL | SEQ=270260 | CARD=************2345 | AMOUNT=2000.00 | CURRENCY=ETB | STATUS=APPROVED | AUTH=945234
2026-06-05 10:17:51 | ATM-001 | TID001 | TXN | WITHDRAWAL | SEQ=172256 | CARD=************2345 | AMOUNT=500.00 | CURRENCY=ETB | STATUS=APPROVED | AUTH=867846
2026-06-05 10:20:44 | ATM-001 | TID001 | TXN | WITHDRAWAL | SEQ=859728 | CARD=************9012 | AMOUNT=5000.00 | CURRENCY=ETB | STATUS=APPROVED | AUTH=989532
2026-06-05 10:23:37 | ATM-001 | TID001 | TXN | WITHDRAWAL | SEQ=642258 | CARD=************1234 | AMOUNT=2000.00 | CURRENCY=ETB | STATUS=APPROVED | AUTH=189978
2026-06-05 10:26:30 | ATM-001 | TID001 | TXN | WITHDRAWAL | SEQ=371850 | CARD=************4567 | AMOUNT=1000.00 | CURRENCY=ETB | STATUS=APPROVED | AUTH=246014
2026-06-05 10:29:22 | ATM-001 | TID001 | TXN | WITHDRAWAL | SEQ=157438 | CARD=************7890 | AMOUNT=200.00 | CURRENCY=ETB | STATUS=APPROVED | AUTH=969519
2026-06-05 10:32:15 | ATM-001 | TID001 | TXN | WITHDRAWAL | SEQ=508955 | CARD=************7890 | AMOUNT=200.00 | CURRENCY=ETB | STATUS=APPROVED | AUTH=835286
2026-06-05 10:35:08 | ATM-001 | TID001 | TXN | WITHDRAWAL | SEQ=920618 | CARD=************0123 | AMOUNT=200.00 | CURRENCY=ETB | STATUS=APPROVED | AUTH=183772
2026-06-05 10:38:01 | ATM-001 | TID001 | TXN | WITHDRAWAL | SEQ=482856 | CARD=************1234 | AMOUNT=2000.00 | CURRENCY=ETB | STATUS=APPROVED | AUTH=485613
2026-06-05 10:40:54 | ATM-001 | TID001 | TXN | WITHDRAWAL | SEQ=674034 | CARD=************5678 | AMOUNT=2000.00 | CURRENCY=ETB | STATUS=APPROVED | AUTH=208769
2026-06-05 10:43:46 | ATM-001 | TID001 | TXN | WITHDRAWAL | SEQ=203410 | CARD=************6789 | AMOUNT=200.00 | CURRENCY=ETB | STATUS=APPROVED | AUTH=473581
2026-06-05 10:46:39 | ATM-001 | TID001 | TXN | WITHDRAWAL | SEQ=324678 | CARD=************6789 | AMOUNT=5000.00 | CURRENCY=ETB | STATUS=TIMEOUT
2026-06-05 10:49:32 | ATM-001 | TID001 | TXN | WITHDRAWAL | SEQ=560571 | CARD=************1234 | AMOUNT=1000.00 | CURRENCY=ETB | STATUS=TIMEOUT
2026-06-05 10:52:25 | ATM-001 | TID001 | TXN | WITHDRAWAL | SEQ=251771 | CARD=************2345 | AMOUNT=100.00 | CURRENCY=ETB | STATUS=APPROVED | AUTH=311964
2026-06-05 10:55:18 | ATM-001 | TID001 | TXN | WITHDRAWAL | SEQ=327483 | CARD=************3456 | AMOUNT=1000.00 | CURRENCY=ETB | STATUS=APPROVED | AUTH=863177
2026-06-05 10:58:10 | ATM-001 | TID001 | TXN | WITHDRAWAL | SEQ=118433 | CARD=************5678 | AMOUNT=500.00 | CURRENCY=ETB | STATUS=APPROVED | AUTH=178302
2026-06-05 11:01:03 | ATM-001 | TID001 | TXN | WITHDRAWAL | SEQ=321817 | CARD=************5678 | AMOUNT=1000.00 | CURRENCY=ETB | STATUS=APPROVED | AUTH=231990
2026-06-05 11:03:56 | ATM-001 | TID001 | TXN | WITHDRAWAL | SEQ=619520 | CARD=************5678 | AMOUNT=5000.00 | CURRENCY=ETB | STATUS=APPROVED | AUTH=917327
2026-06-05 11:06:49 | ATM-001 | TID001 | TXN | WITHDRAWAL | SEQ=740681 | CARD=************2345 | AMOUNT=5000.00 | CURRENCY=ETB | STATUS=APPROVED | AUTH=864038
2026-06-05 11:09:42 | ATM-001 | TID001 | TXN | WITHDRAWAL | SEQ=906348 | CARD=************0123 | AMOUNT=1000.00 | CURRENCY=ETB | STATUS=TIMEOUT
2026-06-05 11:12:34 | ATM-001 | TID001 | TXN | WITHDRAWAL | SEQ=741243 | CARD=************8901 | AMOUNT=200.00 | CURRENCY=ETB | STATUS=APPROVED | AUTH=676875
2026-06-05 11:15:27 | ATM-001 | TID001 | TXN | WITHDRAWAL | SEQ=636139 | CARD=************0123 | AMOUNT=200.00 | CURRENCY=ETB | STATUS=APPROVED | AUTH=844032
2026-06-05 11:18:20 | ATM-001 | TID001 | TXN | WITHDRAWAL | SEQ=655041 | CARD=************9012 | AMOUNT=500.00 | CURRENCY=ETB | STATUS=APPROVED | AUTH=138644
2026-06-05 11:21:13 | ATM-001 | TID001 | TXN | WITHDRAWAL | SEQ=302686 | CARD=************0123 | AMOUNT=5000.00 | CURRENCY=ETB | STATUS=APPROVED | AUTH=496529
2026-06-05 11:24:06 | ATM-001 | TID001 | TXN | WITHDRAWAL | SEQ=534159 | CARD=************6789 | AMOUNT=5000.00 | CURRENCY=ETB | STATUS=APPROVED | AUTH=893623
2026-06-05 11:26:58 | ATM-001 | TID001 | TXN | WITHDRAWAL | SEQ=310228 | CARD=************1234 | AMOUNT=2000.00 | CURRENCY=ETB | STATUS=APPROVED | AUTH=454250
2026-06-05 11:29:51 | ATM-001 | TID001 | TXN | WITHDRAWAL | SEQ=653021 | CARD=************7890 | AMOUNT=200.00 | CURRENCY=ETB | STATUS=APPROVED | AUTH=621414
2026-06-05 11:32:44 | ATM-001 | TID001 | TXN | WITHDRAWAL | SEQ=170984 | CARD=************7890 | AMOUNT=200.00 | CURRENCY=ETB | STATUS=APPROVED | AUTH=508687
2026-06-05 11:35:37 | ATM-001 | TID001 | TXN | WITHDRAWAL | SEQ=955333 | CARD=************9012 | AMOUNT=2000.00 | CURRENCY=ETB | STATUS=APPROVED | AUTH=961659
2026-06-05 11:38:30 | ATM-001 | TID001 | TXN | WITHDRAWAL | SEQ=931973 | CARD=************9012 | AMOUNT=100.00 | CURRENCY=ETB | STATUS=APPROVED | AUTH=454540
2026-06-05 11:41:22 | ATM-001 | TID001 | TXN | WITHDRAWAL | SEQ=913574 | CARD=************3456 | AMOUNT=1000.00 | CURRENCY=ETB | STATUS=APPROVED | AUTH=784052
2026-06-05 11:44:15 | ATM-001 | TID001 | TXN | WITHDRAWAL | SEQ=907798 | CARD=************6789 | AMOUNT=1000.00 | CURRENCY=ETB | STATUS=APPROVED | AUTH=202502
2026-06-05 11:47:08 | ATM-001 | TID001 | TXN | WITHDRAWAL | SEQ=805751 | CARD=************1234 | AMOUNT=100.00 | CURRENCY=ETB | STATUS=APPROVED | AUTH=616220
2026-06-05 11:50:01 | ATM-001 | TID001 | TXN | WITHDRAWAL | SEQ=989035 | CARD=************4567 | AMOUNT=500.00 | CURRENCY=ETB | STATUS=APPROVED | AUTH=243166
2026-06-05 11:52:54 | ATM-001 | TID001 | TXN | WITHDRAWAL | SEQ=769784 | CARD=************8901 | AMOUNT=1000.00 | CURRENCY=ETB | STATUS=TIMEOUT
2026-06-05 11:55:46 | ATM-001 | TID001 | TXN | WITHDRAWAL | SEQ=961175 | CARD=************0123 | AMOUNT=5000.00 | CURRENCY=ETB | STATUS=DECLINED
2026-06-05 11:58:39 | ATM-001 | TID001 | TXN | WITHDRAWAL | SEQ=550466 | CARD=************6789 | AMOUNT=2000.00 | CURRENCY=ETB | STATUS=APPROVED | AUTH=504608
2026-06-05 12:01:32 | ATM-001 | TID001 | TXN | WITHDRAWAL | SEQ=896482 | CARD=************1234 | AMOUNT=1000.00 | CURRENCY=ETB | STATUS=APPROVED | AUTH=729912
2026-06-05 12:04:25 | ATM-001 | TID001 | TXN | WITHDRAWAL | SEQ=218598 | CARD=************2345 | AMOUNT=1000.00 | CURRENCY=ETB | STATUS=APPROVED | AUTH=409463
2026-06-05 12:07:18 | ATM-001 | TID001 | TXN | WITHDRAWAL | SEQ=935190 | CARD=************9012 | AMOUNT=2000.00 | CURRENCY=ETB | STATUS=DECLINED
2026-06-05 12:10:10 | ATM-001 | TID001 | TXN | WITHDRAWAL | SEQ=331437 | CARD=************2345 | AMOUNT=500.00 | CURRENCY=ETB | STATUS=APPROVED | AUTH=781242
2026-06-05 12:13:03 | ATM-001 | TID001 | TXN | WITHDRAWAL | SEQ=267641 | CARD=************3456 | AMOUNT=5000.00 | CURRENCY=ETB | STATUS=APPROVED | AUTH=934921
2026-06-05 12:15:56 | ATM-001 | TID001 | TXN | WITHDRAWAL | SEQ=344837 | CARD=************5678 | AMOUNT=200.00 | CURRENCY=ETB | STATUS=APPROVED | AUTH=513417
2026-06-05 12:18:49 | ATM-001 | TID001 | TXN | WITHDRAWAL | SEQ=585313 | CARD=************8901 | AMOUNT=2000.00 | CURRENCY=ETB | STATUS=APPROVED | AUTH=451178
2026-06-05 12:21:42 | ATM-001 | TID001 | TXN | WITHDRAWAL | SEQ=958735 | CARD=************8901 | AMOUNT=2000.00 | CURRENCY=ETB | STATUS=APPROVED | AUTH=848213
2026-06-05 12:24:34 | ATM-001 | TID001 | TXN | WITHDRAWAL | SEQ=548638 | CARD=************0123 | AMOUNT=100.00 | CURRENCY=ETB | STATUS=APPROVED | AUTH=965601
2026-06-05 12:27:27 | ATM-001 | TID001 | TXN | WITHDRAWAL | SEQ=719311 | CARD=************0123 | AMOUNT=1000.00 | CURRENCY=ETB | STATUS=APPROVED | AUTH=534370
2026-06-05 12:30:20 | ATM-001 | TID001 | TXN | WITHDRAWAL | SEQ=467140 | CARD=************2345 | AMOUNT=2000.00 | CURRENCY=ETB | STATUS=APPROVED | AUTH=579403
2026-06-05 12:33:13 | ATM-001 | TID001 | TXN | WITHDRAWAL | SEQ=510879 | CARD=************7890 | AMOUNT=5000.00 | CURRENCY=ETB | STATUS=APPROVED | AUTH=339443
2026-06-05 12:36:06 | ATM-001 | TID001 | TXN | WITHDRAWAL | SEQ=962293 | CARD=************7890 | AMOUNT=1000.00 | CURRENCY=ETB | STATUS=APPROVED | AUTH=118861
2026-06-05 12:38:58 | ATM-001 | TID001 | TXN | WITHDRAWAL | SEQ=189388 | CARD=************8901 | AMOUNT=5000.00 | CURRENCY=ETB | STATUS=APPROVED | AUTH=318679
2026-06-05 12:41:51 | ATM-001 | TID001 | TXN | WITHDRAWAL | SEQ=793009 | CARD=************5678 | AMOUNT=200.00 | CURRENCY=ETB | STATUS=APPROVED | AUTH=501624
2026-06-05 12:44:44 | ATM-001 | TID001 | TXN | WITHDRAWAL | SEQ=859263 | CARD=************1234 | AMOUNT=1000.00 | CURRENCY=ETB | STATUS=APPROVED | AUTH=654414
2026-06-05 12:47:37 | ATM-001 | TID001 | TXN | WITHDRAWAL | SEQ=941423 | CARD=************6789 | AMOUNT=200.00 | CURRENCY=ETB | STATUS=APPROVED | AUTH=859765
2026-06-05 12:50:30 | ATM-001 | TID001 | TXN | WITHDRAWAL | SEQ=487178 | CARD=************3456 | AMOUNT=100.00 | CURRENCY=ETB | STATUS=APPROVED | AUTH=603201
2026-06-05 12:53:22 | ATM-001 | TID001 | TXN | WITHDRAWAL | SEQ=490753 | CARD=************6789 | AMOUNT=500.00 | CURRENCY=ETB | STATUS=APPROVED | AUTH=724721
2026-06-05 12:56:15 | ATM-001 | TID001 | TXN | WITHDRAWAL | SEQ=964403 | CARD=************2345 | AMOUNT=5000.00 | CURRENCY=ETB | STATUS=APPROVED | AUTH=170884
2026-06-05 12:59:08 | ATM-001 | TID001 | TXN | WITHDRAWAL | SEQ=237474 | CARD=************8901 | AMOUNT=200.00 | CURRENCY=ETB | STATUS=TIMEOUT
2026-06-05 13:02:01 | ATM-001 | TID001 | TXN | WITHDRAWAL | SEQ=360347 | CARD=************4567 | AMOUNT=100.00 | CURRENCY=ETB | STATUS=DECLINED
2026-06-05 13:04:54 | ATM-001 | TID001 | TXN | WITHDRAWAL | SEQ=641656 | CARD=************7890 | AMOUNT=1000.00 | CURRENCY=ETB | STATUS=APPROVED | AUTH=579667
2026-06-05 13:07:46 | ATM-001 | TID001 | TXN | WITHDRAWAL | SEQ=726972 | CARD=************8901 | AMOUNT=200.00 | CURRENCY=ETB | STATUS=APPROVED | AUTH=651497
2026-06-05 13:10:39 | ATM-001 | TID001 | TXN | WITHDRAWAL | SEQ=328965 | CARD=************3456 | AMOUNT=200.00 | CURRENCY=ETB | STATUS=APPROVED | AUTH=964090
2026-06-05 13:13:32 | ATM-001 | TID001 | TXN | WITHDRAWAL | SEQ=655610 | CARD=************6789 | AMOUNT=2000.00 | CURRENCY=ETB | STATUS=DECLINED
2026-06-05 13:16:25 | ATM-001 | TID001 | TXN | WITHDRAWAL | SEQ=856894 | CARD=************7890 | AMOUNT=100.00 | CURRENCY=ETB | STATUS=APPROVED | AUTH=821621
2026-06-05 13:19:18 | ATM-001 | TID001 | TXN | WITHDRAWAL | SEQ=307564 | CARD=************8901 | AMOUNT=5000.00 | CURRENCY=ETB | STATUS=APPROVED | AUTH=150977
2026-06-05 13:22:10 | ATM-001 | TID001 | TXN | WITHDRAWAL | SEQ=258263 | CARD=************7890 | AMOUNT=1000.00 | CURRENCY=ETB | STATUS=APPROVED | AUTH=660137
2026-06-05 13:25:03 | ATM-001 | TID001 | TXN | WITHDRAWAL | SEQ=556108 | CARD=************1234 | AMOUNT=5000.00 | CURRENCY=ETB | STATUS=APPROVED | AUTH=436286
2026-06-05 13:27:56 | ATM-001 | TID001 | TXN | WITHDRAWAL | SEQ=723516 | CARD=************9012 | AMOUNT=500.00 | CURRENCY=ETB | STATUS=APPROVED | AUTH=456732
2026-06-05 13:30:49 | ATM-001 | TID001 | TXN | WITHDRAWAL | SEQ=263932 | CARD=************3456 | AMOUNT=100.00 | CURRENCY=ETB | STATUS=APPROVED | AUTH=367912
2026-06-05 13:33:42 | ATM-001 | TID001 | TXN | WITHDRAWAL | SEQ=904766 | CARD=************6789 | AMOUNT=500.00 | CURRENCY=ETB | STATUS=APPROVED | AUTH=957328
2026-06-05 13:36:34 | ATM-001 | TID001 | TXN | WITHDRAWAL | SEQ=452805 | CARD=************6789 | AMOUNT=5000.00 | CURRENCY=ETB | STATUS=TIMEOUT
2026-06-05 13:39:27 | ATM-001 | TID001 | TXN | WITHDRAWAL | SEQ=933642 | CARD=************3456 | AMOUNT=100.00 | CURRENCY=ETB | STATUS=APPROVED | AUTH=474690
2026-06-05 13:42:20 | ATM-001 | TID001 | TXN | WITHDRAWAL | SEQ=310042 | CARD=************9012 | AMOUNT=500.00 | CURRENCY=ETB | STATUS=APPROVED | AUTH=302730
2026-06-05 13:45:13 | ATM-001 | TID001 | TXN | WITHDRAWAL | SEQ=558245 | CARD=************7890 | AMOUNT=200.00 | CURRENCY=ETB | STATUS=APPROVED | AUTH=405679
2026-06-05 13:48:06 | ATM-001 | TID001 | TXN | WITHDRAWAL | SEQ=562794 | CARD=************7890 | AMOUNT=5000.00 | CURRENCY=ETB | STATUS=APPROVED | AUTH=154581
2026-06-05 13:50:58 | ATM-001 | TID001 | TXN | WITHDRAWAL | SEQ=511337 | CARD=************4567 | AMOUNT=5000.00 | CURRENCY=ETB | STATUS=APPROVED | AUTH=329359
2026-06-05 13:53:51 | ATM-001 | TID001 | TXN | WITHDRAWAL | SEQ=460467 | CARD=************8901 | AMOUNT=5000.00 | CURRENCY=ETB | STATUS=APPROVED | AUTH=723267
2026-06-05 13:56:44 | ATM-001 | TID001 | TXN | WITHDRAWAL | SEQ=616156 | CARD=************1234 | AMOUNT=1000.00 | CURRENCY=ETB | STATUS=APPROVED | AUTH=514763
2026-06-05 13:59:37 | ATM-001 | TID001 | TXN | WITHDRAWAL | SEQ=952537 | CARD=************8901 | AMOUNT=100.00 | CURRENCY=ETB | STATUS=APPROVED | AUTH=960570
2026-06-05 14:02:30 | ATM-001 | TID001 | TXN | WITHDRAWAL | SEQ=654203 | CARD=************4567 | AMOUNT=2000.00 | CURRENCY=ETB | STATUS=APPROVED | AUTH=947023
2026-06-05 14:05:22 | ATM-001 | TID001 | TXN | WITHDRAWAL | SEQ=453408 | CARD=************7890 | AMOUNT=2000.00 | CURRENCY=ETB | STATUS=APPROVED | AUTH=907865
2026-06-05 14:08:15 | ATM-001 | TID001 | TXN | WITHDRAWAL | SEQ=803556 | CARD=************9012 | AMOUNT=1000.00 | CURRENCY=ETB | STATUS=APPROVED | AUTH=102901
2026-06-05 14:11:08 | ATM-001 | TID001 | TXN | WITHDRAWAL | SEQ=212398 | CARD=************3456 | AMOUNT=1000.00 | CURRENCY=ETB | STATUS=APPROVED | AUTH=102893
2026-06-05 14:14:01 | ATM-001 | TID001 | TXN | WITHDRAWAL | SEQ=569038 | CARD=************7890 | AMOUNT=500.00 | CURRENCY=ETB | STATUS=APPROVED | AUTH=996582
2026-06-05 14:16:54 | ATM-001 | TID001 | TXN | WITHDRAWAL | SEQ=951210 | CARD=************8901 | AMOUNT=100.00 | CURRENCY=ETB | STATUS=APPROVED | AUTH=115704
2026-06-05 14:19:46 | ATM-001 | TID001 | TXN | WITHDRAWAL | SEQ=912825 | CARD=************3456 | AMOUNT=2000.00 | CURRENCY=ETB | STATUS=APPROVED | AUTH=454454
2026-06-05 14:22:39 | ATM-001 | TID001 | TXN | WITHDRAWAL | SEQ=723252 | CARD=************5678 | AMOUNT=200.00 | CURRENCY=ETB | STATUS=APPROVED | AUTH=653493
2026-06-05 14:25:32 | ATM-001 | TID001 | TXN | WITHDRAWAL | SEQ=976342 | CARD=************7890 | AMOUNT=1000.00 | CURRENCY=ETB | STATUS=APPROVED | AUTH=956619
2026-06-05 14:28:25 | ATM-001 | TID001 | TXN | WITHDRAWAL | SEQ=950551 | CARD=************1234 | AMOUNT=5000.00 | CURRENCY=ETB | STATUS=APPROVED | AUTH=508013
2026-06-05 14:31:18 | ATM-001 | TID001 | TXN | WITHDRAWAL | SEQ=236534 | CARD=************1234 | AMOUNT=5000.00 | CURRENCY=ETB | STATUS=APPROVED | AUTH=873227
2026-06-05 14:34:10 | ATM-001 | TID001 | TXN | WITHDRAWAL | SEQ=137561 | CARD=************3456 | AMOUNT=500.00 | CURRENCY=ETB | STATUS=APPROVED | AUTH=779473
2026-06-05 14:37:03 | ATM-001 | TID001 | TXN | WITHDRAWAL | SEQ=169855 | CARD=************9012 | AMOUNT=2000.00 | CURRENCY=ETB | STATUS=APPROVED | AUTH=336007
2026-06-05 14:39:56 | ATM-001 | TID001 | TXN | WITHDRAWAL | SEQ=287418 | CARD=************2345 | AMOUNT=1000.00 | CURRENCY=ETB | STATUS=APPROVED | AUTH=373961
2026-06-05 14:42:49 | ATM-001 | TID001 | TXN | WITHDRAWAL | SEQ=505619 | CARD=************0123 | AMOUNT=500.00 | CURRENCY=ETB | STATUS=APPROVED | AUTH=372426
2026-06-05 14:45:42 | ATM-001 | TID001 | TXN | WITHDRAWAL | SEQ=512613 | CARD=************7890 | AMOUNT=1000.00 | CURRENCY=ETB | STATUS=APPROVED | AUTH=885167
2026-06-05 14:48:34 | ATM-001 | TID001 | TXN | WITHDRAWAL | SEQ=182689 | CARD=************1234 | AMOUNT=100.00 | CURRENCY=ETB | STATUS=DECLINED
2026-06-05 14:51:27 | ATM-001 | TID001 | TXN | WITHDRAWAL | SEQ=819313 | CARD=************7890 | AMOUNT=5000.00 | CURRENCY=ETB | STATUS=APPROVED | AUTH=505395
2026-06-05 14:54:20 | ATM-001 | TID001 | TXN | WITHDRAWAL | SEQ=631778 | CARD=************2345 | AMOUNT=500.00 | CURRENCY=ETB | STATUS=APPROVED | AUTH=780785
2026-06-05 14:57:13 | ATM-001 | TID001 | TXN | WITHDRAWAL | SEQ=959508 | CARD=************0123 | AMOUNT=5000.00 | CURRENCY=ETB | STATUS=APPROVED | AUTH=875203
2026-06-05 15:00:06 | ATM-001 | TID001 | TXN | WITHDRAWAL | SEQ=932505 | CARD=************8901 | AMOUNT=2000.00 | CURRENCY=ETB | STATUS=APPROVED | AUTH=845809
2026-06-05 15:02:58 | ATM-001 | TID001 | TXN | WITHDRAWAL | SEQ=931036 | CARD=************8901 | AMOUNT=5000.00 | CURRENCY=ETB | STATUS=APPROVED | AUTH=732775
2026-06-05 15:05:51 | ATM-001 | TID001 | TXN | WITHDRAWAL | SEQ=499351 | CARD=************9012 | AMOUNT=5000.00 | CURRENCY=ETB | STATUS=DECLINED
2026-06-05 15:08:44 | ATM-001 | TID001 | TXN | WITHDRAWAL | SEQ=633430 | CARD=************2345 | AMOUNT=100.00 | CURRENCY=ETB | STATUS=APPROVED | AUTH=621411
2026-06-05 15:11:37 | ATM-001 | TID001 | TXN | WITHDRAWAL | SEQ=724224 | CARD=************1234 | AMOUNT=100.00 | CURRENCY=ETB | STATUS=APPROVED | AUTH=407381
2026-06-05 15:14:30 | ATM-001 | TID001 | TXN | WITHDRAWAL | SEQ=102382 | CARD=************8901 | AMOUNT=2000.00 | CURRENCY=ETB | STATUS=APPROVED | AUTH=569183
2026-06-05 15:17:22 | ATM-001 | TID001 | TXN | WITHDRAWAL | SEQ=397879 | CARD=************4567 | AMOUNT=5000.00 | CURRENCY=ETB | STATUS=APPROVED | AUTH=658048
2026-06-05 15:20:15 | ATM-001 | TID001 | TXN | WITHDRAWAL | SEQ=817186 | CARD=************9012 | AMOUNT=1000.00 | CURRENCY=ETB | STATUS=APPROVED | AUTH=843913
2026-06-05 15:23:08 | ATM-001 | TID001 | TXN | WITHDRAWAL | SEQ=882714 | CARD=************8901 | AMOUNT=2000.00 | CURRENCY=ETB | STATUS=APPROVED | AUTH=548310
2026-06-05 15:26:01 | ATM-001 | TID001 | TXN | WITHDRAWAL | SEQ=716781 | CARD=************9012 | AMOUNT=100.00 | CURRENCY=ETB | STATUS=APPROVED | AUTH=917346
2026-06-05 15:28:54 | ATM-001 | TID001 | TXN | WITHDRAWAL | SEQ=856709 | CARD=************6789 | AMOUNT=2000.00 | CURRENCY=ETB | STATUS=APPROVED | AUTH=139189
2026-06-05 15:31:46 | ATM-001 | TID001 | TXN | WITHDRAWAL | SEQ=615258 | CARD=************5678 | AMOUNT=200.00 | CURRENCY=ETB | STATUS=APPROVED | AUTH=318213
2026-06-05 15:34:39 | ATM-001 | TID001 | TXN | WITHDRAWAL | SEQ=823560 | CARD=************5678 | AMOUNT=500.00 | CURRENCY=ETB | STATUS=APPROVED | AUTH=258451
2026-06-05 15:37:32 | ATM-001 | TID001 | TXN | WITHDRAWAL | SEQ=639863 | CARD=************8901 | AMOUNT=2000.00 | CURRENCY=ETB | STATUS=DECLINED
2026-06-05 15:40:25 | ATM-001 | TID001 | TXN | WITHDRAWAL | SEQ=624778 | CARD=************8901 | AMOUNT=200.00 | CURRENCY=ETB | STATUS=APPROVED | AUTH=923847
2026-06-05 15:43:18 | ATM-001 | TID001 | TXN | WITHDRAWAL | SEQ=192595 | CARD=************1234 | AMOUNT=100.00 | CURRENCY=ETB | STATUS=APPROVED | AUTH=902983
2026-06-05 15:46:10 | ATM-001 | TID001 | TXN | WITHDRAWAL | SEQ=482988 | CARD=************7890 | AMOUNT=2000.00 | CURRENCY=ETB | STATUS=APPROVED | AUTH=428218
2026-06-05 15:49:03 | ATM-001 | TID001 | TXN | WITHDRAWAL | SEQ=667907 | CARD=************4567 | AMOUNT=2000.00 | CURRENCY=ETB | STATUS=APPROVED | AUTH=288955
2026-06-05 15:51:56 | ATM-001 | TID001 | TXN | WITHDRAWAL | SEQ=460425 | CARD=************4567 | AMOUNT=500.00 | CURRENCY=ETB | STATUS=APPROVED | AUTH=582170
2026-06-05 15:54:49 | ATM-001 | TID001 | TXN | WITHDRAWAL | SEQ=618097 | CARD=************0123 | AMOUNT=2000.00 | CURRENCY=ETB | STATUS=APPROVED | AUTH=857840
2026-06-05 15:57:42 | ATM-001 | TID001 | TXN | WITHDRAWAL | SEQ=796035 | CARD=************0123 | AMOUNT=2000.00 | CURRENCY=ETB | STATUS=APPROVED | AUTH=406629
2026-06-05 16:00:34 | ATM-001 | TID001 | TXN | WITHDRAWAL | SEQ=586853 | CARD=************5678 | AMOUNT=500.00 | CURRENCY=ETB | STATUS=APPROVED | AUTH=725710
2026-06-05 16:03:27 | ATM-001 | TID001 | TXN | WITHDRAWAL | SEQ=983351 | CARD=************6789 | AMOUNT=100.00 | CURRENCY=ETB | STATUS=APPROVED | AUTH=317206
2026-06-05 16:06:20 | ATM-001 | TID001 | TXN | WITHDRAWAL | SEQ=573570 | CARD=************4567 | AMOUNT=1000.00 | CURRENCY=ETB | STATUS=TIMEOUT
2026-06-05 16:09:13 | ATM-001 | TID001 | TXN | WITHDRAWAL | SEQ=419434 | CARD=************0123 | AMOUNT=5000.00 | CURRENCY=ETB | STATUS=APPROVED | AUTH=749174
2026-06-05 16:12:06 | ATM-001 | TID001 | TXN | WITHDRAWAL | SEQ=215754 | CARD=************3456 | AMOUNT=500.00 | CURRENCY=ETB | STATUS=APPROVED | AUTH=392337
2026-06-05 16:14:58 | ATM-001 | TID001 | TXN | WITHDRAWAL | SEQ=183396 | CARD=************0123 | AMOUNT=200.00 | CURRENCY=ETB | STATUS=APPROVED | AUTH=147122
2026-06-05 16:17:51 | ATM-001 | TID001 | TXN | WITHDRAWAL | SEQ=992129 | CARD=************7890 | AMOUNT=500.00 | CURRENCY=ETB | STATUS=APPROVED | AUTH=521756
2026-06-05 16:20:44 | ATM-001 | TID001 | TXN | WITHDRAWAL | SEQ=988262 | CARD=************6789 | AMOUNT=1000.00 | CURRENCY=ETB | STATUS=TIMEOUT
2026-06-05 16:23:37 | ATM-001 | TID001 | TXN | WITHDRAWAL | SEQ=809993 | CARD=************7890 | AMOUNT=1000.00 | CURRENCY=ETB | STATUS=APPROVED | AUTH=194789
2026-06-05 16:26:30 | ATM-001 | TID001 | TXN | WITHDRAWAL | SEQ=869944 | CARD=************6789 | AMOUNT=2000.00 | CURRENCY=ETB | STATUS=DECLINED
2026-06-05 16:29:22 | ATM-001 | TID001 | TXN | WITHDRAWAL | SEQ=920283 | CARD=************6789 | AMOUNT=200.00 | CURRENCY=ETB | STATUS=APPROVED | AUTH=181291
2026-06-05 16:32:15 | ATM-001 | TID001 | TXN | WITHDRAWAL | SEQ=122884 | CARD=************2345 | AMOUNT=100.00 | CURRENCY=ETB | STATUS=APPROVED | AUTH=504618
2026-06-05 16:35:08 | ATM-001 | TID001 | TXN | WITHDRAWAL | SEQ=542776 | CARD=************8901 | AMOUNT=2000.00 | CURRENCY=ETB | STATUS=APPROVED | AUTH=313910
2026-06-05 16:38:01 | ATM-001 | TID001 | TXN | WITHDRAWAL | SEQ=337806 | CARD=************9012 | AMOUNT=200.00 | CURRENCY=ETB | STATUS=APPROVED | AUTH=819704
2026-06-05 16:40:54 | ATM-001 | TID001 | TXN | WITHDRAWAL | SEQ=491323 | CARD=************5678 | AMOUNT=5000.00 | CURRENCY=ETB | STATUS=APPROVED | AUTH=107074
2026-06-05 16:43:46 | ATM-001 | TID001 | TXN | WITHDRAWAL | SEQ=817914 | CARD=************8901 | AMOUNT=2000.00 | CURRENCY=ETB | STATUS=APPROVED | AUTH=937728
2026-06-05 16:46:39 | ATM-001 | TID001 | TXN | WITHDRAWAL | SEQ=617345 | CARD=************7890 | AMOUNT=5000.00 | CURRENCY=ETB | STATUS=APPROVED | AUTH=132004
2026-06-05 16:49:32 | ATM-001 | TID001 | TXN | WITHDRAWAL | SEQ=492954 | CARD=************8901 | AMOUNT=5000.00 | CURRENCY=ETB | STATUS=APPROVED | AUTH=318192
2026-06-05 16:52:25 | ATM-001 | TID001 | TXN | WITHDRAWAL | SEQ=527656 | CARD=************3456 | AMOUNT=200.00 | CURRENCY=ETB | STATUS=APPROVED | AUTH=397063
2026-06-05 16:55:18 | ATM-001 | TID001 | TXN | WITHDRAWAL | SEQ=380799 | CARD=************5678 | AMOUNT=200.00 | CURRENCY=ETB | STATUS=DECLINED
2026-06-05 16:58:10 | ATM-001 | TID001 | TXN | WITHDRAWAL | SEQ=468908 | CARD=************2345 | AMOUNT=2000.00 | CURRENCY=ETB | STATUS=APPROVED | AUTH=819010
2026-06-05 17:01:03 | ATM-001 | TID001 | TXN | WITHDRAWAL | SEQ=187066 | CARD=************7890 | AMOUNT=1000.00 | CURRENCY=ETB | STATUS=APPROVED | AUTH=340240
2026-06-05 17:03:56 | ATM-001 | TID001 | TXN | WITHDRAWAL | SEQ=813017 | CARD=************1234 | AMOUNT=1000.00 | CURRENCY=ETB | STATUS=DECLINED
2026-06-05 17:06:49 | ATM-001 | TID001 | TXN | WITHDRAWAL | SEQ=781857 | CARD=************7890 | AMOUNT=500.00 | CURRENCY=ETB | STATUS=APPROVED | AUTH=503035
2026-06-05 17:09:42 | ATM-001 | TID001 | TXN | WITHDRAWAL | SEQ=948039 | CARD=************9012 | AMOUNT=500.00 | CURRENCY=ETB | STATUS=APPROVED | AUTH=774530
2026-06-05 17:12:34 | ATM-001 | TID001 | TXN | WITHDRAWAL | SEQ=532038 | CARD=************4567 | AMOUNT=200.00 | CURRENCY=ETB | STATUS=APPROVED | AUTH=102182
2026-06-05 17:15:27 | ATM-001 | TID001 | TXN | WITHDRAWAL | SEQ=723240 | CARD=************8901 | AMOUNT=1000.00 | CURRENCY=ETB | STATUS=APPROVED | AUTH=232191
2026-06-05 17:18:20 | ATM-001 | TID001 | TXN | WITHDRAWAL | SEQ=332726 | CARD=************3456 | AMOUNT=5000.00 | CURRENCY=ETB | STATUS=APPROVED | AUTH=252053
2026-06-05 17:21:13 | ATM-001 | TID001 | TXN | WITHDRAWAL | SEQ=800052 | CARD=************4567 | AMOUNT=100.00 | CURRENCY=ETB | STATUS=APPROVED | AUTH=308666
2026-06-05 17:24:06 | ATM-001 | TID001 | TXN | WITHDRAWAL | SEQ=565133 | CARD=************8901 | AMOUNT=200.00 | CURRENCY=ETB | STATUS=APPROVED | AUTH=636218
2026-06-05 17:26:58 | ATM-001 | TID001 | TXN | WITHDRAWAL | SEQ=797846 | CARD=************9012 | AMOUNT=100.00 | CURRENCY=ETB | STATUS=APPROVED | AUTH=138275
2026-06-05 17:29:51 | ATM-001 | TID001 | TXN | WITHDRAWAL | SEQ=555553 | CARD=************7890 | AMOUNT=500.00 | CURRENCY=ETB | STATUS=APPROVED | AUTH=301090
2026-06-05 17:32:44 | ATM-001 | TID001 | TXN | WITHDRAWAL | SEQ=385656 | CARD=************5678 | AMOUNT=100.00 | CURRENCY=ETB | STATUS=APPROVED | AUTH=255414
2026-06-05 17:35:37 | ATM-001 | TID001 | TXN | WITHDRAWAL | SEQ=907709 | CARD=************8901 | AMOUNT=1000.00 | CURRENCY=ETB | STATUS=APPROVED | AUTH=124374
2026-06-05 17:38:30 | ATM-001 | TID001 | TXN | WITHDRAWAL | SEQ=203462 | CARD=************4567 | AMOUNT=5000.00 | CURRENCY=ETB | STATUS=APPROVED | AUTH=411546
2026-06-05 17:41:22 | ATM-001 | TID001 | TXN | WITHDRAWAL | SEQ=224849 | CARD=************2345 | AMOUNT=200.00 | CURRENCY=ETB | STATUS=TIMEOUT
2026-06-05 17:44:15 | ATM-001 | TID001 | TXN | WITHDRAWAL | SEQ=128996 | CARD=************8901 | AMOUNT=1000.00 | CURRENCY=ETB | STATUS=APPROVED | AUTH=695025
2026-06-05 17:47:08 | ATM-001 | TID001 | TXN | WITHDRAWAL | SEQ=330836 | CARD=************6789 | AMOUNT=100.00 | CURRENCY=ETB | STATUS=DECLINED
2026-06-05 17:50:01 | ATM-001 | TID001 | TXN | WITHDRAWAL | SEQ=250135 | CARD=************1234 | AMOUNT=5000.00 | CURRENCY=ETB | STATUS=APPROVED | AUTH=326968
2026-06-05 17:52:54 | ATM-001 | TID001 | TXN | WITHDRAWAL | SEQ=846651 | CARD=************9012 | AMOUNT=500.00 | CURRENCY=ETB | STATUS=APPROVED | AUTH=881880
2026-06-05 17:55:46 | ATM-001 | TID001 | TXN | WITHDRAWAL | SEQ=707824 | CARD=************4567 | AMOUNT=100.00 | CURRENCY=ETB | STATUS=TIMEOUT
2026-06-05 17:58:39 | ATM-001 | TID001 | TXN | WITHDRAWAL | SEQ=317446 | CARD=************0123 | AMOUNT=1000.00 | CURRENCY=ETB | STATUS=APPROVED | AUTH=424033
2026-06-05 18:01:32 | ATM-001 | TID001 | TXN | WITHDRAWAL | SEQ=389521 | CARD=************0123 | AMOUNT=2000.00 | CURRENCY=ETB | STATUS=APPROVED | AUTH=634510
2026-06-05 18:04:25 | ATM-001 | TID001 | TXN | WITHDRAWAL | SEQ=425319 | CARD=************8901 | AMOUNT=1000.00 | CURRENCY=ETB | STATUS=APPROVED | AUTH=534204
2026-06-05 18:07:18 | ATM-001 | TID001 | TXN | WITHDRAWAL | SEQ=705961 | CARD=************1234 | AMOUNT=100.00 | CURRENCY=ETB | STATUS=APPROVED | AUTH=167923
2026-06-05 18:10:10 | ATM-001 | TID001 | TXN | WITHDRAWAL | SEQ=853975 | CARD=************3456 | AMOUNT=2000.00 | CURRENCY=ETB | STATUS=APPROVED | AUTH=943648
2026-06-05 18:13:03 | ATM-001 | TID001 | TXN | WITHDRAWAL | SEQ=395227 | CARD=************9012 | AMOUNT=2000.00 | CURRENCY=ETB | STATUS=APPROVED | AUTH=464189
2026-06-05 18:15:56 | ATM-001 | TID001 | TXN | WITHDRAWAL | SEQ=161955 | CARD=************2345 | AMOUNT=200.00 | CURRENCY=ETB | STATUS=APPROVED | AUTH=554263
2026-06-05 18:18:49 | ATM-001 | TID001 | TXN | WITHDRAWAL | SEQ=655992 | CARD=************2345 | AMOUNT=2000.00 | CURRENCY=ETB | STATUS=APPROVED | AUTH=834160
2026-06-05 18:21:42 | ATM-001 | TID001 | TXN | WITHDRAWAL | SEQ=970255 | CARD=************9012 | AMOUNT=1000.00 | CURRENCY=ETB | STATUS=APPROVED | AUTH=479656
2026-06-05 18:24:34 | ATM-001 | TID001 | TXN | WITHDRAWAL | SEQ=145369 | CARD=************4567 | AMOUNT=100.00 | CURRENCY=ETB | STATUS=APPROVED | AUTH=783400
2026-06-05 18:27:27 | ATM-001 | TID001 | TXN | WITHDRAWAL | SEQ=355724 | CARD=************3456 | AMOUNT=500.00 | CURRENCY=ETB | STATUS=APPROVED | AUTH=470852
2026-06-05 18:30:20 | ATM-001 | TID001 | TXN | WITHDRAWAL | SEQ=342323 | CARD=************9012 | AMOUNT=200.00 | CURRENCY=ETB | STATUS=APPROVED | AUTH=884515
2026-06-05 18:33:13 | ATM-001 | TID001 | TXN | WITHDRAWAL | SEQ=231558 | CARD=************9012 | AMOUNT=100.00 | CURRENCY=ETB | STATUS=APPROVED | AUTH=173794
2026-06-05 18:36:06 | ATM-001 | TID001 | TXN | WITHDRAWAL | SEQ=238823 | CARD=************7890 | AMOUNT=5000.00 | CURRENCY=ETB | STATUS=APPROVED | AUTH=774753
2026-06-05 18:38:58 | ATM-001 | TID001 | TXN | WITHDRAWAL | SEQ=844427 | CARD=************7890 | AMOUNT=100.00 | CURRENCY=ETB | STATUS=APPROVED | AUTH=744051
2026-06-05 18:41:51 | ATM-001 | TID001 | TXN | WITHDRAWAL | SEQ=433337 | CARD=************4567 | AMOUNT=5000.00 | CURRENCY=ETB | STATUS=APPROVED | AUTH=968106
2026-06-05 18:44:44 | ATM-001 | TID001 | TXN | WITHDRAWAL | SEQ=619509 | CARD=************8901 | AMOUNT=2000.00 | CURRENCY=ETB | STATUS=APPROVED | AUTH=521296
2026-06-05 18:47:37 | ATM-001 | TID001 | TXN | WITHDRAWAL | SEQ=731014 | CARD=************9012 | AMOUNT=200.00 | CURRENCY=ETB | STATUS=DECLINED
2026-06-05 18:50:30 | ATM-001 | TID001 | TXN | WITHDRAWAL | SEQ=376280 | CARD=************9012 | AMOUNT=1000.00 | CURRENCY=ETB | STATUS=APPROVED | AUTH=519716
2026-06-05 18:53:22 | ATM-001 | TID001 | TXN | WITHDRAWAL | SEQ=151946 | CARD=************9012 | AMOUNT=500.00 | CURRENCY=ETB | STATUS=APPROVED | AUTH=969945
2026-06-05 18:56:15 | ATM-001 | TID001 | TXN | WITHDRAWAL | SEQ=976769 | CARD=************4567 | AMOUNT=500.00 | CURRENCY=ETB | STATUS=APPROVED | AUTH=214440
2026-06-05 18:59:08 | ATM-001 | TID001 | TXN | WITHDRAWAL | SEQ=787663 | CARD=************7890 | AMOUNT=100.00 | CURRENCY=ETB | STATUS=APPROVED | AUTH=292487
2026-06-05 19:02:01 | ATM-001 | TID001 | TXN | WITHDRAWAL | SEQ=726308 | CARD=************2345 | AMOUNT=2000.00 | CURRENCY=ETB | STATUS=APPROVED | AUTH=762269
2026-06-05 19:04:54 | ATM-001 | TID001 | TXN | WITHDRAWAL | SEQ=568227 | CARD=************0123 | AMOUNT=5000.00 | CURRENCY=ETB | STATUS=APPROVED | AUTH=946678
2026-06-05 19:07:46 | ATM-001 | TID001 | TXN | WITHDRAWAL | SEQ=356913 | CARD=************3456 | AMOUNT=100.00 | CURRENCY=ETB | STATUS=APPROVED | AUTH=451840
2026-06-05 19:10:39 | ATM-001 | TID001 | TXN | WITHDRAWAL | SEQ=878893 | CARD=************5678 | AMOUNT=5000.00 | CURRENCY=ETB | STATUS=APPROVED | AUTH=709964
2026-06-05 19:13:32 | ATM-001 | TID001 | TXN | WITHDRAWAL | SEQ=658983 | CARD=************6789 | AMOUNT=500.00 | CURRENCY=ETB | STATUS=APPROVED | AUTH=446532
2026-06-05 19:16:25 | ATM-001 | TID001 | TXN | WITHDRAWAL | SEQ=218690 | CARD=************5678 | AMOUNT=100.00 | CURRENCY=ETB | STATUS=APPROVED | AUTH=833823
2026-06-05 19:19:18 | ATM-001 | TID001 | TXN | WITHDRAWAL | SEQ=352730 | CARD=************9012 | AMOUNT=1000.00 | CURRENCY=ETB | STATUS=APPROVED | AUTH=973312
2026-06-05 19:22:10 | ATM-001 | TID001 | TXN | WITHDRAWAL | SEQ=664965 | CARD=************7890 | AMOUNT=1000.00 | CURRENCY=ETB | STATUS=APPROVED | AUTH=774704
2026-06-05 19:25:03 | ATM-001 | TID001 | TXN | WITHDRAWAL | SEQ=330373 | CARD=************9012 | AMOUNT=2000.00 | CURRENCY=ETB | STATUS=APPROVED | AUTH=575830
2026-06-05 19:27:56 | ATM-001 | TID001 | TXN | WITHDRAWAL | SEQ=157196 | CARD=************8901 | AMOUNT=200.00 | CURRENCY=ETB | STATUS=APPROVED | AUTH=570576
2026-06-05 19:30:49 | ATM-001 | TID001 | TXN | WITHDRAWAL | SEQ=595457 | CARD=************6789 | AMOUNT=200.00 | CURRENCY=ETB | STATUS=APPROVED | AUTH=520019
2026-06-05 19:33:42 | ATM-001 | TID001 | TXN | WITHDRAWAL | SEQ=271187 | CARD=************0123 | AMOUNT=1000.00 | CURRENCY=ETB | STATUS=APPROVED | AUTH=681437
2026-06-05 19:36:34 | ATM-001 | TID001 | TXN | WITHDRAWAL | SEQ=954476 | CARD=************7890 | AMOUNT=1000.00 | CURRENCY=ETB | STATUS=APPROVED | AUTH=937381
2026-06-05 19:39:27 | ATM-001 | TID001 | TXN | WITHDRAWAL | SEQ=697351 | CARD=************2345 | AMOUNT=2000.00 | CURRENCY=ETB | STATUS=APPROVED | AUTH=842029
2026-06-05 19:42:20 | ATM-001 | TID001 | TXN | WITHDRAWAL | SEQ=666031 | CARD=************5678 | AMOUNT=100.00 | CURRENCY=ETB | STATUS=APPROVED | AUTH=150932
2026-06-05 19:45:13 | ATM-001 | TID001 | TXN | WITHDRAWAL | SEQ=491110 | CARD=************9012 | AMOUNT=200.00 | CURRENCY=ETB | STATUS=APPROVED | AUTH=283203
2026-06-05 19:48:06 | ATM-001 | TID001 | TXN | WITHDRAWAL | SEQ=470498 | CARD=************6789 | AMOUNT=1000.00 | CURRENCY=ETB | STATUS=APPROVED | AUTH=704125
2026-06-05 19:50:58 | ATM-001 | TID001 | TXN | WITHDRAWAL | SEQ=200477 | CARD=************8901 | AMOUNT=2000.00 | CURRENCY=ETB | STATUS=APPROVED | AUTH=392928
2026-06-05 19:53:51 | ATM-001 | TID001 | TXN | WITHDRAWAL | SEQ=485550 | CARD=************1234 | AMOUNT=100.00 | CURRENCY=ETB | STATUS=DECLINED
2026-06-05 19:56:44 | ATM-001 | TID001 | TXN | WITHDRAWAL | SEQ=973067 | CARD=************3456 | AMOUNT=100.00 | CURRENCY=ETB | STATUS=APPROVED | AUTH=912569
2026-06-05 19:59:37 | ATM-001 | TID001 | TXN | WITHDRAWAL | SEQ=348047 | CARD=************9012 | AMOUNT=5000.00 | CURRENCY=ETB | STATUS=APPROVED | AUTH=205595
2026-06-05 20:02:30 | ATM-001 | TID001 | TXN | WITHDRAWAL | SEQ=917808 | CARD=************4567 | AMOUNT=200.00 | CURRENCY=ETB | STATUS=APPROVED | AUTH=653740
2026-06-05 20:05:22 | ATM-001 | TID001 | TXN | WITHDRAWAL | SEQ=321315 | CARD=************9012 | AMOUNT=200.00 | CURRENCY=ETB | STATUS=APPROVED | AUTH=531278
2026-06-05 20:08:15 | ATM-001 | TID001 | TXN | WITHDRAWAL | SEQ=111854 | CARD=************2345 | AMOUNT=100.00 | CURRENCY=ETB | STATUS=APPROVED | AUTH=109013
2026-06-05 20:11:08 | ATM-001 | TID001 | TXN | WITHDRAWAL | SEQ=885324 | CARD=************2345 | AMOUNT=2000.00 | CURRENCY=ETB | STATUS=TIMEOUT
2026-06-05 20:14:01 | ATM-001 | TID001 | TXN | WITHDRAWAL | SEQ=306241 | CARD=************7890 | AMOUNT=100.00 | CURRENCY=ETB | STATUS=APPROVED | AUTH=697463
2026-06-05 20:16:54 | ATM-001 | TID001 | TXN | WITHDRAWAL | SEQ=884409 | CARD=************4567 | AMOUNT=100.00 | CURRENCY=ETB | STATUS=APPROVED | AUTH=772578
2026-06-05 20:19:46 | ATM-001 | TID001 | TXN | WITHDRAWAL | SEQ=632754 | CARD=************5678 | AMOUNT=500.00 | CURRENCY=ETB | STATUS=APPROVED | AUTH=516895
2026-06-05 20:22:39 | ATM-001 | TID001 | TXN | WITHDRAWAL | SEQ=989386 | CARD=************2345 | AMOUNT=1000.00 | CURRENCY=ETB | STATUS=APPROVED | AUTH=732583
2026-06-05 20:25:32 | ATM-001 | TID001 | TXN | WITHDRAWAL | SEQ=278814 | CARD=************4567 | AMOUNT=500.00 | CURRENCY=ETB | STATUS=APPROVED | AUTH=238102
2026-06-05 20:28:25 | ATM-001 | TID001 | TXN | WITHDRAWAL | SEQ=759824 | CARD=************6789 | AMOUNT=500.00 | CURRENCY=ETB | STATUS=APPROVED | AUTH=327732
2026-06-05 20:31:18 | ATM-001 | TID001 | TXN | WITHDRAWAL | SEQ=564630 | CARD=************2345 | AMOUNT=100.00 | CURRENCY=ETB | STATUS=APPROVED | AUTH=207494
2026-06-05 20:34:10 | ATM-001 | TID001 | TXN | WITHDRAWAL | SEQ=770375 | CARD=************3456 | AMOUNT=5000.00 | CURRENCY=ETB | STATUS=APPROVED | AUTH=478057
2026-06-05 20:37:03 | ATM-001 | TID001 | TXN | WITHDRAWAL | SEQ=590463 | CARD=************0123 | AMOUNT=100.00 | CURRENCY=ETB | STATUS=APPROVED | AUTH=715678
2026-06-05 20:39:56 | ATM-001 | TID001 | TXN | WITHDRAWAL | SEQ=764733 | CARD=************1234 | AMOUNT=2000.00 | CURRENCY=ETB | STATUS=APPROVED | AUTH=799684
2026-06-05 20:42:49 | ATM-001 | TID001 | TXN | WITHDRAWAL | SEQ=213784 | CARD=************3456 | AMOUNT=500.00 | CURRENCY=ETB | STATUS=APPROVED | AUTH=136661
2026-06-05 20:45:42 | ATM-001 | TID001 | TXN | WITHDRAWAL | SEQ=878277 | CARD=************2345 | AMOUNT=2000.00 | CURRENCY=ETB | STATUS=APPROVED | AUTH=352424
2026-06-05 20:48:34 | ATM-001 | TID001 | TXN | WITHDRAWAL | SEQ=899119 | CARD=************2345 | AMOUNT=2000.00 | CURRENCY=ETB | STATUS=APPROVED | AUTH=871782
2026-06-05 20:51:27 | ATM-001 | TID001 | TXN | WITHDRAWAL | SEQ=149369 | CARD=************4567 | AMOUNT=200.00 | CURRENCY=ETB | STATUS=APPROVED | AUTH=465257
2026-06-05 20:54:20 | ATM-001 | TID001 | TXN | WITHDRAWAL | SEQ=439581 | CARD=************7890 | AMOUNT=500.00 | CURRENCY=ETB | STATUS=DECLINED
2026-06-05 20:57:13 | ATM-001 | TID001 | TXN | WITHDRAWAL | SEQ=938539 | CARD=************3456 | AMOUNT=100.00 | CURRENCY=ETB | STATUS=TIMEOUT
2026-06-05 21:00:06 | ATM-001 | TID001 | TXN | WITHDRAWAL | SEQ=281674 | CARD=************3456 | AMOUNT=500.00 | CURRENCY=ETB | STATUS=APPROVED | AUTH=129635
2026-06-05 21:02:58 | ATM-001 | TID001 | TXN | WITHDRAWAL | SEQ=142795 | CARD=************8901 | AMOUNT=500.00 | CURRENCY=ETB | STATUS=APPROVED | AUTH=894376
2026-06-05 21:05:51 | ATM-001 | TID001 | TXN | WITHDRAWAL | SEQ=750090 | CARD=************4567 | AMOUNT=200.00 | CURRENCY=ETB | STATUS=APPROVED | AUTH=939335
2026-06-05 21:08:44 | ATM-001 | TID001 | TXN | WITHDRAWAL | SEQ=538972 | CARD=************2345 | AMOUNT=100.00 | CURRENCY=ETB | STATUS=APPROVED | AUTH=590380
2026-06-05 21:11:37 | ATM-001 | TID001 | TXN | WITHDRAWAL | SEQ=598483 | CARD=************8901 | AMOUNT=1000.00 | CURRENCY=ETB | STATUS=APPROVED | AUTH=876105
2026-06-05 21:14:30 | ATM-001 | TID001 | TXN | WITHDRAWAL | SEQ=991725 | CARD=************7890 | AMOUNT=100.00 | CURRENCY=ETB | STATUS=APPROVED | AUTH=415652
2026-06-05 21:17:22 | ATM-001 | TID001 | TXN | WITHDRAWAL | SEQ=436622 | CARD=************4567 | AMOUNT=2000.00 | CURRENCY=ETB | STATUS=APPROVED | AUTH=690280
2026-06-05 21:20:15 | ATM-001 | TID001 | TXN | WITHDRAWAL | SEQ=233438 | CARD=************5678 | AMOUNT=1000.00 | CURRENCY=ETB | STATUS=APPROVED | AUTH=311245
2026-06-05 21:23:08 | ATM-001 | TID001 | TXN | WITHDRAWAL | SEQ=664058 | CARD=************4567 | AMOUNT=2000.00 | CURRENCY=ETB | STATUS=DECLINED
2026-06-05 21:26:01 | ATM-001 | TID001 | TXN | WITHDRAWAL | SEQ=248205 | CARD=************7890 | AMOUNT=500.00 | CURRENCY=ETB | STATUS=APPROVED | AUTH=670198
2026-06-05 21:28:54 | ATM-001 | TID001 | TXN | WITHDRAWAL | SEQ=114162 | CARD=************2345 | AMOUNT=500.00 | CURRENCY=ETB | STATUS=DECLINED
2026-06-05 21:31:46 | ATM-001 | TID001 | TXN | WITHDRAWAL | SEQ=183865 | CARD=************6789 | AMOUNT=5000.00 | CURRENCY=ETB | STATUS=APPROVED | AUTH=863566
2026-06-05 21:34:39 | ATM-001 | TID001 | TXN | WITHDRAWAL | SEQ=844924 | CARD=************0123 | AMOUNT=200.00 | CURRENCY=ETB | STATUS=APPROVED | AUTH=596942
2026-06-05 21:37:32 | ATM-001 | TID001 | TXN | WITHDRAWAL | SEQ=699134 | CARD=************3456 | AMOUNT=500.00 | CURRENCY=ETB | STATUS=APPROVED | AUTH=472324
2026-06-05 21:40:25 | ATM-001 | TID001 | TXN | WITHDRAWAL | SEQ=105396 | CARD=************4567 | AMOUNT=500.00 | CURRENCY=ETB | STATUS=APPROVED | AUTH=885660
2026-06-05 21:43:18 | ATM-001 | TID001 | TXN | WITHDRAWAL | SEQ=226575 | CARD=************0123 | AMOUNT=5000.00 | CURRENCY=ETB | STATUS=APPROVED | AUTH=980357
2026-06-05 21:46:10 | ATM-001 | TID001 | TXN | WITHDRAWAL | SEQ=117356 | CARD=************0123 | AMOUNT=100.00 | CURRENCY=ETB | STATUS=APPROVED | AUTH=231503
2026-06-05 21:49:03 | ATM-001 | TID001 | TXN | WITHDRAWAL | SEQ=920438 | CARD=************9012 | AMOUNT=2000.00 | CURRENCY=ETB | STATUS=TIMEOUT
2026-06-05 21:51:56 | ATM-001 | TID001 | TXN | WITHDRAWAL | SEQ=950893 | CARD=************4567 | AMOUNT=5000.00 | CURRENCY=ETB | STATUS=APPROVED | AUTH=652664
2026-06-05 21:54:49 | ATM-001 | TID001 | TXN | WITHDRAWAL | SEQ=993492 | CARD=************3456 | AMOUNT=500.00 | CURRENCY=ETB | STATUS=TIMEOUT
2026-06-05 21:57:42 | ATM-001 | TID001 | TXN | WITHDRAWAL | SEQ=231713 | CARD=************1234 | AMOUNT=500.00 | CURRENCY=ETB | STATUS=APPROVED | AUTH=998431
2026-06-05 22:00:34 | ATM-001 | TID001 | TXN | WITHDRAWAL | SEQ=898671 | CARD=************9012 | AMOUNT=1000.00 | CURRENCY=ETB | STATUS=TIMEOUT
2026-06-05 22:03:27 | ATM-001 | TID001 | TXN | WITHDRAWAL | SEQ=106672 | CARD=************2345 | AMOUNT=5000.00 | CURRENCY=ETB | STATUS=APPROVED | AUTH=602392
2026-06-05 22:06:20 | ATM-001 | TID001 | TXN | WITHDRAWAL | SEQ=161989 | CARD=************4567 | AMOUNT=5000.00 | CURRENCY=ETB | STATUS=APPROVED | AUTH=400332
2026-06-05 22:09:13 | ATM-001 | TID001 | TXN | WITHDRAWAL | SEQ=871143 | CARD=************4567 | AMOUNT=5000.00 | CURRENCY=ETB | STATUS=TIMEOUT
2026-06-05 22:12:06 | ATM-001 | TID001 | TXN | WITHDRAWAL | SEQ=494626 | CARD=************3456 | AMOUNT=2000.00 | CURRENCY=ETB | STATUS=DECLINED
2026-06-05 22:14:58 | ATM-001 | TID001 | TXN | WITHDRAWAL | SEQ=141251 | CARD=************4567 | AMOUNT=1000.00 | CURRENCY=ETB | STATUS=APPROVED | AUTH=231623
2026-06-05 22:17:51 | ATM-001 | TID001 | TXN | WITHDRAWAL | SEQ=644822 | CARD=************6789 | AMOUNT=5000.00 | CURRENCY=ETB | STATUS=APPROVED | AUTH=978405
2026-06-05 22:20:44 | ATM-001 | TID001 | TXN | WITHDRAWAL | SEQ=861445 | CARD=************1234 | AMOUNT=200.00 | CURRENCY=ETB | STATUS=APPROVED | AUTH=294201
2026-06-05 22:23:37 | ATM-001 | TID001 | TXN | WITHDRAWAL | SEQ=384210 | CARD=************9012 | AMOUNT=200.00 | CURRENCY=ETB | STATUS=APPROVED | AUTH=682123
2026-06-05 22:26:30 | ATM-001 | TID001 | TXN | WITHDRAWAL | SEQ=314357 | CARD=************5678 | AMOUNT=500.00 | CURRENCY=ETB | STATUS=APPROVED | AUTH=466167
2026-06-05 22:29:22 | ATM-001 | TID001 | TXN | WITHDRAWAL | SEQ=353595 | CARD=************2345 | AMOUNT=200.00 | CURRENCY=ETB | STATUS=APPROVED | AUTH=289424
2026-06-05 22:32:15 | ATM-001 | TID001 | TXN | WITHDRAWAL | SEQ=382360 | CARD=************3456 | AMOUNT=100.00 | CURRENCY=ETB | STATUS=APPROVED | AUTH=102832
2026-06-05 22:35:08 | ATM-001 | TID001 | TXN | WITHDRAWAL | SEQ=262120 | CARD=************8901 | AMOUNT=2000.00 | CURRENCY=ETB | STATUS=APPROVED | AUTH=929908
2026-06-05 22:38:01 | ATM-001 | TID001 | TXN | WITHDRAWAL | SEQ=121108 | CARD=************9012 | AMOUNT=2000.00 | CURRENCY=ETB | STATUS=APPROVED | AUTH=968233
2026-06-05 22:40:54 | ATM-001 | TID001 | TXN | WITHDRAWAL | SEQ=786937 | CARD=************9012 | AMOUNT=500.00 | CURRENCY=ETB | STATUS=APPROVED | AUTH=504688
2026-06-05 22:43:46 | ATM-001 | TID001 | TXN | WITHDRAWAL | SEQ=880388 | CARD=************6789 | AMOUNT=1000.00 | CURRENCY=ETB | STATUS=APPROVED | AUTH=701208
2026-06-05 22:46:39 | ATM-001 | TID001 | TXN | WITHDRAWAL | SEQ=621113 | CARD=************6789 | AMOUNT=500.00 | CURRENCY=ETB | STATUS=APPROVED | AUTH=959611
2026-06-05 22:49:32 | ATM-001 | TID001 | TXN | WITHDRAWAL | SEQ=879760 | CARD=************7890 | AMOUNT=2000.00 | CURRENCY=ETB | STATUS=APPROVED | AUTH=812822
2026-06-05 22:52:25 | ATM-001 | TID001 | TXN | WITHDRAWAL | SEQ=882219 | CARD=************2345 | AMOUNT=100.00 | CURRENCY=ETB | STATUS=APPROVED | AUTH=133200
2026-06-05 22:55:18 | ATM-001 | TID001 | TXN | WITHDRAWAL | SEQ=692232 | CARD=************0123 | AMOUNT=200.00 | CURRENCY=ETB | STATUS=APPROVED | AUTH=916457
2026-06-05 22:58:10 | ATM-001 | TID001 | TXN | WITHDRAWAL | SEQ=775007 | CARD=************2345 | AMOUNT=200.00 | CURRENCY=ETB | STATUS=APPROVED | AUTH=566115
2026-06-05 23:01:03 | ATM-001 | TID001 | TXN | WITHDRAWAL | SEQ=155565 | CARD=************5678 | AMOUNT=5000.00 | CURRENCY=ETB | STATUS=APPROVED | AUTH=485001
2026-06-05 23:03:56 | ATM-001 | TID001 | TXN | WITHDRAWAL | SEQ=318040 | CARD=************5678 | AMOUNT=100.00 | CURRENCY=ETB | STATUS=DECLINED
2026-06-05 23:06:49 | ATM-001 | TID001 | TXN | WITHDRAWAL | SEQ=164278 | CARD=************2345 | AMOUNT=200.00 | CURRENCY=ETB | STATUS=APPROVED | AUTH=720294
2026-06-05 23:09:42 | ATM-001 | TID001 | TXN | WITHDRAWAL | SEQ=370888 | CARD=************1234 | AMOUNT=5000.00 | CURRENCY=ETB | STATUS=APPROVED | AUTH=443320
2026-06-05 23:12:34 | ATM-001 | TID001 | TXN | WITHDRAWAL | SEQ=275532 | CARD=************0123 | AMOUNT=200.00 | CURRENCY=ETB | STATUS=APPROVED | AUTH=341753
2026-06-05 23:15:27 | ATM-001 | TID001 | TXN | WITHDRAWAL | SEQ=120668 | CARD=************6789 | AMOUNT=100.00 | CURRENCY=ETB | STATUS=APPROVED | AUTH=934595
2026-06-05 23:18:20 | ATM-001 | TID001 | TXN | WITHDRAWAL | SEQ=605098 | CARD=************2345 | AMOUNT=1000.00 | CURRENCY=ETB | STATUS=APPROVED | AUTH=795188
2026-06-05 23:21:13 | ATM-001 | TID001 | TXN | WITHDRAWAL | SEQ=258630 | CARD=************9012 | AMOUNT=100.00 | CURRENCY=ETB | STATUS=DECLINED
2026-06-05 23:24:06 | ATM-001 | TID001 | TXN | WITHDRAWAL | SEQ=104438 | CARD=************1234 | AMOUNT=200.00 | CURRENCY=ETB | STATUS=APPROVED | AUTH=319583
2026-06-05 23:26:58 | ATM-001 | TID001 | TXN | WITHDRAWAL | SEQ=140369 | CARD=************7890 | AMOUNT=5000.00 | CURRENCY=ETB | STATUS=APPROVED | AUTH=553891
2026-06-05 23:29:51 | ATM-001 | TID001 | TXN | WITHDRAWAL | SEQ=564002 | CARD=************1234 | AMOUNT=2000.00 | CURRENCY=ETB | STATUS=APPROVED | AUTH=403571
2026-06-05 23:32:44 | ATM-001 | TID001 | TXN | WITHDRAWAL | SEQ=831597 | CARD=************5678 | AMOUNT=1000.00 | CURRENCY=ETB | STATUS=APPROVED | AUTH=580140
2026-06-05 23:35:37 | ATM-001 | TID001 | TXN | WITHDRAWAL | SEQ=152854 | CARD=************0123 | AMOUNT=100.00 | CURRENCY=ETB | STATUS=APPROVED | AUTH=358446
2026-06-05 23:38:30 | ATM-001 | TID001 | TXN | WITHDRAWAL | SEQ=401062 | CARD=************8901 | AMOUNT=5000.00 | CURRENCY=ETB | STATUS=APPROVED | AUTH=592367
2026-06-05 23:41:22 | ATM-001 | TID001 | TXN | WITHDRAWAL | SEQ=848554 | CARD=************2345 | AMOUNT=200.00 | CURRENCY=ETB | STATUS=APPROVED | AUTH=250675
2026-06-05 23:44:15 | ATM-001 | TID001 | TXN | WITHDRAWAL | SEQ=390943 | CARD=************4567 | AMOUNT=5000.00 | CURRENCY=ETB | STATUS=APPROVED | AUTH=752972
2026-06-05 23:47:08 | ATM-001 | TID001 | TXN | WITHDRAWAL | SEQ=480086 | CARD=************3456 | AMOUNT=2000.00 | CURRENCY=ETB | STATUS=APPROVED | AUTH=748614
2026-06-05 23:50:01 | ATM-001 | TID001 | TXN | WITHDRAWAL | SEQ=457322 | CARD=************7890 | AMOUNT=5000.00 | CURRENCY=ETB | STATUS=DECLINED
2026-06-05 23:52:54 | ATM-001 | TID001 | TXN | WITHDRAWAL | SEQ=167858 | CARD=************3456 | AMOUNT=2000.00 | CURRENCY=ETB | STATUS=APPROVED | AUTH=592854
2026-06-05 23:55:46 | ATM-001 | TID001 | TXN | WITHDRAWAL | SEQ=925340 | CARD=************5678 | AMOUNT=5000.00 | CURRENCY=ETB | STATUS=APPROVED | AUTH=474221
2026-06-05 23:58:39 | ATM-001 | TID001 | TXN | WITHDRAWAL | SEQ=682915 | CARD=************3456 | AMOUNT=5000.00 | CURRENCY=ETB | STATUS=APPROVED | AUTH=202056
2026-06-06 00:01:32 | ATM-001 | TID001 | TXN | WITHDRAWAL | SEQ=546468 | CARD=************5678 | AMOUNT=200.00 | CURRENCY=ETB | STATUS=APPROVED | AUTH=190772
2026-06-06 00:04:25 | ATM-001 | TID001 | TXN | WITHDRAWAL | SEQ=514373 | CARD=************6789 | AMOUNT=200.00 | CURRENCY=ETB | STATUS=APPROVED | AUTH=697691
2026-06-06 00:07:18 | ATM-001 | TID001 | TXN | WITHDRAWAL | SEQ=995683 | CARD=************7890 | AMOUNT=100.00 | CURRENCY=ETB | STATUS=APPROVED | AUTH=815457
2026-06-06 00:10:10 | ATM-001 | TID001 | TXN | WITHDRAWAL | SEQ=554796 | CARD=************0123 | AMOUNT=5000.00 | CURRENCY=ETB | STATUS=TIMEOUT
2026-06-06 00:13:03 | ATM-001 | TID001 | TXN | WITHDRAWAL | SEQ=851615 | CARD=************6789 | AMOUNT=5000.00 | CURRENCY=ETB | STATUS=TIMEOUT
2026-06-06 00:15:56 | ATM-001 | TID001 | TXN | WITHDRAWAL | SEQ=300555 | CARD=************1234 | AMOUNT=5000.00 | CURRENCY=ETB | STATUS=APPROVED | AUTH=220517
2026-06-06 00:18:49 | ATM-001 | TID001 | TXN | WITHDRAWAL | SEQ=820626 | CARD=************0123 | AMOUNT=1000.00 | CURRENCY=ETB | STATUS=APPROVED | AUTH=695685
2026-06-06 00:21:42 | ATM-001 | TID001 | TXN | WITHDRAWAL | SEQ=675416 | CARD=************5678 | AMOUNT=5000.00 | CURRENCY=ETB | STATUS=APPROVED | AUTH=455624
2026-06-06 00:24:34 | ATM-001 | TID001 | TXN | WITHDRAWAL | SEQ=806843 | CARD=************2345 | AMOUNT=200.00 | CURRENCY=ETB | STATUS=APPROVED | AUTH=261938
2026-06-06 00:27:27 | ATM-001 | TID001 | TXN | WITHDRAWAL | SEQ=750402 | CARD=************1234 | AMOUNT=2000.00 | CURRENCY=ETB | STATUS=APPROVED | AUTH=583784
2026-06-06 00:30:20 | ATM-001 | TID001 | TXN | WITHDRAWAL | SEQ=854581 | CARD=************8901 | AMOUNT=1000.00 | CURRENCY=ETB | STATUS=APPROVED | AUTH=627686
2026-06-06 00:33:13 | ATM-001 | TID001 | TXN | WITHDRAWAL | SEQ=736883 | CARD=************0123 | AMOUNT=100.00 | CURRENCY=ETB | STATUS=APPROVED | AUTH=830625
2026-06-06 00:36:06 | ATM-001 | TID001 | TXN | WITHDRAWAL | SEQ=684628 | CARD=************5678 | AMOUNT=1000.00 | CURRENCY=ETB | STATUS=APPROVED | AUTH=653191
2026-06-06 00:38:58 | ATM-001 | TID001 | TXN | WITHDRAWAL | SEQ=581269 | CARD=************1234 | AMOUNT=200.00 | CURRENCY=ETB | STATUS=APPROVED | AUTH=373424
2026-06-06 00:41:51 | ATM-001 | TID001 | TXN | WITHDRAWAL | SEQ=596791 | CARD=************7890 | AMOUNT=500.00 | CURRENCY=ETB | STATUS=APPROVED | AUTH=940030
2026-06-06 00:44:44 | ATM-001 | TID001 | TXN | WITHDRAWAL | SEQ=479146 | CARD=************3456 | AMOUNT=100.00 | CURRENCY=ETB | STATUS=APPROVED | AUTH=595651
2026-06-06 00:47:37 | ATM-001 | TID001 | TXN | WITHDRAWAL | SEQ=698526 | CARD=************6789 | AMOUNT=200.00 | CURRENCY=ETB | STATUS=APPROVED | AUTH=325773
2026-06-06 00:50:30 | ATM-001 | TID001 | TXN | WITHDRAWAL | SEQ=422751 | CARD=************3456 | AMOUNT=2000.00 | CURRENCY=ETB | STATUS=APPROVED | AUTH=891737
2026-06-06 00:53:22 | ATM-001 | TID001 | TXN | WITHDRAWAL | SEQ=697446 | CARD=************7890 | AMOUNT=1000.00 | CURRENCY=ETB | STATUS=APPROVED | AUTH=159659
2026-06-06 00:56:15 | ATM-001 | TID001 | TXN | WITHDRAWAL | SEQ=961073 | CARD=************1234 | AMOUNT=1000.00 | CURRENCY=ETB | STATUS=DECLINED
2026-06-06 00:59:08 | ATM-001 | TID001 | TXN | WITHDRAWAL | SEQ=945027 | CARD=************8901 | AMOUNT=1000.00 | CURRENCY=ETB | STATUS=DECLINED
2026-06-06 01:02:01 | ATM-001 | TID001 | TXN | WITHDRAWAL | SEQ=673406 | CARD=************0123 | AMOUNT=100.00 | CURRENCY=ETB | STATUS=APPROVED | AUTH=555641
2026-06-06 01:04:54 | ATM-001 | TID001 | TXN | WITHDRAWAL | SEQ=604409 | CARD=************5678 | AMOUNT=500.00 | CURRENCY=ETB | STATUS=APPROVED | AUTH=216040
2026-06-06 01:07:46 | ATM-001 | TID001 | TXN | WITHDRAWAL | SEQ=372690 | CARD=************4567 | AMOUNT=2000.00 | CURRENCY=ETB | STATUS=APPROVED | AUTH=289623
2026-06-06 01:10:39 | ATM-001 | TID001 | TXN | WITHDRAWAL | SEQ=381436 | CARD=************1234 | AMOUNT=2000.00 | CURRENCY=ETB | STATUS=APPROVED | AUTH=603004
2026-06-06 01:13:32 | ATM-001 | TID001 | TXN | WITHDRAWAL | SEQ=324313 | CARD=************6789 | AMOUNT=500.00 | CURRENCY=ETB | STATUS=APPROVED | AUTH=582299
2026-06-06 01:16:25 | ATM-001 | TID001 | TXN | WITHDRAWAL | SEQ=596295 | CARD=************4567 | AMOUNT=500.00 | CURRENCY=ETB | STATUS=APPROVED | AUTH=768326
2026-06-06 01:19:18 | ATM-001 | TID001 | TXN | WITHDRAWAL | SEQ=873776 | CARD=************0123 | AMOUNT=100.00 | CURRENCY=ETB | STATUS=APPROVED | AUTH=971807
2026-06-06 01:22:10 | ATM-001 | TID001 | TXN | WITHDRAWAL | SEQ=475581 | CARD=************7890 | AMOUNT=500.00 | CURRENCY=ETB | STATUS=APPROVED | AUTH=461439
2026-06-06 01:25:03 | ATM-001 | TID001 | TXN | WITHDRAWAL | SEQ=656216 | CARD=************3456 | AMOUNT=100.00 | CURRENCY=ETB | STATUS=APPROVED | AUTH=852334
2026-06-06 01:27:56 | ATM-001 | TID001 | TXN | WITHDRAWAL | SEQ=724190 | CARD=************4567 | AMOUNT=200.00 | CURRENCY=ETB | STATUS=DECLINED
2026-06-06 01:30:49 | ATM-001 | TID001 | TXN | WITHDRAWAL | SEQ=904974 | CARD=************5678 | AMOUNT=100.00 | CURRENCY=ETB | STATUS=APPROVED | AUTH=193023
2026-06-06 01:33:42 | ATM-001 | TID001 | TXN | WITHDRAWAL | SEQ=572967 | CARD=************2345 | AMOUNT=5000.00 | CURRENCY=ETB | STATUS=DECLINED
2026-06-06 01:36:34 | ATM-001 | TID001 | TXN | WITHDRAWAL | SEQ=675674 | CARD=************4567 | AMOUNT=200.00 | CURRENCY=ETB | STATUS=APPROVED | AUTH=101229
2026-06-06 01:39:27 | ATM-001 | TID001 | TXN | WITHDRAWAL | SEQ=100693 | CARD=************8901 | AMOUNT=200.00 | CURRENCY=ETB | STATUS=APPROVED | AUTH=610053
2026-06-06 01:42:20 | ATM-001 | TID001 | TXN | WITHDRAWAL | SEQ=679706 | CARD=************8901 | AMOUNT=2000.00 | CURRENCY=ETB | STATUS=APPROVED | AUTH=216095
2026-06-06 01:45:13 | ATM-001 | TID001 | TXN | WITHDRAWAL | SEQ=634108 | CARD=************8901 | AMOUNT=2000.00 | CURRENCY=ETB | STATUS=APPROVED | AUTH=750522
2026-06-06 01:48:06 | ATM-001 | TID001 | TXN | WITHDRAWAL | SEQ=148934 | CARD=************2345 | AMOUNT=500.00 | CURRENCY=ETB | STATUS=APPROVED | AUTH=917386
2026-06-06 01:50:58 | ATM-001 | TID001 | TXN | WITHDRAWAL | SEQ=950914 | CARD=************9012 | AMOUNT=5000.00 | CURRENCY=ETB | STATUS=APPROVED | AUTH=659602
2026-06-06 01:53:51 | ATM-001 | TID001 | TXN | WITHDRAWAL | SEQ=447043 | CARD=************2345 | AMOUNT=200.00 | CURRENCY=ETB | STATUS=APPROVED | AUTH=444775
2026-06-06 01:56:44 | ATM-001 | TID001 | TXN | WITHDRAWAL | SEQ=114771 | CARD=************9012 | AMOUNT=2000.00 | CURRENCY=ETB | STATUS=APPROVED | AUTH=831083
2026-06-06 01:59:37 | ATM-001 | TID001 | TXN | WITHDRAWAL | SEQ=150221 | CARD=************7890 | AMOUNT=500.00 | CURRENCY=ETB | STATUS=APPROVED | AUTH=986794
2026-06-06 02:02:30 | ATM-001 | TID001 | TXN | WITHDRAWAL | SEQ=561631 | CARD=************9012 | AMOUNT=100.00 | CURRENCY=ETB | STATUS=APPROVED | AUTH=247359
2026-06-06 02:05:22 | ATM-001 | TID001 | TXN | WITHDRAWAL | SEQ=422996 | CARD=************9012 | AMOUNT=1000.00 | CURRENCY=ETB | STATUS=APPROVED | AUTH=182355
2026-06-06 02:08:15 | ATM-001 | TID001 | TXN | WITHDRAWAL | SEQ=247308 | CARD=************8901 | AMOUNT=1000.00 | CURRENCY=ETB | STATUS=APPROVED | AUTH=385258
2026-06-06 02:11:08 | ATM-001 | TID001 | TXN | WITHDRAWAL | SEQ=864241 | CARD=************2345 | AMOUNT=200.00 | CURRENCY=ETB | STATUS=APPROVED | AUTH=546922
2026-06-06 02:14:01 | ATM-001 | TID001 | TXN | WITHDRAWAL | SEQ=845372 | CARD=************1234 | AMOUNT=2000.00 | CURRENCY=ETB | STATUS=APPROVED | AUTH=840474
2026-06-06 02:16:54 | ATM-001 | TID001 | TXN | WITHDRAWAL | SEQ=845448 | CARD=************0123 | AMOUNT=5000.00 | CURRENCY=ETB | STATUS=DECLINED
2026-06-06 02:19:46 | ATM-001 | TID001 | TXN | WITHDRAWAL | SEQ=948239 | CARD=************3456 | AMOUNT=2000.00 | CURRENCY=ETB | STATUS=TIMEOUT
2026-06-06 02:22:39 | ATM-001 | TID001 | TXN | WITHDRAWAL | SEQ=653432 | CARD=************4567 | AMOUNT=2000.00 | CURRENCY=ETB | STATUS=APPROVED | AUTH=670788
2026-06-06 02:25:32 | ATM-001 | TID001 | TXN | WITHDRAWAL | SEQ=743125 | CARD=************4567 | AMOUNT=2000.00 | CURRENCY=ETB | STATUS=APPROVED | AUTH=215524
2026-06-06 02:28:25 | ATM-001 | TID001 | TXN | WITHDRAWAL | SEQ=165357 | CARD=************3456 | AMOUNT=2000.00 | CURRENCY=ETB | STATUS=TIMEOUT
2026-06-06 02:31:18 | ATM-001 | TID001 | TXN | WITHDRAWAL | SEQ=529995 | CARD=************0123 | AMOUNT=500.00 | CURRENCY=ETB | STATUS=APPROVED | AUTH=661490
2026-06-06 02:34:10 | ATM-001 | TID001 | TXN | WITHDRAWAL | SEQ=814246 | CARD=************4567 | AMOUNT=2000.00 | CURRENCY=ETB | STATUS=APPROVED | AUTH=144427
2026-06-06 02:37:03 | ATM-001 | TID001 | TXN | WITHDRAWAL | SEQ=257067 | CARD=************1234 | AMOUNT=5000.00 | CURRENCY=ETB | STATUS=DECLINED
2026-06-06 02:39:56 | ATM-001 | TID001 | TXN | WITHDRAWAL | SEQ=309229 | CARD=************7890 | AMOUNT=500.00 | CURRENCY=ETB | STATUS=APPROVED | AUTH=474209
2026-06-06 02:42:49 | ATM-001 | TID001 | TXN | WITHDRAWAL | SEQ=442150 | CARD=************6789 | AMOUNT=1000.00 | CURRENCY=ETB | STATUS=APPROVED | AUTH=307250
2026-06-06 02:45:42 | ATM-001 | TID001 | TXN | WITHDRAWAL | SEQ=381099 | CARD=************9012 | AMOUNT=200.00 | CURRENCY=ETB | STATUS=APPROVED | AUTH=331591
2026-06-06 02:48:34 | ATM-001 | TID001 | TXN | WITHDRAWAL | SEQ=216483 | CARD=************0123 | AMOUNT=5000.00 | CURRENCY=ETB | STATUS=APPROVED | AUTH=418140
2026-06-06 02:51:27 | ATM-001 | TID001 | TXN | WITHDRAWAL | SEQ=616977 | CARD=************6789 | AMOUNT=100.00 | CURRENCY=ETB | STATUS=DECLINED
2026-06-06 02:54:20 | ATM-001 | TID001 | TXN | WITHDRAWAL | SEQ=735917 | CARD=************9012 | AMOUNT=100.00 | CURRENCY=ETB | STATUS=APPROVED | AUTH=304694
2026-06-06 02:57:13 | ATM-001 | TID001 | TXN | WITHDRAWAL | SEQ=255989 | CARD=************4567 | AMOUNT=2000.00 | CURRENCY=ETB | STATUS=APPROVED | AUTH=993827
2026-06-06 03:00:06 | ATM-001 | TID001 | TXN | WITHDRAWAL | SEQ=600536 | CARD=************1234 | AMOUNT=2000.00 | CURRENCY=ETB | STATUS=APPROVED | AUTH=898703
2026-06-06 03:02:58 | ATM-001 | TID001 | TXN | WITHDRAWAL | SEQ=299738 | CARD=************5678 | AMOUNT=200.00 | CURRENCY=ETB | STATUS=TIMEOUT
2026-06-06 03:05:51 | ATM-001 | TID001 | TXN | WITHDRAWAL | SEQ=215621 | CARD=************3456 | AMOUNT=200.00 | CURRENCY=ETB | STATUS=APPROVED | AUTH=658698
2026-06-06 03:08:44 | ATM-001 | TID001 | TXN | WITHDRAWAL | SEQ=191782 | CARD=************9012 | AMOUNT=200.00 | CURRENCY=ETB | STATUS=APPROVED | AUTH=840001
2026-06-06 03:11:37 | ATM-001 | TID001 | TXN | WITHDRAWAL | SEQ=579590 | CARD=************7890 | AMOUNT=200.00 | CURRENCY=ETB | STATUS=APPROVED | AUTH=663555
2026-06-06 03:14:30 | ATM-001 | TID001 | TXN | WITHDRAWAL | SEQ=692363 | CARD=************4567 | AMOUNT=500.00 | CURRENCY=ETB | STATUS=APPROVED | AUTH=837894
2026-06-06 03:17:22 | ATM-001 | TID001 | TXN | WITHDRAWAL | SEQ=215074 | CARD=************0123 | AMOUNT=2000.00 | CURRENCY=ETB | STATUS=APPROVED | AUTH=472378
2026-06-06 03:20:15 | ATM-001 | TID001 | TXN | WITHDRAWAL | SEQ=589162 | CARD=************2345 | AMOUNT=200.00 | CURRENCY=ETB | STATUS=APPROVED | AUTH=118586
2026-06-06 03:23:08 | ATM-001 | TID001 | TXN | WITHDRAWAL | SEQ=850312 | CARD=************4567 | AMOUNT=500.00 | CURRENCY=ETB | STATUS=APPROVED | AUTH=680873
2026-06-06 03:26:01 | ATM-001 | TID001 | TXN | WITHDRAWAL | SEQ=962212 | CARD=************4567 | AMOUNT=2000.00 | CURRENCY=ETB | STATUS=APPROVED | AUTH=903123
2026-06-06 03:28:54 | ATM-001 | TID001 | TXN | WITHDRAWAL | SEQ=840359 | CARD=************1234 | AMOUNT=1000.00 | CURRENCY=ETB | STATUS=APPROVED | AUTH=703146
2026-06-06 03:31:46 | ATM-001 | TID001 | TXN | WITHDRAWAL | SEQ=567728 | CARD=************1234 | AMOUNT=1000.00 | CURRENCY=ETB | STATUS=DECLINED
2026-06-06 03:34:39 | ATM-001 | TID001 | TXN | WITHDRAWAL | SEQ=420574 | CARD=************0123 | AMOUNT=5000.00 | CURRENCY=ETB | STATUS=DECLINED
2026-06-06 03:37:32 | ATM-001 | TID001 | TXN | WITHDRAWAL | SEQ=153316 | CARD=************8901 | AMOUNT=5000.00 | CURRENCY=ETB | STATUS=APPROVED | AUTH=654667
2026-06-06 03:40:25 | ATM-001 | TID001 | TXN | WITHDRAWAL | SEQ=378359 | CARD=************6789 | AMOUNT=200.00 | CURRENCY=ETB | STATUS=DECLINED
2026-06-06 03:43:18 | ATM-001 | TID001 | TXN | WITHDRAWAL | SEQ=642777 | CARD=************4567 | AMOUNT=1000.00 | CURRENCY=ETB | STATUS=APPROVED | AUTH=723442
2026-06-06 03:46:10 | ATM-001 | TID001 | TXN | WITHDRAWAL | SEQ=227155 | CARD=************0123 | AMOUNT=200.00 | CURRENCY=ETB | STATUS=APPROVED | AUTH=153384
2026-06-06 03:49:03 | ATM-001 | TID001 | TXN | WITHDRAWAL | SEQ=383081 | CARD=************8901 | AMOUNT=100.00 | CURRENCY=ETB | STATUS=APPROVED | AUTH=696914
2026-06-06 03:51:56 | ATM-001 | TID001 | TXN | WITHDRAWAL | SEQ=647482 | CARD=************0123 | AMOUNT=2000.00 | CURRENCY=ETB | STATUS=APPROVED | AUTH=296038
2026-06-06 03:54:49 | ATM-001 | TID001 | TXN | WITHDRAWAL | SEQ=571919 | CARD=************5678 | AMOUNT=100.00 | CURRENCY=ETB | STATUS=APPROVED | AUTH=980292
2026-06-06 03:57:42 | ATM-001 | TID001 | TXN | WITHDRAWAL | SEQ=983194 | CARD=************9012 | AMOUNT=5000.00 | CURRENCY=ETB | STATUS=APPROVED | AUTH=645698
2026-06-06 04:00:34 | ATM-001 | TID001 | TXN | WITHDRAWAL | SEQ=428516 | CARD=************4567 | AMOUNT=1000.00 | CURRENCY=ETB | STATUS=APPROVED | AUTH=654317
2026-06-06 04:03:27 | ATM-001 | TID001 | TXN | WITHDRAWAL | SEQ=976247 | CARD=************8901 | AMOUNT=1000.00 | CURRENCY=ETB | STATUS=APPROVED | AUTH=922652
2026-06-06 04:06:20 | ATM-001 | TID001 | TXN | WITHDRAWAL | SEQ=199657 | CARD=************5678 | AMOUNT=500.00 | CURRENCY=ETB | STATUS=APPROVED | AUTH=544006
2026-06-06 04:09:13 | ATM-001 | TID001 | TXN | WITHDRAWAL | SEQ=346438 | CARD=************8901 | AMOUNT=200.00 | CURRENCY=ETB | STATUS=DECLINED
2026-06-06 04:12:06 | ATM-001 | TID001 | TXN | WITHDRAWAL | SEQ=720057 | CARD=************1234 | AMOUNT=5000.00 | CURRENCY=ETB | STATUS=APPROVED | AUTH=111404
2026-06-06 04:14:58 | ATM-001 | TID001 | TXN | WITHDRAWAL | SEQ=831703 | CARD=************8901 | AMOUNT=5000.00 | CURRENCY=ETB | STATUS=APPROVED | AUTH=133480
2026-06-06 04:17:51 | ATM-001 | TID001 | TXN | WITHDRAWAL | SEQ=202629 | CARD=************9012 | AMOUNT=500.00 | CURRENCY=ETB | STATUS=DECLINED
2026-06-06 04:20:44 | ATM-001 | TID001 | TXN | WITHDRAWAL | SEQ=304854 | CARD=************8901 | AMOUNT=5000.00 | CURRENCY=ETB | STATUS=APPROVED | AUTH=485868
2026-06-06 04:23:37 | ATM-001 | TID001 | TXN | WITHDRAWAL | SEQ=735718 | CARD=************3456 | AMOUNT=500.00 | CURRENCY=ETB | STATUS=APPROVED | AUTH=310767
2026-06-06 04:26:30 | ATM-001 | TID001 | TXN | WITHDRAWAL | SEQ=424871 | CARD=************8901 | AMOUNT=500.00 | CURRENCY=ETB | STATUS=APPROVED | AUTH=798478
2026-06-06 04:29:22 | ATM-001 | TID001 | TXN | WITHDRAWAL | SEQ=572659 | CARD=************0123 | AMOUNT=200.00 | CURRENCY=ETB | STATUS=TIMEOUT
2026-06-06 04:32:15 | ATM-001 | TID001 | TXN | WITHDRAWAL | SEQ=655487 | CARD=************6789 | AMOUNT=100.00 | CURRENCY=ETB | STATUS=APPROVED | AUTH=421303
2026-06-06 04:35:08 | ATM-001 | TID001 | TXN | WITHDRAWAL | SEQ=727455 | CARD=************9012 | AMOUNT=100.00 | CURRENCY=ETB | STATUS=APPROVED | AUTH=249781
2026-06-06 04:38:01 | ATM-001 | TID001 | TXN | WITHDRAWAL | SEQ=999684 | CARD=************6789 | AMOUNT=2000.00 | CURRENCY=ETB | STATUS=APPROVED | AUTH=310281
2026-06-06 04:40:54 | ATM-001 | TID001 | TXN | WITHDRAWAL | SEQ=153972 | CARD=************1234 | AMOUNT=5000.00 | CURRENCY=ETB | STATUS=APPROVED | AUTH=921394
2026-06-06 04:43:46 | ATM-001 | TID001 | TXN | WITHDRAWAL | SEQ=156882 | CARD=************9012 | AMOUNT=5000.00 | CURRENCY=ETB | STATUS=APPROVED | AUTH=193278
2026-06-06 04:46:39 | ATM-001 | TID001 | TXN | WITHDRAWAL | SEQ=646680 | CARD=************9012 | AMOUNT=1000.00 | CURRENCY=ETB | STATUS=DECLINED
2026-06-06 04:49:32 | ATM-001 | TID001 | TXN | WITHDRAWAL | SEQ=788870 | CARD=************4567 | AMOUNT=500.00 | CURRENCY=ETB | STATUS=APPROVED | AUTH=284664
2026-06-06 04:52:25 | ATM-001 | TID001 | TXN | WITHDRAWAL | SEQ=199177 | CARD=************8901 | AMOUNT=500.00 | CURRENCY=ETB | STATUS=APPROVED | AUTH=784654
2026-06-06 04:55:18 | ATM-001 | TID001 | TXN | WITHDRAWAL | SEQ=856810 | CARD=************2345 | AMOUNT=500.00 | CURRENCY=ETB | STATUS=APPROVED | AUTH=745176
2026-06-06 04:58:10 | ATM-001 | TID001 | TXN | WITHDRAWAL | SEQ=934476 | CARD=************5678 | AMOUNT=2000.00 | CURRENCY=ETB | STATUS=APPROVED | AUTH=426581
2026-06-06 05:01:03 | ATM-001 | TID001 | TXN | WITHDRAWAL | SEQ=805078 | CARD=************2345 | AMOUNT=5000.00 | CURRENCY=ETB | STATUS=APPROVED | AUTH=262211
2026-06-06 05:03:56 | ATM-001 | TID001 | TXN | WITHDRAWAL | SEQ=632120 | CARD=************7890 | AMOUNT=500.00 | CURRENCY=ETB | STATUS=APPROVED | AUTH=583327
2026-06-06 05:06:49 | ATM-001 | TID001 | TXN | WITHDRAWAL | SEQ=249363 | CARD=************4567 | AMOUNT=2000.00 | CURRENCY=ETB | STATUS=APPROVED | AUTH=533935
2026-06-06 05:09:42 | ATM-001 | TID001 | TXN | WITHDRAWAL | SEQ=920448 | CARD=************4567 | AMOUNT=100.00 | CURRENCY=ETB | STATUS=APPROVED | AUTH=878387
2026-06-06 05:12:34 | ATM-001 | TID001 | TXN | WITHDRAWAL | SEQ=901636 | CARD=************0123 | AMOUNT=500.00 | CURRENCY=ETB | STATUS=APPROVED | AUTH=695238
2026-06-06 05:15:27 | ATM-001 | TID001 | TXN | WITHDRAWAL | SEQ=879532 | CARD=************9012 | AMOUNT=200.00 | CURRENCY=ETB | STATUS=APPROVED | AUTH=185888
2026-06-06 05:18:20 | ATM-001 | TID001 | TXN | WITHDRAWAL | SEQ=219472 | CARD=************1234 | AMOUNT=500.00 | CURRENCY=ETB | STATUS=APPROVED | AUTH=966270
2026-06-06 05:21:13 | ATM-001 | TID001 | TXN | WITHDRAWAL | SEQ=478543 | CARD=************7890 | AMOUNT=200.00 | CURRENCY=ETB | STATUS=APPROVED | AUTH=756957
2026-06-06 05:24:06 | ATM-001 | TID001 | TXN | WITHDRAWAL | SEQ=131450 | CARD=************9012 | AMOUNT=200.00 | CURRENCY=ETB | STATUS=APPROVED | AUTH=112845
2026-06-06 05:26:58 | ATM-001 | TID001 | TXN | WITHDRAWAL | SEQ=333929 | CARD=************1234 | AMOUNT=200.00 | CURRENCY=ETB | STATUS=DECLINED
2026-06-06 05:29:51 | ATM-001 | TID001 | TXN | WITHDRAWAL | SEQ=498645 | CARD=************2345 | AMOUNT=500.00 | CURRENCY=ETB | STATUS=APPROVED | AUTH=873213
2026-06-06 05:32:44 | ATM-001 | TID001 | TXN | WITHDRAWAL | SEQ=418964 | CARD=************9012 | AMOUNT=500.00 | CURRENCY=ETB | STATUS=APPROVED | AUTH=753187
2026-06-06 05:35:37 | ATM-001 | TID001 | TXN | WITHDRAWAL | SEQ=606634 | CARD=************5678 | AMOUNT=1000.00 | CURRENCY=ETB | STATUS=APPROVED | AUTH=725791
2026-06-06 05:38:30 | ATM-001 | TID001 | TXN | WITHDRAWAL | SEQ=389276 | CARD=************7890 | AMOUNT=200.00 | CURRENCY=ETB | STATUS=APPROVED | AUTH=219708
2026-06-06 05:41:22 | ATM-001 | TID001 | TXN | WITHDRAWAL | SEQ=779848 | CARD=************5678 | AMOUNT=1000.00 | CURRENCY=ETB | STATUS=APPROVED | AUTH=363168
2026-06-06 05:44:15 | ATM-001 | TID001 | TXN | WITHDRAWAL | SEQ=246471 | CARD=************4567 | AMOUNT=1000.00 | CURRENCY=ETB | STATUS=APPROVED | AUTH=115889
2026-06-06 05:47:08 | ATM-001 | TID001 | TXN | WITHDRAWAL | SEQ=560477 | CARD=************6789 | AMOUNT=100.00 | CURRENCY=ETB | STATUS=APPROVED | AUTH=210884
2026-06-06 05:50:01 | ATM-001 | TID001 | TXN | WITHDRAWAL | SEQ=108964 | CARD=************7890 | AMOUNT=2000.00 | CURRENCY=ETB | STATUS=APPROVED | AUTH=604403
2026-06-06 05:52:54 | ATM-001 | TID001 | TXN | WITHDRAWAL | SEQ=142080 | CARD=************4567 | AMOUNT=2000.00 | CURRENCY=ETB | STATUS=APPROVED | AUTH=931262
2026-06-06 05:55:46 | ATM-001 | TID001 | TXN | TRANSFER | SEQ=119640 | CARD=************7890 | AMOUNT=10000.00 | CURRENCY=ETB | STATUS=APPROVED | AUTH=853701
2026-06-06 05:56:35 | ATM-001 | TID001 | TXN | WITHDRAWAL | SEQ=760947 | CARD=************7890 | AMOUNT=100.00 | CURRENCY=ETB | STATUS=APPROVED | AUTH=924035
2026-06-06 05:57:28 | ATM-001 | TID001 | TXN | WITHDRAWAL | SEQ=235145 | CARD=************1234 | AMOUNT=5000.00 | CURRENCY=ETB | STATUS=APPROVED | AUTH=230710
2026-06-06 05:58:19 | ATM-001 | TID001 | ERROR | CASH_JAM_CASSETTE | CODE=3A7F | CASSETTE=1
2026-06-06 05:58:50 | ATM-001 | TID001 | TXN | BALANCE_INQ | SEQ=626605 | CARD=************9012 | STATUS=APPROVED
2026-06-05 06:00:02 | ATM-001 | TID001 | TXN | WITHDRAWAL | SEQ=189825 | CARD=************0123 | AMOUNT=5000.00 | CURRENCY=ETB | STATUS=APPROVED | AUTH=370785
2026-06-05 06:02:54 | ATM-001 | TID001 | TXN | WITHDRAWAL | SEQ=371022 | CARD=************1234 | AMOUNT=200.00 | CURRENCY=ETB | STATUS=APPROVED | AUTH=904389
2026-06-05 06:05:47 | ATM-001 | TID001 | TXN | WITHDRAWAL | SEQ=396352 | CARD=************6789 | AMOUNT=1000.00 | CURRENCY=ETB | STATUS=APPROVED | AUTH=546411
2026-06-05 06:08:40 | ATM-001 | TID001 | TXN | WITHDRAWAL | SEQ=784293 | CARD=************4567 | AMOUNT=200.00 | CURRENCY=ETB | STATUS=APPROVED | AUTH=974455
2026-06-05 06:11:33 | ATM-001 | TID001 | TXN | WITHDRAWAL | SEQ=297312 | CARD=************4567 | AMOUNT=5000.00 | CURRENCY=ETB | STATUS=APPROVED | AUTH=846129
2026-06-05 06:14:26 | ATM-001 | TID001 | TXN | WITHDRAWAL | SEQ=144725 | CARD=************9012 | AMOUNT=500.00 | CURRENCY=ETB | STATUS=APPROVED | AUTH=886590
2026-06-05 06:17:18 | ATM-001 | TID001 | TXN | WITHDRAWAL | SEQ=200088 | CARD=************2345 | AMOUNT=100.00 | CURRENCY=ETB | STATUS=APPROVED | AUTH=958499
2026-06-05 06:20:11 | ATM-001 | TID001 | TXN | WITHDRAWAL | SEQ=750671 | CARD=************7890 | AMOUNT=500.00 | CURRENCY=ETB | STATUS=APPROVED | AUTH=452530
2026-06-05 06:23:04 | ATM-001 | TID001 | TXN | WITHDRAWAL | SEQ=972898 | CARD=************7890 | AMOUNT=200.00 | CURRENCY=ETB | STATUS=APPROVED | AUTH=823650
2026-06-05 06:25:57 | ATM-001 | TID001 | TXN | WITHDRAWAL | SEQ=763759 | CARD=************2345 | AMOUNT=500.00 | CURRENCY=ETB | STATUS=APPROVED | AUTH=146844
2026-06-05 06:28:50 | ATM-001 | TID001 | TXN | WITHDRAWAL | SEQ=748595 | CARD=************3456 | AMOUNT=500.00 | CURRENCY=ETB | STATUS=APPROVED | AUTH=760576
2026-06-05 06:31:42 | ATM-001 | TID001 | TXN | WITHDRAWAL | SEQ=667876 | CARD=************3456 | AMOUNT=100.00 | CURRENCY=ETB | STATUS=APPROVED | AUTH=201638
2026-06-05 06:34:35 | ATM-001 | TID001 | TXN | WITHDRAWAL | SEQ=519011 | CARD=************0123 | AMOUNT=200.00 | CURRENCY=ETB | STATUS=APPROVED | AUTH=840633
2026-06-05 06:37:28 | ATM-001 | TID001 | TXN | WITHDRAWAL | SEQ=382900 | CARD=************7890 | AMOUNT=1000.00 | CURRENCY=ETB | STATUS=DECLINED
2026-06-05 06:40:21 | ATM-001 | TID001 | TXN | WITHDRAWAL | SEQ=285588 | CARD=************2345 | AMOUNT=100.00 | CURRENCY=ETB | STATUS=APPROVED | AUTH=764148
2026-06-05 06:43:14 | ATM-001 | TID001 | TXN | WITHDRAWAL | SEQ=517768 | CARD=************0123 | AMOUNT=1000.00 | CURRENCY=ETB | STATUS=APPROVED | AUTH=858546
2026-06-05 06:46:06 | ATM-001 | TID001 | TXN | WITHDRAWAL | SEQ=379173 | CARD=************2345 | AMOUNT=1000.00 | CURRENCY=ETB | STATUS=APPROVED | AUTH=598202
2026-06-05 06:48:59 | ATM-001 | TID001 | TXN | WITHDRAWAL | SEQ=937071 | CARD=************1234 | AMOUNT=1000.00 | CURRENCY=ETB | STATUS=APPROVED | AUTH=169516
2026-06-05 06:51:52 | ATM-001 | TID001 | TXN | WITHDRAWAL | SEQ=648622 | CARD=************3456 | AMOUNT=2000.00 | CURRENCY=ETB | STATUS=APPROVED | AUTH=310132
2026-06-05 06:54:45 | ATM-001 | TID001 | TXN | WITHDRAWAL | SEQ=512433 | CARD=************9012 | AMOUNT=2000.00 | CURRENCY=ETB | STATUS=APPROVED | AUTH=150966
2026-06-05 06:57:38 | ATM-001 | TID001 | TXN | WITHDRAWAL | SEQ=318077 | CARD=************4567 | AMOUNT=5000.00 | CURRENCY=ETB | STATUS=APPROVED | AUTH=492924
2026-06-05 07:00:30 | ATM-001 | TID001 | TXN | WITHDRAWAL | SEQ=333429 | CARD=************2345 | AMOUNT=2000.00 | CURRENCY=ETB | STATUS=APPROVED | AUTH=475617
2026-06-05 07:03:23 | ATM-001 | TID001 | TXN | WITHDRAWAL | SEQ=199114 | CARD=************6789 | AMOUNT=2000.00 | CURRENCY=ETB | STATUS=APPROVED | AUTH=964060
2026-06-05 07:06:16 | ATM-001 | TID001 | TXN | WITHDRAWAL | SEQ=511921 | CARD=************8901 | AMOUNT=100.00 | CURRENCY=ETB | STATUS=APPROVED | AUTH=379014
2026-06-05 07:09:09 | ATM-001 | TID001 | TXN | WITHDRAWAL | SEQ=653453 | CARD=************4567 | AMOUNT=500.00 | CURRENCY=ETB | STATUS=APPROVED | AUTH=377773
2026-06-05 07:12:02 | ATM-001 | TID001 | TXN | WITHDRAWAL | SEQ=905018 | CARD=************7890 | AMOUNT=500.00 | CURRENCY=ETB | STATUS=APPROVED | AUTH=247701
2026-06-05 07:14:54 | ATM-001 | TID001 | TXN | WITHDRAWAL | SEQ=172058 | CARD=************9012 | AMOUNT=100.00 | CURRENCY=ETB | STATUS=APPROVED | AUTH=683691
2026-06-05 07:17:47 | ATM-001 | TID001 | TXN | WITHDRAWAL | SEQ=282408 | CARD=************2345 | AMOUNT=200.00 | CURRENCY=ETB | STATUS=APPROVED | AUTH=366223
2026-06-05 07:20:40 | ATM-001 | TID001 | TXN | WITHDRAWAL | SEQ=745423 | CARD=************3456 | AMOUNT=2000.00 | CURRENCY=ETB | STATUS=APPROVED | AUTH=845848
2026-06-05 07:23:33 | ATM-001 | TID001 | TXN | WITHDRAWAL | SEQ=891650 | CARD=************2345 | AMOUNT=100.00 | CURRENCY=ETB | STATUS=DECLINED
2026-06-05 07:26:26 | ATM-001 | TID001 | TXN | WITHDRAWAL | SEQ=785920 | CARD=************7890 | AMOUNT=500.00 | CURRENCY=ETB | STATUS=APPROVED | AUTH=553238
2026-06-05 07:29:18 | ATM-001 | TID001 | TXN | WITHDRAWAL | SEQ=181476 | CARD=************1234 | AMOUNT=200.00 | CURRENCY=ETB | STATUS=APPROVED | AUTH=639421
2026-06-05 07:32:11 | ATM-001 | TID001 | TXN | WITHDRAWAL | SEQ=969771 | CARD=************9012 | AMOUNT=200.00 | CURRENCY=ETB | STATUS=APPROVED | AUTH=648445
2026-06-05 07:35:04 | ATM-001 | TID001 | TXN | WITHDRAWAL | SEQ=976811 | CARD=************2345 | AMOUNT=2000.00 | CURRENCY=ETB | STATUS=APPROVED | AUTH=109090
2026-06-05 07:37:57 | ATM-001 | TID001 | TXN | WITHDRAWAL | SEQ=877629 | CARD=************1234 | AMOUNT=500.00 | CURRENCY=ETB | STATUS=APPROVED | AUTH=743785
2026-06-05 07:40:50 | ATM-001 | TID001 | TXN | WITHDRAWAL | SEQ=210133 | CARD=************1234 | AMOUNT=200.00 | CURRENCY=ETB | STATUS=DECLINED
2026-06-05 07:43:42 | ATM-001 | TID001 | TXN | WITHDRAWAL | SEQ=194895 | CARD=************2345 | AMOUNT=200.00 | CURRENCY=ETB | STATUS=APPROVED | AUTH=984744
2026-06-05 07:46:35 | ATM-001 | TID001 | TXN | WITHDRAWAL | SEQ=660318 | CARD=************7890 | AMOUNT=100.00 | CURRENCY=ETB | STATUS=APPROVED | AUTH=641091
2026-06-05 07:49:28 | ATM-001 | TID001 | TXN | WITHDRAWAL | SEQ=361457 | CARD=************0123 | AMOUNT=1000.00 | CURRENCY=ETB | STATUS=APPROVED | AUTH=330066
2026-06-05 07:52:21 | ATM-001 | TID001 | TXN | WITHDRAWAL | SEQ=971439 | CARD=************6789 | AMOUNT=200.00 | CURRENCY=ETB | STATUS=APPROVED | AUTH=786026
2026-06-05 07:55:14 | ATM-001 | TID001 | TXN | WITHDRAWAL | SEQ=880819 | CARD=************0123 | AMOUNT=2000.00 | CURRENCY=ETB | STATUS=APPROVED | AUTH=785524
2026-06-05 07:58:06 | ATM-001 | TID001 | TXN | WITHDRAWAL | SEQ=794433 | CARD=************3456 | AMOUNT=100.00 | CURRENCY=ETB | STATUS=APPROVED | AUTH=586484
2026-06-05 08:00:59 | ATM-001 | TID001 | TXN | WITHDRAWAL | SEQ=815087 | CARD=************2345 | AMOUNT=200.00 | CURRENCY=ETB | STATUS=DECLINED
2026-06-05 08:03:52 | ATM-001 | TID001 | TXN | WITHDRAWAL | SEQ=252581 | CARD=************6789 | AMOUNT=5000.00 | CURRENCY=ETB | STATUS=APPROVED | AUTH=633000
2026-06-05 08:06:45 | ATM-001 | TID001 | TXN | WITHDRAWAL | SEQ=409078 | CARD=************1234 | AMOUNT=5000.00 | CURRENCY=ETB | STATUS=APPROVED | AUTH=111398
2026-06-05 08:09:38 | ATM-001 | TID001 | TXN | WITHDRAWAL | SEQ=287939 | CARD=************7890 | AMOUNT=2000.00 | CURRENCY=ETB | STATUS=APPROVED | AUTH=101116
2026-06-05 08:12:30 | ATM-001 | TID001 | TXN | WITHDRAWAL | SEQ=445828 | CARD=************6789 | AMOUNT=200.00 | CURRENCY=ETB | STATUS=APPROVED | AUTH=810180
2026-06-05 08:15:23 | ATM-001 | TID001 | TXN | WITHDRAWAL | SEQ=280482 | CARD=************3456 | AMOUNT=500.00 | CURRENCY=ETB | STATUS=APPROVED | AUTH=951748
2026-06-05 08:18:16 | ATM-001 | TID001 | TXN | WITHDRAWAL | SEQ=726104 | CARD=************8901 | AMOUNT=1000.00 | CURRENCY=ETB | STATUS=APPROVED | AUTH=803956
2026-06-05 08:21:09 | ATM-001 | TID001 | TXN | WITHDRAWAL | SEQ=620212 | CARD=************0123 | AMOUNT=1000.00 | CURRENCY=ETB | STATUS=APPROVED | AUTH=827087
2026-06-05 08:24:02 | ATM-001 | TID001 | TXN | WITHDRAWAL | SEQ=154480 | CARD=************5678 | AMOUNT=5000.00 | CURRENCY=ETB | STATUS=DECLINED
2026-06-05 08:26:54 | ATM-001 | TID001 | TXN | WITHDRAWAL | SEQ=210058 | CARD=************4567 | AMOUNT=500.00 | CURRENCY=ETB | STATUS=DECLINED
2026-06-05 08:29:47 | ATM-001 | TID001 | TXN | WITHDRAWAL | SEQ=290292 | CARD=************8901 | AMOUNT=5000.00 | CURRENCY=ETB | STATUS=APPROVED | AUTH=552125
2026-06-05 08:32:40 | ATM-001 | TID001 | TXN | WITHDRAWAL | SEQ=219986 | CARD=************1234 | AMOUNT=5000.00 | CURRENCY=ETB | STATUS=DECLINED
2026-06-05 08:35:33 | ATM-001 | TID001 | TXN | WITHDRAWAL | SEQ=499683 | CARD=************2345 | AMOUNT=2000.00 | CURRENCY=ETB | STATUS=APPROVED | AUTH=612001
2026-06-05 08:38:26 | ATM-001 | TID001 | TXN | WITHDRAWAL | SEQ=804928 | CARD=************4567 | AMOUNT=200.00 | CURRENCY=ETB | STATUS=APPROVED | AUTH=837114
2026-06-05 08:41:18 | ATM-001 | TID001 | TXN | WITHDRAWAL | SEQ=283165 | CARD=************1234 | AMOUNT=1000.00 | CURRENCY=ETB | STATUS=APPROVED | AUTH=363903
2026-06-05 08:44:11 | ATM-001 | TID001 | TXN | WITHDRAWAL | SEQ=407347 | CARD=************1234 | AMOUNT=100.00 | CURRENCY=ETB | STATUS=APPROVED | AUTH=512835
2026-06-05 08:47:04 | ATM-001 | TID001 | TXN | WITHDRAWAL | SEQ=526666 | CARD=************7890 | AMOUNT=500.00 | CURRENCY=ETB | STATUS=APPROVED | AUTH=484077
2026-06-05 08:49:57 | ATM-001 | TID001 | TXN | WITHDRAWAL | SEQ=330299 | CARD=************0123 | AMOUNT=500.00 | CURRENCY=ETB | STATUS=APPROVED | AUTH=409272
2026-06-05 08:52:50 | ATM-001 | TID001 | TXN | WITHDRAWAL | SEQ=681074 | CARD=************8901 | AMOUNT=200.00 | CURRENCY=ETB | STATUS=APPROVED | AUTH=542496
2026-06-05 08:55:42 | ATM-001 | TID001 | TXN | WITHDRAWAL | SEQ=871364 | CARD=************6789 | AMOUNT=200.00 | CURRENCY=ETB | STATUS=APPROVED | AUTH=647901
2026-06-05 08:58:35 | ATM-001 | TID001 | TXN | WITHDRAWAL | SEQ=758881 | CARD=************6789 | AMOUNT=2000.00 | CURRENCY=ETB | STATUS=APPROVED | AUTH=396669
2026-06-05 09:01:28 | ATM-001 | TID001 | TXN | WITHDRAWAL | SEQ=502113 | CARD=************1234 | AMOUNT=500.00 | CURRENCY=ETB | STATUS=APPROVED | AUTH=807012
2026-06-05 09:04:21 | ATM-001 | TID001 | TXN | WITHDRAWAL | SEQ=281190 | CARD=************9012 | AMOUNT=500.00 | CURRENCY=ETB | STATUS=APPROVED | AUTH=914119
2026-06-05 09:07:14 | ATM-001 | TID001 | TXN | WITHDRAWAL | SEQ=169757 | CARD=************9012 | AMOUNT=100.00 | CURRENCY=ETB | STATUS=APPROVED | AUTH=524315
2026-06-05 09:10:06 | ATM-001 | TID001 | TXN | WITHDRAWAL | SEQ=267443 | CARD=************1234 | AMOUNT=100.00 | CURRENCY=ETB | STATUS=APPROVED | AUTH=609576
2026-06-05 09:12:59 | ATM-001 | TID001 | TXN | WITHDRAWAL | SEQ=196364 | CARD=************1234 | AMOUNT=200.00 | CURRENCY=ETB | STATUS=APPROVED | AUTH=709703
2026-06-05 09:15:52 | ATM-001 | TID001 | TXN | WITHDRAWAL | SEQ=434717 | CARD=************7890 | AMOUNT=100.00 | CURRENCY=ETB | STATUS=DECLINED
2026-06-05 09:18:45 | ATM-001 | TID001 | TXN | WITHDRAWAL | SEQ=363672 | CARD=************4567 | AMOUNT=200.00 | CURRENCY=ETB | STATUS=APPROVED | AUTH=740160
2026-06-05 09:21:38 | ATM-001 | TID001 | TXN | WITHDRAWAL | SEQ=920068 | CARD=************5678 | AMOUNT=1000.00 | CURRENCY=ETB | STATUS=APPROVED | AUTH=380371
2026-06-05 09:24:30 | ATM-001 | TID001 | TXN | WITHDRAWAL | SEQ=523794 | CARD=************6789 | AMOUNT=1000.00 | CURRENCY=ETB | STATUS=APPROVED | AUTH=410239
2026-06-05 09:27:23 | ATM-001 | TID001 | TXN | WITHDRAWAL | SEQ=988827 | CARD=************5678 | AMOUNT=100.00 | CURRENCY=ETB | STATUS=APPROVED | AUTH=383311
2026-06-05 09:30:16 | ATM-001 | TID001 | TXN | WITHDRAWAL | SEQ=473315 | CARD=************4567 | AMOUNT=500.00 | CURRENCY=ETB | STATUS=DECLINED
2026-06-05 09:33:09 | ATM-001 | TID001 | TXN | WITHDRAWAL | SEQ=245961 | CARD=************9012 | AMOUNT=200.00 | CURRENCY=ETB | STATUS=APPROVED | AUTH=153433
2026-06-05 09:36:02 | ATM-001 | TID001 | TXN | WITHDRAWAL | SEQ=730344 | CARD=************6789 | AMOUNT=2000.00 | CURRENCY=ETB | STATUS=APPROVED | AUTH=374632
2026-06-05 09:38:54 | ATM-001 | TID001 | TXN | WITHDRAWAL | SEQ=657934 | CARD=************7890 | AMOUNT=5000.00 | CURRENCY=ETB | STATUS=DECLINED
2026-06-05 09:41:47 | ATM-001 | TID001 | TXN | WITHDRAWAL | SEQ=469541 | CARD=************8901 | AMOUNT=1000.00 | CURRENCY=ETB | STATUS=APPROVED | AUTH=872251
2026-06-05 09:44:40 | ATM-001 | TID001 | TXN | WITHDRAWAL | SEQ=299265 | CARD=************4567 | AMOUNT=200.00 | CURRENCY=ETB | STATUS=APPROVED | AUTH=499497
2026-06-05 09:47:33 | ATM-001 | TID001 | TXN | WITHDRAWAL | SEQ=268590 | CARD=************5678 | AMOUNT=100.00 | CURRENCY=ETB | STATUS=APPROVED | AUTH=933725
2026-06-05 09:50:26 | ATM-001 | TID001 | TXN | WITHDRAWAL | SEQ=955641 | CARD=************5678 | AMOUNT=500.00 | CURRENCY=ETB | STATUS=APPROVED | AUTH=306543
2026-06-05 09:53:18 | ATM-001 | TID001 | TXN | WITHDRAWAL | SEQ=406890 | CARD=************8901 | AMOUNT=200.00 | CURRENCY=ETB | STATUS=APPROVED | AUTH=285109
2026-06-05 09:56:11 | ATM-001 | TID001 | TXN | WITHDRAWAL | SEQ=239375 | CARD=************0123 | AMOUNT=500.00 | CURRENCY=ETB | STATUS=APPROVED | AUTH=543930
2026-06-05 09:59:04 | ATM-001 | TID001 | TXN | WITHDRAWAL | SEQ=420036 | CARD=************4567 | AMOUNT=100.00 | CURRENCY=ETB | STATUS=APPROVED | AUTH=158250
2026-06-05 10:01:57 | ATM-001 | TID001 | TXN | WITHDRAWAL | SEQ=462784 | CARD=************5678 | AMOUNT=500.00 | CURRENCY=ETB | STATUS=APPROVED | AUTH=798426
2026-06-05 10:04:50 | ATM-001 | TID001 | TXN | WITHDRAWAL | SEQ=896008 | CARD=************4567 | AMOUNT=500.00 | CURRENCY=ETB | STATUS=APPROVED | AUTH=423041
2026-06-05 10:07:42 | ATM-001 | TID001 | TXN | WITHDRAWAL | SEQ=127662 | CARD=************5678 | AMOUNT=500.00 | CURRENCY=ETB | STATUS=APPROVED | AUTH=584664
2026-06-05 10:10:35 | ATM-001 | TID001 | TXN | WITHDRAWAL | SEQ=209419 | CARD=************3456 | AMOUNT=1000.00 | CURRENCY=ETB | STATUS=APPROVED | AUTH=701441
2026-06-05 10:13:28 | ATM-001 | TID001 | TXN | WITHDRAWAL | SEQ=502710 | CARD=************2345 | AMOUNT=200.00 | CURRENCY=ETB | STATUS=DECLINED
2026-06-05 10:16:21 | ATM-001 | TID001 | TXN | WITHDRAWAL | SEQ=961274 | CARD=************9012 | AMOUNT=5000.00 | CURRENCY=ETB | STATUS=APPROVED | AUTH=384680
2026-06-05 10:19:14 | ATM-001 | TID001 | TXN | WITHDRAWAL | SEQ=906957 | CARD=************3456 | AMOUNT=2000.00 | CURRENCY=ETB | STATUS=DECLINED
2026-06-05 10:22:06 | ATM-001 | TID001 | TXN | WITHDRAWAL | SEQ=946114 | CARD=************5678 | AMOUNT=1000.00 | CURRENCY=ETB | STATUS=APPROVED | AUTH=204189
2026-06-05 10:24:59 | ATM-001 | TID001 | TXN | WITHDRAWAL | SEQ=270669 | CARD=************8901 | AMOUNT=200.00 | CURRENCY=ETB | STATUS=APPROVED | AUTH=841341
2026-06-05 10:27:52 | ATM-001 | TID001 | TXN | WITHDRAWAL | SEQ=699351 | CARD=************9012 | AMOUNT=1000.00 | CURRENCY=ETB | STATUS=APPROVED | AUTH=190402
2026-06-05 10:30:45 | ATM-001 | TID001 | TXN | WITHDRAWAL | SEQ=946256 | CARD=************7890 | AMOUNT=5000.00 | CURRENCY=ETB | STATUS=DECLINED
2026-06-05 10:33:38 | ATM-001 | TID001 | TXN | WITHDRAWAL | SEQ=595822 | CARD=************5678 | AMOUNT=200.00 | CURRENCY=ETB | STATUS=APPROVED | AUTH=972298
2026-06-05 10:36:30 | ATM-001 | TID001 | TXN | WITHDRAWAL | SEQ=799121 | CARD=************7890 | AMOUNT=1000.00 | CURRENCY=ETB | STATUS=APPROVED | AUTH=208869
2026-06-05 10:39:23 | ATM-001 | TID001 | TXN | WITHDRAWAL | SEQ=738123 | CARD=************0123 | AMOUNT=5000.00 | CURRENCY=ETB | STATUS=APPROVED | AUTH=943319
2026-06-05 10:42:16 | ATM-001 | TID001 | TXN | WITHDRAWAL | SEQ=439750 | CARD=************2345 | AMOUNT=200.00 | CURRENCY=ETB | STATUS=APPROVED | AUTH=224220
2026-06-05 10:45:09 | ATM-001 | TID001 | TXN | WITHDRAWAL | SEQ=963264 | CARD=************4567 | AMOUNT=5000.00 | CURRENCY=ETB | STATUS=APPROVED | AUTH=148234
2026-06-05 10:48:02 | ATM-001 | TID001 | TXN | WITHDRAWAL | SEQ=365679 | CARD=************3456 | AMOUNT=1000.00 | CURRENCY=ETB | STATUS=APPROVED | AUTH=797525
2026-06-05 10:50:54 | ATM-001 | TID001 | TXN | WITHDRAWAL | SEQ=995566 | CARD=************4567 | AMOUNT=1000.00 | CURRENCY=ETB | STATUS=APPROVED | AUTH=670100
2026-06-05 10:53:47 | ATM-001 | TID001 | TXN | WITHDRAWAL | SEQ=489259 | CARD=************1234 | AMOUNT=1000.00 | CURRENCY=ETB | STATUS=APPROVED | AUTH=564364
2026-06-05 10:56:40 | ATM-001 | TID001 | TXN | WITHDRAWAL | SEQ=962343 | CARD=************7890 | AMOUNT=5000.00 | CURRENCY=ETB | STATUS=APPROVED | AUTH=378640
2026-06-05 10:59:33 | ATM-001 | TID001 | TXN | WITHDRAWAL | SEQ=876322 | CARD=************3456 | AMOUNT=100.00 | CURRENCY=ETB | STATUS=APPROVED | AUTH=742390
2026-06-05 11:02:26 | ATM-001 | TID001 | TXN | WITHDRAWAL | SEQ=358360 | CARD=************3456 | AMOUNT=1000.00 | CURRENCY=ETB | STATUS=APPROVED | AUTH=780994
2026-06-05 11:05:18 | ATM-001 | TID001 | TXN | WITHDRAWAL | SEQ=996820 | CARD=************2345 | AMOUNT=500.00 | CURRENCY=ETB | STATUS=APPROVED | AUTH=340493
2026-06-05 11:08:11 | ATM-001 | TID001 | TXN | WITHDRAWAL | SEQ=846885 | CARD=************9012 | AMOUNT=2000.00 | CURRENCY=ETB | STATUS=APPROVED | AUTH=348186
2026-06-05 11:11:04 | ATM-001 | TID001 | TXN | WITHDRAWAL | SEQ=900924 | CARD=************4567 | AMOUNT=2000.00 | CURRENCY=ETB | STATUS=APPROVED | AUTH=600659
2026-06-05 11:13:57 | ATM-001 | TID001 | TXN | WITHDRAWAL | SEQ=376629 | CARD=************2345 | AMOUNT=5000.00 | CURRENCY=ETB | STATUS=DECLINED
2026-06-05 11:16:50 | ATM-001 | TID001 | TXN | WITHDRAWAL | SEQ=433873 | CARD=************4567 | AMOUNT=5000.00 | CURRENCY=ETB | STATUS=APPROVED | AUTH=431670
2026-06-05 11:19:42 | ATM-001 | TID001 | TXN | WITHDRAWAL | SEQ=523470 | CARD=************1234 | AMOUNT=2000.00 | CURRENCY=ETB | STATUS=APPROVED | AUTH=769702
2026-06-05 11:22:35 | ATM-001 | TID001 | TXN | WITHDRAWAL | SEQ=204112 | CARD=************5678 | AMOUNT=500.00 | CURRENCY=ETB | STATUS=APPROVED | AUTH=380308
2026-06-05 11:25:28 | ATM-001 | TID001 | TXN | WITHDRAWAL | SEQ=609935 | CARD=************3456 | AMOUNT=2000.00 | CURRENCY=ETB | STATUS=APPROVED | AUTH=637427
2026-06-05 11:28:21 | ATM-001 | TID001 | TXN | WITHDRAWAL | SEQ=627781 | CARD=************5678 | AMOUNT=200.00 | CURRENCY=ETB | STATUS=APPROVED | AUTH=169434
2026-06-05 11:31:14 | ATM-001 | TID001 | TXN | WITHDRAWAL | SEQ=650018 | CARD=************1234 | AMOUNT=100.00 | CURRENCY=ETB | STATUS=APPROVED | AUTH=783915
2026-06-05 11:34:06 | ATM-001 | TID001 | TXN | WITHDRAWAL | SEQ=685664 | CARD=************2345 | AMOUNT=200.00 | CURRENCY=ETB | STATUS=APPROVED | AUTH=610284
2026-06-05 11:36:59 | ATM-001 | TID001 | TXN | WITHDRAWAL | SEQ=605651 | CARD=************7890 | AMOUNT=2000.00 | CURRENCY=ETB | STATUS=DECLINED
2026-06-05 11:39:52 | ATM-001 | TID001 | TXN | WITHDRAWAL | SEQ=510244 | CARD=************3456 | AMOUNT=500.00 | CURRENCY=ETB | STATUS=APPROVED | AUTH=574881
2026-06-05 11:42:45 | ATM-001 | TID001 | TXN | WITHDRAWAL | SEQ=363784 | CARD=************2345 | AMOUNT=5000.00 | CURRENCY=ETB | STATUS=APPROVED | AUTH=932111
2026-06-05 11:45:38 | ATM-001 | TID001 | TXN | WITHDRAWAL | SEQ=377644 | CARD=************3456 | AMOUNT=1000.00 | CURRENCY=ETB | STATUS=DECLINED
2026-06-05 11:48:30 | ATM-001 | TID001 | TXN | WITHDRAWAL | SEQ=467251 | CARD=************7890 | AMOUNT=100.00 | CURRENCY=ETB | STATUS=APPROVED | AUTH=286755
2026-06-05 11:51:23 | ATM-001 | TID001 | TXN | WITHDRAWAL | SEQ=288059 | CARD=************2345 | AMOUNT=1000.00 | CURRENCY=ETB | STATUS=DECLINED
2026-06-05 11:54:16 | ATM-001 | TID001 | TXN | WITHDRAWAL | SEQ=533782 | CARD=************0123 | AMOUNT=2000.00 | CURRENCY=ETB | STATUS=APPROVED | AUTH=314933
2026-06-05 11:57:09 | ATM-001 | TID001 | TXN | WITHDRAWAL | SEQ=220780 | CARD=************4567 | AMOUNT=500.00 | CURRENCY=ETB | STATUS=APPROVED | AUTH=506520
2026-06-05 12:00:02 | ATM-001 | TID001 | TXN | WITHDRAWAL | SEQ=885067 | CARD=************3456 | AMOUNT=2000.00 | CURRENCY=ETB | STATUS=APPROVED | AUTH=892622
2026-06-05 12:02:54 | ATM-001 | TID001 | TXN | WITHDRAWAL | SEQ=695466 | CARD=************0123 | AMOUNT=2000.00 | CURRENCY=ETB | STATUS=APPROVED | AUTH=161965
2026-06-05 12:05:47 | ATM-001 | TID001 | TXN | WITHDRAWAL | SEQ=426353 | CARD=************5678 | AMOUNT=5000.00 | CURRENCY=ETB | STATUS=APPROVED | AUTH=329677
2026-06-05 12:08:40 | ATM-001 | TID001 | TXN | WITHDRAWAL | SEQ=116866 | CARD=************2345 | AMOUNT=5000.00 | CURRENCY=ETB | STATUS=APPROVED | AUTH=530865
2026-06-05 12:11:33 | ATM-001 | TID001 | TXN | WITHDRAWAL | SEQ=737224 | CARD=************8901 | AMOUNT=200.00 | CURRENCY=ETB | STATUS=APPROVED | AUTH=627631
2026-06-05 12:14:26 | ATM-001 | TID001 | TXN | WITHDRAWAL | SEQ=324724 | CARD=************0123 | AMOUNT=100.00 | CURRENCY=ETB | STATUS=APPROVED | AUTH=407225
2026-06-05 12:17:18 | ATM-001 | TID001 | TXN | WITHDRAWAL | SEQ=427758 | CARD=************8901 | AMOUNT=1000.00 | CURRENCY=ETB | STATUS=APPROVED | AUTH=890461
2026-06-05 12:20:11 | ATM-001 | TID001 | TXN | WITHDRAWAL | SEQ=563178 | CARD=************7890 | AMOUNT=500.00 | CURRENCY=ETB | STATUS=APPROVED | AUTH=772054
2026-06-05 12:23:04 | ATM-001 | TID001 | TXN | WITHDRAWAL | SEQ=802558 | CARD=************6789 | AMOUNT=200.00 | CURRENCY=ETB | STATUS=APPROVED | AUTH=119141
2026-06-05 12:25:57 | ATM-001 | TID001 | TXN | WITHDRAWAL | SEQ=141498 | CARD=************7890 | AMOUNT=100.00 | CURRENCY=ETB | STATUS=APPROVED | AUTH=507580
2026-06-05 12:28:50 | ATM-001 | TID001 | TXN | WITHDRAWAL | SEQ=739514 | CARD=************6789 | AMOUNT=2000.00 | CURRENCY=ETB | STATUS=APPROVED | AUTH=636045
2026-06-05 12:31:42 | ATM-001 | TID001 | TXN | WITHDRAWAL | SEQ=674753 | CARD=************7890 | AMOUNT=500.00 | CURRENCY=ETB | STATUS=TIMEOUT
2026-06-05 12:34:35 | ATM-001 | TID001 | TXN | WITHDRAWAL | SEQ=197071 | CARD=************9012 | AMOUNT=500.00 | CURRENCY=ETB | STATUS=APPROVED | AUTH=777763
2026-06-05 12:37:28 | ATM-001 | TID001 | TXN | WITHDRAWAL | SEQ=554787 | CARD=************8901 | AMOUNT=100.00 | CURRENCY=ETB | STATUS=APPROVED | AUTH=949465
2026-06-05 12:40:21 | ATM-001 | TID001 | TXN | WITHDRAWAL | SEQ=864604 | CARD=************7890 | AMOUNT=1000.00 | CURRENCY=ETB | STATUS=APPROVED | AUTH=984548
2026-06-05 12:43:14 | ATM-001 | TID001 | TXN | WITHDRAWAL | SEQ=512494 | CARD=************3456 | AMOUNT=500.00 | CURRENCY=ETB | STATUS=TIMEOUT
2026-06-05 12:46:06 | ATM-001 | TID001 | TXN | WITHDRAWAL | SEQ=193409 | CARD=************3456 | AMOUNT=2000.00 | CURRENCY=ETB | STATUS=APPROVED | AUTH=790449
2026-06-05 12:48:59 | ATM-001 | TID001 | TXN | WITHDRAWAL | SEQ=945231 | CARD=************4567 | AMOUNT=200.00 | CURRENCY=ETB | STATUS=APPROVED | AUTH=853745
2026-06-05 12:51:52 | ATM-001 | TID001 | TXN | WITHDRAWAL | SEQ=379065 | CARD=************0123 | AMOUNT=200.00 | CURRENCY=ETB | STATUS=APPROVED | AUTH=312811
2026-06-05 12:54:45 | ATM-001 | TID001 | TXN | WITHDRAWAL | SEQ=183934 | CARD=************6789 | AMOUNT=1000.00 | CURRENCY=ETB | STATUS=APPROVED | AUTH=296403
2026-06-05 12:57:38 | ATM-001 | TID001 | TXN | WITHDRAWAL | SEQ=669001 | CARD=************8901 | AMOUNT=1000.00 | CURRENCY=ETB | STATUS=TIMEOUT
2026-06-05 13:00:30 | ATM-001 | TID001 | TXN | WITHDRAWAL | SEQ=846838 | CARD=************2345 | AMOUNT=500.00 | CURRENCY=ETB | STATUS=APPROVED | AUTH=159548
2026-06-05 13:03:23 | ATM-001 | TID001 | TXN | WITHDRAWAL | SEQ=716829 | CARD=************3456 | AMOUNT=500.00 | CURRENCY=ETB | STATUS=APPROVED | AUTH=538234
2026-06-05 13:06:16 | ATM-001 | TID001 | TXN | WITHDRAWAL | SEQ=179744 | CARD=************4567 | AMOUNT=2000.00 | CURRENCY=ETB | STATUS=APPROVED | AUTH=908064
2026-06-05 13:09:09 | ATM-001 | TID001 | TXN | WITHDRAWAL | SEQ=848577 | CARD=************3456 | AMOUNT=200.00 | CURRENCY=ETB | STATUS=APPROVED | AUTH=568195
2026-06-05 13:12:02 | ATM-001 | TID001 | TXN | WITHDRAWAL | SEQ=157444 | CARD=************8901 | AMOUNT=200.00 | CURRENCY=ETB | STATUS=APPROVED | AUTH=860851
2026-06-05 13:14:54 | ATM-001 | TID001 | TXN | WITHDRAWAL | SEQ=771574 | CARD=************9012 | AMOUNT=100.00 | CURRENCY=ETB | STATUS=TIMEOUT
2026-06-05 13:17:47 | ATM-001 | TID001 | TXN | WITHDRAWAL | SEQ=769147 | CARD=************3456 | AMOUNT=500.00 | CURRENCY=ETB | STATUS=APPROVED | AUTH=888773
2026-06-05 13:20:40 | ATM-001 | TID001 | TXN | WITHDRAWAL | SEQ=248630 | CARD=************6789 | AMOUNT=500.00 | CURRENCY=ETB | STATUS=APPROVED | AUTH=277353
2026-06-05 13:23:33 | ATM-001 | TID001 | TXN | WITHDRAWAL | SEQ=716150 | CARD=************3456 | AMOUNT=100.00 | CURRENCY=ETB | STATUS=APPROVED | AUTH=158057
2026-06-05 13:26:26 | ATM-001 | TID001 | TXN | WITHDRAWAL | SEQ=159317 | CARD=************5678 | AMOUNT=500.00 | CURRENCY=ETB | STATUS=APPROVED | AUTH=189570
2026-06-05 13:29:18 | ATM-001 | TID001 | TXN | WITHDRAWAL | SEQ=690051 | CARD=************0123 | AMOUNT=1000.00 | CURRENCY=ETB | STATUS=DECLINED
2026-06-05 13:32:11 | ATM-001 | TID001 | TXN | WITHDRAWAL | SEQ=931777 | CARD=************4567 | AMOUNT=5000.00 | CURRENCY=ETB | STATUS=APPROVED | AUTH=564371
2026-06-05 13:35:04 | ATM-001 | TID001 | TXN | WITHDRAWAL | SEQ=784023 | CARD=************4567 | AMOUNT=100.00 | CURRENCY=ETB | STATUS=APPROVED | AUTH=442018
2026-06-05 13:37:57 | ATM-001 | TID001 | TXN | WITHDRAWAL | SEQ=539367 | CARD=************2345 | AMOUNT=200.00 | CURRENCY=ETB | STATUS=APPROVED | AUTH=299140
2026-06-05 13:40:50 | ATM-001 | TID001 | TXN | WITHDRAWAL | SEQ=926158 | CARD=************1234 | AMOUNT=100.00 | CURRENCY=ETB | STATUS=APPROVED | AUTH=501446
2026-06-05 13:43:42 | ATM-001 | TID001 | TXN | WITHDRAWAL | SEQ=801950 | CARD=************5678 | AMOUNT=500.00 | CURRENCY=ETB | STATUS=APPROVED | AUTH=677251
2026-06-05 13:46:35 | ATM-001 | TID001 | TXN | WITHDRAWAL | SEQ=993574 | CARD=************8901 | AMOUNT=200.00 | CURRENCY=ETB | STATUS=APPROVED | AUTH=842617
2026-06-05 13:49:28 | ATM-001 | TID001 | TXN | WITHDRAWAL | SEQ=904962 | CARD=************8901 | AMOUNT=2000.00 | CURRENCY=ETB | STATUS=APPROVED | AUTH=185644
2026-06-05 13:52:21 | ATM-001 | TID001 | TXN | WITHDRAWAL | SEQ=548612 | CARD=************8901 | AMOUNT=100.00 | CURRENCY=ETB | STATUS=DECLINED
2026-06-05 13:55:14 | ATM-001 | TID001 | TXN | WITHDRAWAL | SEQ=838017 | CARD=************7890 | AMOUNT=5000.00 | CURRENCY=ETB | STATUS=APPROVED | AUTH=600939
2026-06-05 13:58:06 | ATM-001 | TID001 | TXN | WITHDRAWAL | SEQ=800652 | CARD=************6789 | AMOUNT=1000.00 | CURRENCY=ETB | STATUS=APPROVED | AUTH=995867
2026-06-05 14:00:59 | ATM-001 | TID001 | TXN | WITHDRAWAL | SEQ=704148 | CARD=************1234 | AMOUNT=5000.00 | CURRENCY=ETB | STATUS=APPROVED | AUTH=543976
2026-06-05 14:03:52 | ATM-001 | TID001 | TXN | WITHDRAWAL | SEQ=943105 | CARD=************7890 | AMOUNT=200.00 | CURRENCY=ETB | STATUS=APPROVED | AUTH=691015
2026-06-05 14:06:45 | ATM-001 | TID001 | TXN | WITHDRAWAL | SEQ=790366 | CARD=************5678 | AMOUNT=100.00 | CURRENCY=ETB | STATUS=DECLINED
2026-06-05 14:09:38 | ATM-001 | TID001 | TXN | WITHDRAWAL | SEQ=905676 | CARD=************3456 | AMOUNT=100.00 | CURRENCY=ETB | STATUS=APPROVED | AUTH=253040
2026-06-05 14:12:30 | ATM-001 | TID001 | TXN | WITHDRAWAL | SEQ=698277 | CARD=************5678 | AMOUNT=100.00 | CURRENCY=ETB | STATUS=APPROVED | AUTH=428546
2026-06-05 14:15:23 | ATM-001 | TID001 | TXN | WITHDRAWAL | SEQ=807502 | CARD=************1234 | AMOUNT=5000.00 | CURRENCY=ETB | STATUS=APPROVED | AUTH=689464
2026-06-05 14:18:16 | ATM-001 | TID001 | TXN | WITHDRAWAL | SEQ=112559 | CARD=************8901 | AMOUNT=5000.00 | CURRENCY=ETB | STATUS=APPROVED | AUTH=773878
2026-06-05 14:21:09 | ATM-001 | TID001 | TXN | WITHDRAWAL | SEQ=196083 | CARD=************2345 | AMOUNT=200.00 | CURRENCY=ETB | STATUS=APPROVED | AUTH=380311
2026-06-05 14:24:02 | ATM-001 | TID001 | TXN | WITHDRAWAL | SEQ=373464 | CARD=************1234 | AMOUNT=2000.00 | CURRENCY=ETB | STATUS=APPROVED | AUTH=802212
2026-06-05 14:26:54 | ATM-001 | TID001 | TXN | WITHDRAWAL | SEQ=342374 | CARD=************9012 | AMOUNT=2000.00 | CURRENCY=ETB | STATUS=APPROVED | AUTH=538021
2026-06-05 14:29:47 | ATM-001 | TID001 | TXN | WITHDRAWAL | SEQ=644320 | CARD=************6789 | AMOUNT=200.00 | CURRENCY=ETB | STATUS=APPROVED | AUTH=871415
2026-06-05 14:32:40 | ATM-001 | TID001 | TXN | WITHDRAWAL | SEQ=935584 | CARD=************1234 | AMOUNT=2000.00 | CURRENCY=ETB | STATUS=APPROVED | AUTH=493232
2026-06-05 14:35:33 | ATM-001 | TID001 | TXN | WITHDRAWAL | SEQ=268617 | CARD=************1234 | AMOUNT=100.00 | CURRENCY=ETB | STATUS=APPROVED | AUTH=458333
2026-06-05 14:38:26 | ATM-001 | TID001 | TXN | WITHDRAWAL | SEQ=376807 | CARD=************8901 | AMOUNT=100.00 | CURRENCY=ETB | STATUS=DECLINED
2026-06-05 14:41:18 | ATM-001 | TID001 | TXN | WITHDRAWAL | SEQ=303665 | CARD=************1234 | AMOUNT=100.00 | CURRENCY=ETB | STATUS=APPROVED | AUTH=686747
2026-06-05 14:44:11 | ATM-001 | TID001 | TXN | WITHDRAWAL | SEQ=719895 | CARD=************0123 | AMOUNT=1000.00 | CURRENCY=ETB | STATUS=APPROVED | AUTH=197220
2026-06-05 14:47:04 | ATM-001 | TID001 | TXN | WITHDRAWAL | SEQ=248155 | CARD=************7890 | AMOUNT=5000.00 | CURRENCY=ETB | STATUS=APPROVED | AUTH=560105
2026-06-05 14:49:57 | ATM-001 | TID001 | TXN | WITHDRAWAL | SEQ=348021 | CARD=************1234 | AMOUNT=200.00 | CURRENCY=ETB | STATUS=APPROVED | AUTH=783251
2026-06-05 14:52:50 | ATM-001 | TID001 | TXN | WITHDRAWAL | SEQ=212828 | CARD=************5678 | AMOUNT=1000.00 | CURRENCY=ETB | STATUS=APPROVED | AUTH=845268
2026-06-05 14:55:42 | ATM-001 | TID001 | TXN | WITHDRAWAL | SEQ=896938 | CARD=************1234 | AMOUNT=100.00 | CURRENCY=ETB | STATUS=APPROVED | AUTH=115709
2026-06-05 14:58:35 | ATM-001 | TID001 | TXN | WITHDRAWAL | SEQ=282935 | CARD=************9012 | AMOUNT=500.00 | CURRENCY=ETB | STATUS=APPROVED | AUTH=518637
2026-06-05 15:01:28 | ATM-001 | TID001 | TXN | WITHDRAWAL | SEQ=692741 | CARD=************9012 | AMOUNT=1000.00 | CURRENCY=ETB | STATUS=APPROVED | AUTH=360354
2026-06-05 15:04:21 | ATM-001 | TID001 | TXN | WITHDRAWAL | SEQ=659870 | CARD=************9012 | AMOUNT=5000.00 | CURRENCY=ETB | STATUS=APPROVED | AUTH=119042
2026-06-05 15:07:14 | ATM-001 | TID001 | TXN | WITHDRAWAL | SEQ=485400 | CARD=************4567 | AMOUNT=2000.00 | CURRENCY=ETB | STATUS=DECLINED
2026-06-05 15:10:06 | ATM-001 | TID001 | TXN | WITHDRAWAL | SEQ=594530 | CARD=************4567 | AMOUNT=2000.00 | CURRENCY=ETB | STATUS=APPROVED | AUTH=724486
2026-06-05 15:12:59 | ATM-001 | TID001 | TXN | WITHDRAWAL | SEQ=650995 | CARD=************6789 | AMOUNT=5000.00 | CURRENCY=ETB | STATUS=APPROVED | AUTH=374993
2026-06-05 15:15:52 | ATM-001 | TID001 | TXN | WITHDRAWAL | SEQ=797304 | CARD=************5678 | AMOUNT=5000.00 | CURRENCY=ETB | STATUS=APPROVED | AUTH=583026
2026-06-05 15:18:45 | ATM-001 | TID001 | TXN | WITHDRAWAL | SEQ=172949 | CARD=************8901 | AMOUNT=1000.00 | CURRENCY=ETB | STATUS=APPROVED | AUTH=670248
2026-06-05 15:21:38 | ATM-001 | TID001 | TXN | WITHDRAWAL | SEQ=226822 | CARD=************5678 | AMOUNT=2000.00 | CURRENCY=ETB | STATUS=APPROVED | AUTH=712958
2026-06-05 15:24:30 | ATM-001 | TID001 | TXN | WITHDRAWAL | SEQ=401743 | CARD=************5678 | AMOUNT=2000.00 | CURRENCY=ETB | STATUS=TIMEOUT
2026-06-05 15:27:23 | ATM-001 | TID001 | TXN | WITHDRAWAL | SEQ=363485 | CARD=************3456 | AMOUNT=200.00 | CURRENCY=ETB | STATUS=TIMEOUT
2026-06-05 15:30:16 | ATM-001 | TID001 | TXN | WITHDRAWAL | SEQ=886310 | CARD=************1234 | AMOUNT=500.00 | CURRENCY=ETB | STATUS=TIMEOUT
2026-06-05 15:33:09 | ATM-001 | TID001 | TXN | WITHDRAWAL | SEQ=196691 | CARD=************4567 | AMOUNT=200.00 | CURRENCY=ETB | STATUS=APPROVED | AUTH=104388
2026-06-05 15:36:02 | ATM-001 | TID001 | TXN | WITHDRAWAL | SEQ=925737 | CARD=************1234 | AMOUNT=200.00 | CURRENCY=ETB | STATUS=DECLINED
2026-06-05 15:38:54 | ATM-001 | TID001 | TXN | WITHDRAWAL | SEQ=435144 | CARD=************1234 | AMOUNT=1000.00 | CURRENCY=ETB | STATUS=APPROVED | AUTH=549645
2026-06-05 15:41:47 | ATM-001 | TID001 | TXN | WITHDRAWAL | SEQ=239962 | CARD=************6789 | AMOUNT=2000.00 | CURRENCY=ETB | STATUS=APPROVED | AUTH=348447
2026-06-05 15:44:40 | ATM-001 | TID001 | TXN | WITHDRAWAL | SEQ=689599 | CARD=************1234 | AMOUNT=5000.00 | CURRENCY=ETB | STATUS=APPROVED | AUTH=357775
2026-06-05 15:47:33 | ATM-001 | TID001 | TXN | WITHDRAWAL | SEQ=402006 | CARD=************9012 | AMOUNT=500.00 | CURRENCY=ETB | STATUS=APPROVED | AUTH=273403
2026-06-05 15:50:26 | ATM-001 | TID001 | TXN | WITHDRAWAL | SEQ=992636 | CARD=************8901 | AMOUNT=200.00 | CURRENCY=ETB | STATUS=APPROVED | AUTH=759910
2026-06-05 15:53:18 | ATM-001 | TID001 | TXN | WITHDRAWAL | SEQ=340983 | CARD=************6789 | AMOUNT=100.00 | CURRENCY=ETB | STATUS=TIMEOUT
2026-06-05 15:56:11 | ATM-001 | TID001 | TXN | WITHDRAWAL | SEQ=162266 | CARD=************3456 | AMOUNT=1000.00 | CURRENCY=ETB | STATUS=APPROVED | AUTH=584113
2026-06-05 15:59:04 | ATM-001 | TID001 | TXN | WITHDRAWAL | SEQ=547132 | CARD=************7890 | AMOUNT=5000.00 | CURRENCY=ETB | STATUS=APPROVED | AUTH=932867
2026-06-05 16:01:57 | ATM-001 | TID001 | TXN | WITHDRAWAL | SEQ=168315 | CARD=************7890 | AMOUNT=200.00 | CURRENCY=ETB | STATUS=APPROVED | AUTH=740263
2026-06-05 16:04:50 | ATM-001 | TID001 | TXN | WITHDRAWAL | SEQ=436956 | CARD=************2345 | AMOUNT=500.00 | CURRENCY=ETB | STATUS=APPROVED | AUTH=618186
2026-06-05 16:07:42 | ATM-001 | TID001 | TXN | WITHDRAWAL | SEQ=883732 | CARD=************4567 | AMOUNT=500.00 | CURRENCY=ETB | STATUS=DECLINED
2026-06-05 16:10:35 | ATM-001 | TID001 | TXN | WITHDRAWAL | SEQ=653176 | CARD=************9012 | AMOUNT=5000.00 | CURRENCY=ETB | STATUS=APPROVED | AUTH=909729
2026-06-05 16:13:28 | ATM-001 | TID001 | TXN | WITHDRAWAL | SEQ=998050 | CARD=************2345 | AMOUNT=5000.00 | CURRENCY=ETB | STATUS=APPROVED | AUTH=429928
2026-06-05 16:16:21 | ATM-001 | TID001 | TXN | WITHDRAWAL | SEQ=595978 | CARD=************3456 | AMOUNT=2000.00 | CURRENCY=ETB | STATUS=APPROVED | AUTH=744039
2026-06-05 16:19:14 | ATM-001 | TID001 | TXN | WITHDRAWAL | SEQ=575583 | CARD=************7890 | AMOUNT=2000.00 | CURRENCY=ETB | STATUS=APPROVED | AUTH=436678
2026-06-05 16:22:06 | ATM-001 | TID001 | TXN | WITHDRAWAL | SEQ=573423 | CARD=************3456 | AMOUNT=500.00 | CURRENCY=ETB | STATUS=APPROVED | AUTH=801685
2026-06-05 16:24:59 | ATM-001 | TID001 | TXN | WITHDRAWAL | SEQ=893097 | CARD=************1234 | AMOUNT=5000.00 | CURRENCY=ETB | STATUS=TIMEOUT
2026-06-05 16:27:52 | ATM-001 | TID001 | TXN | WITHDRAWAL | SEQ=618678 | CARD=************2345 | AMOUNT=2000.00 | CURRENCY=ETB | STATUS=APPROVED | AUTH=219939
2026-06-05 16:30:45 | ATM-001 | TID001 | TXN | WITHDRAWAL | SEQ=183963 | CARD=************0123 | AMOUNT=2000.00 | CURRENCY=ETB | STATUS=APPROVED | AUTH=104813
2026-06-05 16:33:38 | ATM-001 | TID001 | TXN | WITHDRAWAL | SEQ=219603 | CARD=************2345 | AMOUNT=100.00 | CURRENCY=ETB | STATUS=APPROVED | AUTH=672297
2026-06-05 16:36:30 | ATM-001 | TID001 | TXN | WITHDRAWAL | SEQ=197183 | CARD=************6789 | AMOUNT=5000.00 | CURRENCY=ETB | STATUS=APPROVED | AUTH=444039
2026-06-05 16:39:23 | ATM-001 | TID001 | TXN | WITHDRAWAL | SEQ=994961 | CARD=************9012 | AMOUNT=200.00 | CURRENCY=ETB | STATUS=APPROVED | AUTH=205060
2026-06-05 16:42:16 | ATM-001 | TID001 | TXN | WITHDRAWAL | SEQ=774464 | CARD=************0123 | AMOUNT=200.00 | CURRENCY=ETB | STATUS=APPROVED | AUTH=839848
2026-06-05 16:45:09 | ATM-001 | TID001 | TXN | WITHDRAWAL | SEQ=251881 | CARD=************1234 | AMOUNT=100.00 | CURRENCY=ETB | STATUS=DECLINED
2026-06-05 16:48:02 | ATM-001 | TID001 | TXN | WITHDRAWAL | SEQ=453419 | CARD=************0123 | AMOUNT=500.00 | CURRENCY=ETB | STATUS=TIMEOUT
2026-06-05 16:50:54 | ATM-001 | TID001 | TXN | WITHDRAWAL | SEQ=175509 | CARD=************0123 | AMOUNT=1000.00 | CURRENCY=ETB | STATUS=APPROVED | AUTH=511723
2026-06-05 16:53:47 | ATM-001 | TID001 | TXN | WITHDRAWAL | SEQ=884841 | CARD=************5678 | AMOUNT=500.00 | CURRENCY=ETB | STATUS=APPROVED | AUTH=291431
2026-06-05 16:56:40 | ATM-001 | TID001 | TXN | WITHDRAWAL | SEQ=970837 | CARD=************2345 | AMOUNT=1000.00 | CURRENCY=ETB | STATUS=APPROVED | AUTH=261858
2026-06-05 16:59:33 | ATM-001 | TID001 | TXN | WITHDRAWAL | SEQ=804369 | CARD=************8901 | AMOUNT=2000.00 | CURRENCY=ETB | STATUS=APPROVED | AUTH=605657
2026-06-05 17:02:26 | ATM-001 | TID001 | TXN | WITHDRAWAL | SEQ=668408 | CARD=************8901 | AMOUNT=1000.00 | CURRENCY=ETB | STATUS=APPROVED | AUTH=890725
2026-06-05 17:05:18 | ATM-001 | TID001 | TXN | WITHDRAWAL | SEQ=575873 | CARD=************7890 | AMOUNT=5000.00 | CURRENCY=ETB | STATUS=APPROVED | AUTH=337575
2026-06-05 17:08:11 | ATM-001 | TID001 | TXN | WITHDRAWAL | SEQ=690186 | CARD=************0123 | AMOUNT=500.00 | CURRENCY=ETB | STATUS=APPROVED | AUTH=530635
2026-06-05 17:11:04 | ATM-001 | TID001 | TXN | WITHDRAWAL | SEQ=465246 | CARD=************1234 | AMOUNT=2000.00 | CURRENCY=ETB | STATUS=DECLINED
2026-06-05 17:13:57 | ATM-001 | TID001 | TXN | WITHDRAWAL | SEQ=755577 | CARD=************2345 | AMOUNT=1000.00 | CURRENCY=ETB | STATUS=DECLINED
2026-06-05 17:16:50 | ATM-001 | TID001 | TXN | WITHDRAWAL | SEQ=360024 | CARD=************2345 | AMOUNT=5000.00 | CURRENCY=ETB | STATUS=APPROVED | AUTH=286236
2026-06-05 17:19:42 | ATM-001 | TID001 | TXN | WITHDRAWAL | SEQ=377575 | CARD=************4567 | AMOUNT=500.00 | CURRENCY=ETB | STATUS=APPROVED | AUTH=143271
2026-06-05 17:22:35 | ATM-001 | TID001 | TXN | WITHDRAWAL | SEQ=471756 | CARD=************1234 | AMOUNT=2000.00 | CURRENCY=ETB | STATUS=APPROVED | AUTH=679659
2026-06-05 17:25:28 | ATM-001 | TID001 | TXN | WITHDRAWAL | SEQ=592680 | CARD=************7890 | AMOUNT=2000.00 | CURRENCY=ETB | STATUS=APPROVED | AUTH=813665
2026-06-05 17:28:21 | ATM-001 | TID001 | TXN | WITHDRAWAL | SEQ=237412 | CARD=************6789 | AMOUNT=100.00 | CURRENCY=ETB | STATUS=APPROVED | AUTH=637494
2026-06-05 17:31:14 | ATM-001 | TID001 | TXN | WITHDRAWAL | SEQ=698467 | CARD=************4567 | AMOUNT=2000.00 | CURRENCY=ETB | STATUS=APPROVED | AUTH=880778
2026-06-05 17:34:06 | ATM-001 | TID001 | TXN | WITHDRAWAL | SEQ=982696 | CARD=************3456 | AMOUNT=200.00 | CURRENCY=ETB | STATUS=APPROVED | AUTH=519720
2026-06-05 17:36:59 | ATM-001 | TID001 | TXN | WITHDRAWAL | SEQ=762584 | CARD=************7890 | AMOUNT=5000.00 | CURRENCY=ETB | STATUS=APPROVED | AUTH=532294
2026-06-05 17:39:52 | ATM-001 | TID001 | TXN | WITHDRAWAL | SEQ=111867 | CARD=************6789 | AMOUNT=500.00 | CURRENCY=ETB | STATUS=APPROVED | AUTH=666026
2026-06-05 17:42:45 | ATM-001 | TID001 | TXN | WITHDRAWAL | SEQ=723217 | CARD=************0123 | AMOUNT=1000.00 | CURRENCY=ETB | STATUS=APPROVED | AUTH=699162
2026-06-05 17:45:38 | ATM-001 | TID001 | TXN | WITHDRAWAL | SEQ=997029 | CARD=************2345 | AMOUNT=100.00 | CURRENCY=ETB | STATUS=APPROVED | AUTH=111059
2026-06-05 17:48:30 | ATM-001 | TID001 | TXN | WITHDRAWAL | SEQ=212157 | CARD=************2345 | AMOUNT=200.00 | CURRENCY=ETB | STATUS=DECLINED
2026-06-05 17:51:23 | ATM-001 | TID001 | TXN | WITHDRAWAL | SEQ=513373 | CARD=************2345 | AMOUNT=200.00 | CURRENCY=ETB | STATUS=APPROVED | AUTH=266765
2026-06-05 17:54:16 | ATM-001 | TID001 | TXN | WITHDRAWAL | SEQ=317466 | CARD=************1234 | AMOUNT=100.00 | CURRENCY=ETB | STATUS=APPROVED | AUTH=635894
2026-06-05 17:57:09 | ATM-001 | TID001 | TXN | WITHDRAWAL | SEQ=869330 | CARD=************8901 | AMOUNT=500.00 | CURRENCY=ETB | STATUS=APPROVED | AUTH=982712
2026-06-05 18:00:02 | ATM-001 | TID001 | TXN | WITHDRAWAL | SEQ=966829 | CARD=************5678 | AMOUNT=500.00 | CURRENCY=ETB | STATUS=DECLINED
2026-06-05 18:02:54 | ATM-001 | TID001 | TXN | WITHDRAWAL | SEQ=294858 | CARD=************3456 | AMOUNT=5000.00 | CURRENCY=ETB | STATUS=APPROVED | AUTH=330133
2026-06-05 18:05:47 | ATM-001 | TID001 | TXN | WITHDRAWAL | SEQ=396149 | CARD=************3456 | AMOUNT=100.00 | CURRENCY=ETB | STATUS=APPROVED | AUTH=157328
2026-06-05 18:08:40 | ATM-001 | TID001 | TXN | WITHDRAWAL | SEQ=319080 | CARD=************9012 | AMOUNT=2000.00 | CURRENCY=ETB | STATUS=APPROVED | AUTH=920001
2026-06-05 18:11:33 | ATM-001 | TID001 | TXN | WITHDRAWAL | SEQ=350986 | CARD=************6789 | AMOUNT=100.00 | CURRENCY=ETB | STATUS=APPROVED | AUTH=620242
2026-06-05 18:14:26 | ATM-001 | TID001 | TXN | WITHDRAWAL | SEQ=856364 | CARD=************1234 | AMOUNT=500.00 | CURRENCY=ETB | STATUS=APPROVED | AUTH=984455
2026-06-05 18:17:18 | ATM-001 | TID001 | TXN | WITHDRAWAL | SEQ=947441 | CARD=************5678 | AMOUNT=2000.00 | CURRENCY=ETB | STATUS=DECLINED
2026-06-05 18:20:11 | ATM-001 | TID001 | TXN | WITHDRAWAL | SEQ=283299 | CARD=************6789 | AMOUNT=1000.00 | CURRENCY=ETB | STATUS=APPROVED | AUTH=531385
2026-06-05 18:23:04 | ATM-001 | TID001 | TXN | WITHDRAWAL | SEQ=439497 | CARD=************0123 | AMOUNT=100.00 | CURRENCY=ETB | STATUS=APPROVED | AUTH=344009
2026-06-05 18:25:57 | ATM-001 | TID001 | TXN | WITHDRAWAL | SEQ=654385 | CARD=************7890 | AMOUNT=1000.00 | CURRENCY=ETB | STATUS=APPROVED | AUTH=241255
2026-06-05 18:28:50 | ATM-001 | TID001 | TXN | WITHDRAWAL | SEQ=337190 | CARD=************6789 | AMOUNT=200.00 | CURRENCY=ETB | STATUS=APPROVED | AUTH=613722
2026-06-05 18:31:42 | ATM-001 | TID001 | TXN | WITHDRAWAL | SEQ=172806 | CARD=************4567 | AMOUNT=5000.00 | CURRENCY=ETB | STATUS=APPROVED | AUTH=932172
2026-06-05 18:34:35 | ATM-001 | TID001 | TXN | WITHDRAWAL | SEQ=751103 | CARD=************7890 | AMOUNT=2000.00 | CURRENCY=ETB | STATUS=APPROVED | AUTH=668066
2026-06-05 18:37:28 | ATM-001 | TID001 | TXN | WITHDRAWAL | SEQ=424885 | CARD=************2345 | AMOUNT=100.00 | CURRENCY=ETB | STATUS=APPROVED | AUTH=431407
2026-06-05 18:40:21 | ATM-001 | TID001 | TXN | WITHDRAWAL | SEQ=940817 | CARD=************9012 | AMOUNT=200.00 | CURRENCY=ETB | STATUS=DECLINED
2026-06-05 18:43:14 | ATM-001 | TID001 | TXN | WITHDRAWAL | SEQ=497574 | CARD=************5678 | AMOUNT=2000.00 | CURRENCY=ETB | STATUS=APPROVED | AUTH=165352
2026-06-05 18:46:06 | ATM-001 | TID001 | TXN | WITHDRAWAL | SEQ=560621 | CARD=************1234 | AMOUNT=5000.00 | CURRENCY=ETB | STATUS=APPROVED | AUTH=419698
2026-06-05 18:48:59 | ATM-001 | TID001 | TXN | WITHDRAWAL | SEQ=200174 | CARD=************8901 | AMOUNT=500.00 | CURRENCY=ETB | STATUS=DECLINED
2026-06-05 18:51:52 | ATM-001 | TID001 | TXN | WITHDRAWAL | SEQ=307330 | CARD=************5678 | AMOUNT=200.00 | CURRENCY=ETB | STATUS=APPROVED | AUTH=403901
2026-06-05 18:54:45 | ATM-001 | TID001 | TXN | WITHDRAWAL | SEQ=877174 | CARD=************4567 | AMOUNT=5000.00 | CURRENCY=ETB | STATUS=APPROVED | AUTH=529743
2026-06-05 18:57:38 | ATM-001 | TID001 | TXN | WITHDRAWAL | SEQ=655131 | CARD=************5678 | AMOUNT=200.00 | CURRENCY=ETB | STATUS=APPROVED | AUTH=639830
2026-06-05 19:00:30 | ATM-001 | TID001 | TXN | WITHDRAWAL | SEQ=133950 | CARD=************4567 | AMOUNT=2000.00 | CURRENCY=ETB | STATUS=APPROVED | AUTH=894406
2026-06-05 19:03:23 | ATM-001 | TID001 | TXN | WITHDRAWAL | SEQ=322661 | CARD=************5678 | AMOUNT=1000.00 | CURRENCY=ETB | STATUS=APPROVED | AUTH=233519
2026-06-05 19:06:16 | ATM-001 | TID001 | TXN | WITHDRAWAL | SEQ=231635 | CARD=************4567 | AMOUNT=500.00 | CURRENCY=ETB | STATUS=APPROVED | AUTH=389578
2026-06-05 19:09:09 | ATM-001 | TID001 | TXN | WITHDRAWAL | SEQ=126855 | CARD=************1234 | AMOUNT=100.00 | CURRENCY=ETB | STATUS=APPROVED | AUTH=158687
2026-06-05 19:12:02 | ATM-001 | TID001 | TXN | WITHDRAWAL | SEQ=964293 | CARD=************9012 | AMOUNT=100.00 | CURRENCY=ETB | STATUS=DECLINED
2026-06-05 19:14:54 | ATM-001 | TID001 | TXN | WITHDRAWAL | SEQ=284401 | CARD=************5678 | AMOUNT=5000.00 | CURRENCY=ETB | STATUS=APPROVED | AUTH=330408
2026-06-05 19:17:47 | ATM-001 | TID001 | TXN | WITHDRAWAL | SEQ=447436 | CARD=************8901 | AMOUNT=100.00 | CURRENCY=ETB | STATUS=APPROVED | AUTH=794089
2026-06-05 19:20:40 | ATM-001 | TID001 | TXN | WITHDRAWAL | SEQ=744454 | CARD=************2345 | AMOUNT=1000.00 | CURRENCY=ETB | STATUS=APPROVED | AUTH=283841
2026-06-05 19:23:33 | ATM-001 | TID001 | TXN | WITHDRAWAL | SEQ=856377 | CARD=************1234 | AMOUNT=500.00 | CURRENCY=ETB | STATUS=APPROVED | AUTH=276062
2026-06-05 19:26:26 | ATM-001 | TID001 | TXN | WITHDRAWAL | SEQ=248433 | CARD=************9012 | AMOUNT=2000.00 | CURRENCY=ETB | STATUS=APPROVED | AUTH=273570
2026-06-05 19:29:18 | ATM-001 | TID001 | TXN | WITHDRAWAL | SEQ=100742 | CARD=************7890 | AMOUNT=200.00 | CURRENCY=ETB | STATUS=APPROVED | AUTH=104546
2026-06-05 19:32:11 | ATM-001 | TID001 | TXN | WITHDRAWAL | SEQ=884279 | CARD=************6789 | AMOUNT=200.00 | CURRENCY=ETB | STATUS=APPROVED | AUTH=604667
2026-06-05 19:35:04 | ATM-001 | TID001 | TXN | WITHDRAWAL | SEQ=995150 | CARD=************9012 | AMOUNT=100.00 | CURRENCY=ETB | STATUS=APPROVED | AUTH=623284
2026-06-05 19:37:57 | ATM-001 | TID001 | TXN | WITHDRAWAL | SEQ=316601 | CARD=************5678 | AMOUNT=2000.00 | CURRENCY=ETB | STATUS=APPROVED | AUTH=414660
2026-06-05 19:40:50 | ATM-001 | TID001 | TXN | WITHDRAWAL | SEQ=939209 | CARD=************5678 | AMOUNT=500.00 | CURRENCY=ETB | STATUS=APPROVED | AUTH=358741
2026-06-05 19:43:42 | ATM-001 | TID001 | TXN | WITHDRAWAL | SEQ=401075 | CARD=************8901 | AMOUNT=1000.00 | CURRENCY=ETB | STATUS=APPROVED | AUTH=941103
2026-06-05 19:46:35 | ATM-001 | TID001 | TXN | WITHDRAWAL | SEQ=729588 | CARD=************7890 | AMOUNT=200.00 | CURRENCY=ETB | STATUS=APPROVED | AUTH=262914
2026-06-05 19:49:28 | ATM-001 | TID001 | TXN | WITHDRAWAL | SEQ=860903 | CARD=************7890 | AMOUNT=2000.00 | CURRENCY=ETB | STATUS=APPROVED | AUTH=127010
2026-06-05 19:52:21 | ATM-001 | TID001 | TXN | WITHDRAWAL | SEQ=594843 | CARD=************8901 | AMOUNT=100.00 | CURRENCY=ETB | STATUS=APPROVED | AUTH=543158
2026-06-05 19:55:14 | ATM-001 | TID001 | TXN | WITHDRAWAL | SEQ=850029 | CARD=************3456 | AMOUNT=100.00 | CURRENCY=ETB | STATUS=APPROVED | AUTH=503403
2026-06-05 19:58:06 | ATM-001 | TID001 | TXN | WITHDRAWAL | SEQ=954182 | CARD=************8901 | AMOUNT=200.00 | CURRENCY=ETB | STATUS=APPROVED | AUTH=571093
2026-06-05 20:00:59 | ATM-001 | TID001 | TXN | WITHDRAWAL | SEQ=248305 | CARD=************9012 | AMOUNT=2000.00 | CURRENCY=ETB | STATUS=APPROVED | AUTH=375863
2026-06-05 20:03:52 | ATM-001 | TID001 | TXN | WITHDRAWAL | SEQ=795126 | CARD=************5678 | AMOUNT=500.00 | CURRENCY=ETB | STATUS=APPROVED | AUTH=471411
2026-06-05 20:06:45 | ATM-001 | TID001 | TXN | WITHDRAWAL | SEQ=258349 | CARD=************5678 | AMOUNT=200.00 | CURRENCY=ETB | STATUS=APPROVED | AUTH=847578
2026-06-05 20:09:38 | ATM-001 | TID001 | TXN | WITHDRAWAL | SEQ=955969 | CARD=************8901 | AMOUNT=5000.00 | CURRENCY=ETB | STATUS=APPROVED | AUTH=926398
2026-06-05 20:12:30 | ATM-001 | TID001 | TXN | WITHDRAWAL | SEQ=604139 | CARD=************8901 | AMOUNT=2000.00 | CURRENCY=ETB | STATUS=APPROVED | AUTH=940727
2026-06-05 20:15:23 | ATM-001 | TID001 | TXN | WITHDRAWAL | SEQ=957851 | CARD=************7890 | AMOUNT=200.00 | CURRENCY=ETB | STATUS=APPROVED | AUTH=465572
2026-06-05 20:18:16 | ATM-001 | TID001 | TXN | WITHDRAWAL | SEQ=610338 | CARD=************3456 | AMOUNT=1000.00 | CURRENCY=ETB | STATUS=APPROVED | AUTH=236903
2026-06-05 20:21:09 | ATM-001 | TID001 | TXN | WITHDRAWAL | SEQ=796954 | CARD=************7890 | AMOUNT=5000.00 | CURRENCY=ETB | STATUS=APPROVED | AUTH=433083
2026-06-05 20:24:02 | ATM-001 | TID001 | TXN | WITHDRAWAL | SEQ=607363 | CARD=************9012 | AMOUNT=5000.00 | CURRENCY=ETB | STATUS=TIMEOUT
2026-06-05 20:26:54 | ATM-001 | TID001 | TXN | WITHDRAWAL | SEQ=735225 | CARD=************0123 | AMOUNT=200.00 | CURRENCY=ETB | STATUS=APPROVED | AUTH=238159
2026-06-05 20:29:47 | ATM-001 | TID001 | TXN | WITHDRAWAL | SEQ=143332 | CARD=************7890 | AMOUNT=100.00 | CURRENCY=ETB | STATUS=APPROVED | AUTH=273985
2026-06-05 20:32:40 | ATM-001 | TID001 | TXN | WITHDRAWAL | SEQ=105534 | CARD=************8901 | AMOUNT=200.00 | CURRENCY=ETB | STATUS=DECLINED
2026-06-05 20:35:33 | ATM-001 | TID001 | TXN | WITHDRAWAL | SEQ=452179 | CARD=************9012 | AMOUNT=1000.00 | CURRENCY=ETB | STATUS=APPROVED | AUTH=421363
2026-06-05 20:38:26 | ATM-001 | TID001 | TXN | WITHDRAWAL | SEQ=163854 | CARD=************7890 | AMOUNT=5000.00 | CURRENCY=ETB | STATUS=APPROVED | AUTH=974017
2026-06-05 20:41:18 | ATM-001 | TID001 | TXN | WITHDRAWAL | SEQ=763222 | CARD=************4567 | AMOUNT=1000.00 | CURRENCY=ETB | STATUS=APPROVED | AUTH=825061
2026-06-05 20:44:11 | ATM-001 | TID001 | TXN | WITHDRAWAL | SEQ=536749 | CARD=************3456 | AMOUNT=200.00 | CURRENCY=ETB | STATUS=APPROVED | AUTH=679889
2026-06-05 20:47:04 | ATM-001 | TID001 | TXN | WITHDRAWAL | SEQ=722552 | CARD=************6789 | AMOUNT=500.00 | CURRENCY=ETB | STATUS=DECLINED
2026-06-05 20:49:57 | ATM-001 | TID001 | TXN | WITHDRAWAL | SEQ=400424 | CARD=************6789 | AMOUNT=500.00 | CURRENCY=ETB | STATUS=DECLINED
2026-06-05 20:52:50 | ATM-001 | TID001 | TXN | WITHDRAWAL | SEQ=155952 | CARD=************4567 | AMOUNT=5000.00 | CURRENCY=ETB | STATUS=APPROVED | AUTH=139480
2026-06-05 20:55:42 | ATM-001 | TID001 | TXN | WITHDRAWAL | SEQ=781053 | CARD=************5678 | AMOUNT=2000.00 | CURRENCY=ETB | STATUS=APPROVED | AUTH=801404
2026-06-05 20:58:35 | ATM-001 | TID001 | TXN | WITHDRAWAL | SEQ=339865 | CARD=************0123 | AMOUNT=500.00 | CURRENCY=ETB | STATUS=APPROVED | AUTH=292836
2026-06-05 21:01:28 | ATM-001 | TID001 | TXN | WITHDRAWAL | SEQ=796046 | CARD=************3456 | AMOUNT=200.00 | CURRENCY=ETB | STATUS=APPROVED | AUTH=431230
2026-06-05 21:04:21 | ATM-001 | TID001 | TXN | WITHDRAWAL | SEQ=173703 | CARD=************6789 | AMOUNT=5000.00 | CURRENCY=ETB | STATUS=APPROVED | AUTH=750694
2026-06-05 21:07:14 | ATM-001 | TID001 | TXN | WITHDRAWAL | SEQ=973518 | CARD=************3456 | AMOUNT=500.00 | CURRENCY=ETB | STATUS=APPROVED | AUTH=675654
2026-06-05 21:10:06 | ATM-001 | TID001 | TXN | WITHDRAWAL | SEQ=568084 | CARD=************5678 | AMOUNT=2000.00 | CURRENCY=ETB | STATUS=APPROVED | AUTH=385353
2026-06-05 21:12:59 | ATM-001 | TID001 | TXN | WITHDRAWAL | SEQ=661379 | CARD=************1234 | AMOUNT=200.00 | CURRENCY=ETB | STATUS=DECLINED
2026-06-05 21:15:52 | ATM-001 | TID001 | TXN | WITHDRAWAL | SEQ=884252 | CARD=************3456 | AMOUNT=100.00 | CURRENCY=ETB | STATUS=APPROVED | AUTH=966121
2026-06-05 21:18:45 | ATM-001 | TID001 | TXN | WITHDRAWAL | SEQ=417518 | CARD=************9012 | AMOUNT=500.00 | CURRENCY=ETB | STATUS=APPROVED | AUTH=954910
2026-06-05 21:21:38 | ATM-001 | TID001 | TXN | WITHDRAWAL | SEQ=884844 | CARD=************7890 | AMOUNT=200.00 | CURRENCY=ETB | STATUS=APPROVED | AUTH=128302
2026-06-05 21:24:30 | ATM-001 | TID001 | TXN | WITHDRAWAL | SEQ=317412 | CARD=************1234 | AMOUNT=1000.00 | CURRENCY=ETB | STATUS=APPROVED | AUTH=640419
2026-06-05 21:27:23 | ATM-001 | TID001 | TXN | WITHDRAWAL | SEQ=410744 | CARD=************1234 | AMOUNT=500.00 | CURRENCY=ETB | STATUS=APPROVED | AUTH=855619
2026-06-05 21:30:16 | ATM-001 | TID001 | TXN | WITHDRAWAL | SEQ=932467 | CARD=************3456 | AMOUNT=100.00 | CURRENCY=ETB | STATUS=APPROVED | AUTH=587934
2026-06-05 21:33:09 | ATM-001 | TID001 | TXN | WITHDRAWAL | SEQ=718682 | CARD=************7890 | AMOUNT=500.00 | CURRENCY=ETB | STATUS=APPROVED | AUTH=930807
2026-06-05 21:36:02 | ATM-001 | TID001 | TXN | WITHDRAWAL | SEQ=250338 | CARD=************3456 | AMOUNT=2000.00 | CURRENCY=ETB | STATUS=APPROVED | AUTH=753402
2026-06-05 21:38:54 | ATM-001 | TID001 | TXN | WITHDRAWAL | SEQ=180656 | CARD=************4567 | AMOUNT=2000.00 | CURRENCY=ETB | STATUS=APPROVED | AUTH=410875
2026-06-05 21:41:47 | ATM-001 | TID001 | TXN | WITHDRAWAL | SEQ=967622 | CARD=************4567 | AMOUNT=200.00 | CURRENCY=ETB | STATUS=APPROVED | AUTH=282446
2026-06-05 21:44:40 | ATM-001 | TID001 | TXN | WITHDRAWAL | SEQ=933457 | CARD=************0123 | AMOUNT=5000.00 | CURRENCY=ETB | STATUS=DECLINED
2026-06-05 21:47:33 | ATM-001 | TID001 | TXN | WITHDRAWAL | SEQ=341742 | CARD=************6789 | AMOUNT=5000.00 | CURRENCY=ETB | STATUS=APPROVED | AUTH=654636
2026-06-05 21:50:26 | ATM-001 | TID001 | TXN | WITHDRAWAL | SEQ=368175 | CARD=************6789 | AMOUNT=2000.00 | CURRENCY=ETB | STATUS=APPROVED | AUTH=140333
2026-06-05 21:53:18 | ATM-001 | TID001 | TXN | WITHDRAWAL | SEQ=569110 | CARD=************9012 | AMOUNT=500.00 | CURRENCY=ETB | STATUS=APPROVED | AUTH=401255
2026-06-05 21:56:11 | ATM-001 | TID001 | TXN | WITHDRAWAL | SEQ=394461 | CARD=************5678 | AMOUNT=1000.00 | CURRENCY=ETB | STATUS=APPROVED | AUTH=696613
2026-06-05 21:59:04 | ATM-001 | TID001 | TXN | WITHDRAWAL | SEQ=177957 | CARD=************3456 | AMOUNT=500.00 | CURRENCY=ETB | STATUS=APPROVED | AUTH=510703
2026-06-05 22:01:57 | ATM-001 | TID001 | TXN | WITHDRAWAL | SEQ=896902 | CARD=************1234 | AMOUNT=1000.00 | CURRENCY=ETB | STATUS=APPROVED | AUTH=604951
2026-06-05 22:04:50 | ATM-001 | TID001 | TXN | WITHDRAWAL | SEQ=872188 | CARD=************5678 | AMOUNT=100.00 | CURRENCY=ETB | STATUS=APPROVED | AUTH=511873
2026-06-05 22:07:42 | ATM-001 | TID001 | TXN | WITHDRAWAL | SEQ=898496 | CARD=************6789 | AMOUNT=500.00 | CURRENCY=ETB | STATUS=APPROVED | AUTH=395769
2026-06-05 22:10:35 | ATM-001 | TID001 | TXN | WITHDRAWAL | SEQ=777245 | CARD=************0123 | AMOUNT=500.00 | CURRENCY=ETB | STATUS=APPROVED | AUTH=685982
2026-06-05 22:13:28 | ATM-001 | TID001 | TXN | WITHDRAWAL | SEQ=560745 | CARD=************7890 | AMOUNT=5000.00 | CURRENCY=ETB | STATUS=TIMEOUT
2026-06-05 22:16:21 | ATM-001 | TID001 | TXN | WITHDRAWAL | SEQ=315543 | CARD=************5678 | AMOUNT=1000.00 | CURRENCY=ETB | STATUS=APPROVED | AUTH=380096
2026-06-05 22:19:14 | ATM-001 | TID001 | TXN | WITHDRAWAL | SEQ=576841 | CARD=************0123 | AMOUNT=5000.00 | CURRENCY=ETB | STATUS=APPROVED | AUTH=870303
2026-06-05 22:22:06 | ATM-001 | TID001 | TXN | WITHDRAWAL | SEQ=914126 | CARD=************7890 | AMOUNT=2000.00 | CURRENCY=ETB | STATUS=APPROVED | AUTH=671557
2026-06-05 22:24:59 | ATM-001 | TID001 | TXN | WITHDRAWAL | SEQ=455036 | CARD=************4567 | AMOUNT=500.00 | CURRENCY=ETB | STATUS=DECLINED
2026-06-05 22:27:52 | ATM-001 | TID001 | TXN | WITHDRAWAL | SEQ=608911 | CARD=************2345 | AMOUNT=1000.00 | CURRENCY=ETB | STATUS=APPROVED | AUTH=757657
2026-06-05 22:30:45 | ATM-001 | TID001 | TXN | WITHDRAWAL | SEQ=352819 | CARD=************1234 | AMOUNT=1000.00 | CURRENCY=ETB | STATUS=APPROVED | AUTH=860419
2026-06-05 22:33:38 | ATM-001 | TID001 | TXN | WITHDRAWAL | SEQ=186852 | CARD=************8901 | AMOUNT=500.00 | CURRENCY=ETB | STATUS=APPROVED | AUTH=553327
2026-06-05 22:36:30 | ATM-001 | TID001 | TXN | WITHDRAWAL | SEQ=486707 | CARD=************5678 | AMOUNT=2000.00 | CURRENCY=ETB | STATUS=APPROVED | AUTH=770676
2026-06-05 22:39:23 | ATM-001 | TID001 | TXN | WITHDRAWAL | SEQ=878476 | CARD=************3456 | AMOUNT=100.00 | CURRENCY=ETB | STATUS=APPROVED | AUTH=214080
2026-06-05 22:42:16 | ATM-001 | TID001 | TXN | WITHDRAWAL | SEQ=589465 | CARD=************4567 | AMOUNT=1000.00 | CURRENCY=ETB | STATUS=APPROVED | AUTH=337832
2026-06-05 22:45:09 | ATM-001 | TID001 | TXN | WITHDRAWAL | SEQ=497122 | CARD=************8901 | AMOUNT=2000.00 | CURRENCY=ETB | STATUS=DECLINED
2026-06-05 22:48:02 | ATM-001 | TID001 | TXN | WITHDRAWAL | SEQ=249818 | CARD=************0123 | AMOUNT=200.00 | CURRENCY=ETB | STATUS=APPROVED | AUTH=298189
2026-06-05 22:50:54 | ATM-001 | TID001 | TXN | WITHDRAWAL | SEQ=722541 | CARD=************5678 | AMOUNT=100.00 | CURRENCY=ETB | STATUS=APPROVED | AUTH=925470
2026-06-05 22:53:47 | ATM-001 | TID001 | TXN | WITHDRAWAL | SEQ=934711 | CARD=************4567 | AMOUNT=1000.00 | CURRENCY=ETB | STATUS=APPROVED | AUTH=792283
2026-06-05 22:56:40 | ATM-001 | TID001 | TXN | WITHDRAWAL | SEQ=574946 | CARD=************9012 | AMOUNT=500.00 | CURRENCY=ETB | STATUS=APPROVED | AUTH=398412
2026-06-05 22:59:33 | ATM-001 | TID001 | TXN | WITHDRAWAL | SEQ=753346 | CARD=************6789 | AMOUNT=2000.00 | CURRENCY=ETB | STATUS=TIMEOUT
2026-06-05 23:02:26 | ATM-001 | TID001 | TXN | WITHDRAWAL | SEQ=563612 | CARD=************1234 | AMOUNT=200.00 | CURRENCY=ETB | STATUS=APPROVED | AUTH=938284
2026-06-05 23:05:18 | ATM-001 | TID001 | TXN | WITHDRAWAL | SEQ=373361 | CARD=************8901 | AMOUNT=200.00 | CURRENCY=ETB | STATUS=APPROVED | AUTH=723085
2026-06-05 23:08:11 | ATM-001 | TID001 | TXN | WITHDRAWAL | SEQ=514378 | CARD=************8901 | AMOUNT=2000.00 | CURRENCY=ETB | STATUS=APPROVED | AUTH=115887
2026-06-05 23:11:04 | ATM-001 | TID001 | TXN | WITHDRAWAL | SEQ=420496 | CARD=************6789 | AMOUNT=1000.00 | CURRENCY=ETB | STATUS=APPROVED | AUTH=436473
2026-06-05 23:13:57 | ATM-001 | TID001 | TXN | WITHDRAWAL | SEQ=963677 | CARD=************0123 | AMOUNT=200.00 | CURRENCY=ETB | STATUS=APPROVED | AUTH=945051
2026-06-05 23:16:50 | ATM-001 | TID001 | TXN | WITHDRAWAL | SEQ=369140 | CARD=************6789 | AMOUNT=100.00 | CURRENCY=ETB | STATUS=APPROVED | AUTH=612894
2026-06-05 23:19:42 | ATM-001 | TID001 | TXN | WITHDRAWAL | SEQ=508872 | CARD=************2345 | AMOUNT=2000.00 | CURRENCY=ETB | STATUS=APPROVED | AUTH=732411
2026-06-05 23:22:35 | ATM-001 | TID001 | TXN | WITHDRAWAL | SEQ=783759 | CARD=************5678 | AMOUNT=2000.00 | CURRENCY=ETB | STATUS=APPROVED | AUTH=543001
2026-06-05 23:25:28 | ATM-001 | TID001 | TXN | WITHDRAWAL | SEQ=263819 | CARD=************7890 | AMOUNT=5000.00 | CURRENCY=ETB | STATUS=APPROVED | AUTH=381753
2026-06-05 23:28:21 | ATM-001 | TID001 | TXN | WITHDRAWAL | SEQ=572954 | CARD=************3456 | AMOUNT=5000.00 | CURRENCY=ETB | STATUS=APPROVED | AUTH=153824
2026-06-05 23:31:14 | ATM-001 | TID001 | TXN | WITHDRAWAL | SEQ=258793 | CARD=************8901 | AMOUNT=5000.00 | CURRENCY=ETB | STATUS=APPROVED | AUTH=817026
2026-06-05 23:34:06 | ATM-001 | TID001 | TXN | WITHDRAWAL | SEQ=993953 | CARD=************4567 | AMOUNT=500.00 | CURRENCY=ETB | STATUS=APPROVED | AUTH=963744
2026-06-05 23:36:59 | ATM-001 | TID001 | TXN | WITHDRAWAL | SEQ=763331 | CARD=************5678 | AMOUNT=2000.00 | CURRENCY=ETB | STATUS=DECLINED
2026-06-05 23:39:52 | ATM-001 | TID001 | TXN | WITHDRAWAL | SEQ=958192 | CARD=************9012 | AMOUNT=1000.00 | CURRENCY=ETB | STATUS=APPROVED | AUTH=907544
2026-06-05 23:42:45 | ATM-001 | TID001 | TXN | WITHDRAWAL | SEQ=709209 | CARD=************9012 | AMOUNT=500.00 | CURRENCY=ETB | STATUS=APPROVED | AUTH=962891
2026-06-05 23:45:38 | ATM-001 | TID001 | TXN | WITHDRAWAL | SEQ=371488 | CARD=************1234 | AMOUNT=500.00 | CURRENCY=ETB | STATUS=DECLINED
2026-06-05 23:48:30 | ATM-001 | TID001 | TXN | WITHDRAWAL | SEQ=938001 | CARD=************4567 | AMOUNT=500.00 | CURRENCY=ETB | STATUS=APPROVED | AUTH=672417
2026-06-05 23:51:23 | ATM-001 | TID001 | TXN | WITHDRAWAL | SEQ=138157 | CARD=************9012 | AMOUNT=1000.00 | CURRENCY=ETB | STATUS=APPROVED | AUTH=250433
2026-06-05 23:54:16 | ATM-001 | TID001 | TXN | WITHDRAWAL | SEQ=469404 | CARD=************9012 | AMOUNT=5000.00 | CURRENCY=ETB | STATUS=APPROVED | AUTH=458304
2026-06-05 23:57:09 | ATM-001 | TID001 | TXN | WITHDRAWAL | SEQ=594821 | CARD=************6789 | AMOUNT=1000.00 | CURRENCY=ETB | STATUS=APPROVED | AUTH=553078
2026-06-06 00:00:02 | ATM-001 | TID001 | TXN | WITHDRAWAL | SEQ=300278 | CARD=************8901 | AMOUNT=500.00 | CURRENCY=ETB | STATUS=TIMEOUT
2026-06-06 00:02:54 | ATM-001 | TID001 | TXN | WITHDRAWAL | SEQ=907771 | CARD=************3456 | AMOUNT=500.00 | CURRENCY=ETB | STATUS=APPROVED | AUTH=431143
2026-06-06 00:05:47 | ATM-001 | TID001 | TXN | WITHDRAWAL | SEQ=138698 | CARD=************9012 | AMOUNT=200.00 | CURRENCY=ETB | STATUS=APPROVED | AUTH=128928
2026-06-06 00:08:40 | ATM-001 | TID001 | TXN | WITHDRAWAL | SEQ=563450 | CARD=************4567 | AMOUNT=2000.00 | CURRENCY=ETB | STATUS=APPROVED | AUTH=267160
2026-06-06 00:11:33 | ATM-001 | TID001 | TXN | WITHDRAWAL | SEQ=520252 | CARD=************6789 | AMOUNT=5000.00 | CURRENCY=ETB | STATUS=APPROVED | AUTH=629725
2026-06-06 00:14:26 | ATM-001 | TID001 | TXN | WITHDRAWAL | SEQ=482677 | CARD=************7890 | AMOUNT=200.00 | CURRENCY=ETB | STATUS=TIMEOUT
2026-06-06 00:17:18 | ATM-001 | TID001 | TXN | WITHDRAWAL | SEQ=393507 | CARD=************2345 | AMOUNT=200.00 | CURRENCY=ETB | STATUS=DECLINED
2026-06-06 00:20:11 | ATM-001 | TID001 | TXN | WITHDRAWAL | SEQ=646232 | CARD=************3456 | AMOUNT=200.00 | CURRENCY=ETB | STATUS=APPROVED | AUTH=370104
2026-06-06 00:23:04 | ATM-001 | TID001 | TXN | WITHDRAWAL | SEQ=343757 | CARD=************3456 | AMOUNT=200.00 | CURRENCY=ETB | STATUS=APPROVED | AUTH=294320
2026-06-06 00:25:57 | ATM-001 | TID001 | TXN | WITHDRAWAL | SEQ=544956 | CARD=************9012 | AMOUNT=100.00 | CURRENCY=ETB | STATUS=TIMEOUT
2026-06-06 00:28:50 | ATM-001 | TID001 | TXN | WITHDRAWAL | SEQ=398067 | CARD=************4567 | AMOUNT=500.00 | CURRENCY=ETB | STATUS=DECLINED
2026-06-06 00:31:42 | ATM-001 | TID001 | TXN | WITHDRAWAL | SEQ=867379 | CARD=************9012 | AMOUNT=1000.00 | CURRENCY=ETB | STATUS=APPROVED | AUTH=508194
2026-06-06 00:34:35 | ATM-001 | TID001 | TXN | WITHDRAWAL | SEQ=182682 | CARD=************4567 | AMOUNT=100.00 | CURRENCY=ETB | STATUS=APPROVED | AUTH=450039
2026-06-06 00:37:28 | ATM-001 | TID001 | TXN | WITHDRAWAL | SEQ=594773 | CARD=************3456 | AMOUNT=5000.00 | CURRENCY=ETB | STATUS=TIMEOUT
2026-06-06 00:40:21 | ATM-001 | TID001 | TXN | WITHDRAWAL | SEQ=188712 | CARD=************6789 | AMOUNT=2000.00 | CURRENCY=ETB | STATUS=DECLINED
2026-06-06 00:43:14 | ATM-001 | TID001 | TXN | WITHDRAWAL | SEQ=308630 | CARD=************3456 | AMOUNT=2000.00 | CURRENCY=ETB | STATUS=DECLINED
2026-06-06 00:46:06 | ATM-001 | TID001 | TXN | WITHDRAWAL | SEQ=906292 | CARD=************5678 | AMOUNT=2000.00 | CURRENCY=ETB | STATUS=APPROVED | AUTH=166286
2026-06-06 00:48:59 | ATM-001 | TID001 | TXN | WITHDRAWAL | SEQ=676789 | CARD=************4567 | AMOUNT=1000.00 | CURRENCY=ETB | STATUS=APPROVED | AUTH=218606
2026-06-06 00:51:52 | ATM-001 | TID001 | TXN | WITHDRAWAL | SEQ=400633 | CARD=************7890 | AMOUNT=200.00 | CURRENCY=ETB | STATUS=APPROVED | AUTH=915617
2026-06-06 00:54:45 | ATM-001 | TID001 | TXN | WITHDRAWAL | SEQ=267236 | CARD=************7890 | AMOUNT=500.00 | CURRENCY=ETB | STATUS=APPROVED | AUTH=719126
2026-06-06 00:57:38 | ATM-001 | TID001 | TXN | WITHDRAWAL | SEQ=925262 | CARD=************0123 | AMOUNT=100.00 | CURRENCY=ETB | STATUS=APPROVED | AUTH=646819
2026-06-06 01:00:30 | ATM-001 | TID001 | TXN | WITHDRAWAL | SEQ=596999 | CARD=************9012 | AMOUNT=200.00 | CURRENCY=ETB | STATUS=APPROVED | AUTH=501379
2026-06-06 01:03:23 | ATM-001 | TID001 | TXN | WITHDRAWAL | SEQ=342490 | CARD=************2345 | AMOUNT=1000.00 | CURRENCY=ETB | STATUS=APPROVED | AUTH=500246
2026-06-06 01:06:16 | ATM-001 | TID001 | TXN | WITHDRAWAL | SEQ=480407 | CARD=************2345 | AMOUNT=1000.00 | CURRENCY=ETB | STATUS=APPROVED | AUTH=919492
2026-06-06 01:09:09 | ATM-001 | TID001 | TXN | WITHDRAWAL | SEQ=671284 | CARD=************0123 | AMOUNT=100.00 | CURRENCY=ETB | STATUS=APPROVED | AUTH=278836
2026-06-06 01:12:02 | ATM-001 | TID001 | TXN | WITHDRAWAL | SEQ=241249 | CARD=************9012 | AMOUNT=500.00 | CURRENCY=ETB | STATUS=DECLINED
2026-06-06 01:14:54 | ATM-001 | TID001 | TXN | WITHDRAWAL | SEQ=241321 | CARD=************6789 | AMOUNT=200.00 | CURRENCY=ETB | STATUS=APPROVED | AUTH=817918
2026-06-06 01:17:47 | ATM-001 | TID001 | TXN | WITHDRAWAL | SEQ=999232 | CARD=************0123 | AMOUNT=100.00 | CURRENCY=ETB | STATUS=APPROVED | AUTH=400659
2026-06-06 01:20:40 | ATM-001 | TID001 | TXN | WITHDRAWAL | SEQ=246390 | CARD=************8901 | AMOUNT=5000.00 | CURRENCY=ETB | STATUS=APPROVED | AUTH=712958
2026-06-06 01:23:33 | ATM-001 | TID001 | TXN | WITHDRAWAL | SEQ=550678 | CARD=************0123 | AMOUNT=500.00 | CURRENCY=ETB | STATUS=APPROVED | AUTH=236744
2026-06-06 01:26:26 | ATM-001 | TID001 | TXN | WITHDRAWAL | SEQ=647608 | CARD=************7890 | AMOUNT=500.00 | CURRENCY=ETB | STATUS=APPROVED | AUTH=250764
2026-06-06 01:29:18 | ATM-001 | TID001 | TXN | WITHDRAWAL | SEQ=769328 | CARD=************3456 | AMOUNT=100.00 | CURRENCY=ETB | STATUS=APPROVED | AUTH=902207
2026-06-06 01:32:11 | ATM-001 | TID001 | TXN | WITHDRAWAL | SEQ=882143 | CARD=************9012 | AMOUNT=2000.00 | CURRENCY=ETB | STATUS=APPROVED | AUTH=273579
2026-06-06 01:35:04 | ATM-001 | TID001 | TXN | WITHDRAWAL | SEQ=116072 | CARD=************5678 | AMOUNT=5000.00 | CURRENCY=ETB | STATUS=APPROVED | AUTH=330703
2026-06-06 01:37:57 | ATM-001 | TID001 | TXN | WITHDRAWAL | SEQ=343089 | CARD=************0123 | AMOUNT=500.00 | CURRENCY=ETB | STATUS=APPROVED | AUTH=156485
2026-06-06 01:40:50 | ATM-001 | TID001 | TXN | WITHDRAWAL | SEQ=957139 | CARD=************6789 | AMOUNT=500.00 | CURRENCY=ETB | STATUS=APPROVED | AUTH=463072
2026-06-06 01:43:42 | ATM-001 | TID001 | TXN | WITHDRAWAL | SEQ=881181 | CARD=************1234 | AMOUNT=200.00 | CURRENCY=ETB | STATUS=DECLINED
2026-06-06 01:46:35 | ATM-001 | TID001 | TXN | WITHDRAWAL | SEQ=409920 | CARD=************0123 | AMOUNT=200.00 | CURRENCY=ETB | STATUS=APPROVED | AUTH=138372
2026-06-06 01:49:28 | ATM-001 | TID001 | TXN | WITHDRAWAL | SEQ=107847 | CARD=************0123 | AMOUNT=2000.00 | CURRENCY=ETB | STATUS=APPROVED | AUTH=742564
2026-06-06 01:52:21 | ATM-001 | TID001 | TXN | WITHDRAWAL | SEQ=228855 | CARD=************7890 | AMOUNT=1000.00 | CURRENCY=ETB | STATUS=APPROVED | AUTH=445175
2026-06-06 01:55:14 | ATM-001 | TID001 | TXN | WITHDRAWAL | SEQ=529071 | CARD=************2345 | AMOUNT=5000.00 | CURRENCY=ETB | STATUS=APPROVED | AUTH=645154
2026-06-06 01:58:06 | ATM-001 | TID001 | TXN | WITHDRAWAL | SEQ=778871 | CARD=************5678 | AMOUNT=500.00 | CURRENCY=ETB | STATUS=APPROVED | AUTH=289356
2026-06-06 02:00:59 | ATM-001 | TID001 | TXN | WITHDRAWAL | SEQ=287537 | CARD=************7890 | AMOUNT=100.00 | CURRENCY=ETB | STATUS=APPROVED | AUTH=212316
2026-06-06 02:03:52 | ATM-001 | TID001 | TXN | WITHDRAWAL | SEQ=952401 | CARD=************1234 | AMOUNT=200.00 | CURRENCY=ETB | STATUS=APPROVED | AUTH=905895
2026-06-06 02:06:45 | ATM-001 | TID001 | TXN | WITHDRAWAL | SEQ=893037 | CARD=************4567 | AMOUNT=500.00 | CURRENCY=ETB | STATUS=APPROVED | AUTH=612622
2026-06-06 02:09:38 | ATM-001 | TID001 | TXN | WITHDRAWAL | SEQ=875662 | CARD=************9012 | AMOUNT=100.00 | CURRENCY=ETB | STATUS=APPROVED | AUTH=680082
2026-06-06 02:12:30 | ATM-001 | TID001 | TXN | WITHDRAWAL | SEQ=933650 | CARD=************4567 | AMOUNT=1000.00 | CURRENCY=ETB | STATUS=APPROVED | AUTH=148493
2026-06-06 02:15:23 | ATM-001 | TID001 | TXN | WITHDRAWAL | SEQ=691521 | CARD=************4567 | AMOUNT=5000.00 | CURRENCY=ETB | STATUS=APPROVED | AUTH=521743
2026-06-06 02:18:16 | ATM-001 | TID001 | TXN | WITHDRAWAL | SEQ=844898 | CARD=************5678 | AMOUNT=5000.00 | CURRENCY=ETB | STATUS=APPROVED | AUTH=612346
2026-06-06 02:21:09 | ATM-001 | TID001 | TXN | WITHDRAWAL | SEQ=257139 | CARD=************8901 | AMOUNT=100.00 | CURRENCY=ETB | STATUS=APPROVED | AUTH=853943
2026-06-06 02:24:02 | ATM-001 | TID001 | TXN | WITHDRAWAL | SEQ=125165 | CARD=************8901 | AMOUNT=100.00 | CURRENCY=ETB | STATUS=APPROVED | AUTH=161067
2026-06-06 02:26:54 | ATM-001 | TID001 | TXN | WITHDRAWAL | SEQ=881042 | CARD=************2345 | AMOUNT=200.00 | CURRENCY=ETB | STATUS=APPROVED | AUTH=846766
2026-06-06 02:29:47 | ATM-001 | TID001 | TXN | WITHDRAWAL | SEQ=774168 | CARD=************6789 | AMOUNT=200.00 | CURRENCY=ETB | STATUS=APPROVED | AUTH=521486
2026-06-06 02:32:40 | ATM-001 | TID001 | TXN | WITHDRAWAL | SEQ=779066 | CARD=************8901 | AMOUNT=2000.00 | CURRENCY=ETB | STATUS=DECLINED
2026-06-06 02:35:33 | ATM-001 | TID001 | TXN | WITHDRAWAL | SEQ=772688 | CARD=************5678 | AMOUNT=500.00 | CURRENCY=ETB | STATUS=APPROVED | AUTH=361696
2026-06-06 02:38:26 | ATM-001 | TID001 | TXN | WITHDRAWAL | SEQ=881659 | CARD=************6789 | AMOUNT=200.00 | CURRENCY=ETB | STATUS=APPROVED | AUTH=751266
2026-06-06 02:41:18 | ATM-001 | TID001 | TXN | WITHDRAWAL | SEQ=402901 | CARD=************3456 | AMOUNT=200.00 | CURRENCY=ETB | STATUS=DECLINED
2026-06-06 02:44:11 | ATM-001 | TID001 | TXN | WITHDRAWAL | SEQ=151704 | CARD=************7890 | AMOUNT=2000.00 | CURRENCY=ETB | STATUS=APPROVED | AUTH=987296
2026-06-06 02:47:04 | ATM-001 | TID001 | TXN | WITHDRAWAL | SEQ=726721 | CARD=************2345 | AMOUNT=200.00 | CURRENCY=ETB | STATUS=APPROVED | AUTH=202842
2026-06-06 02:49:57 | ATM-001 | TID001 | TXN | WITHDRAWAL | SEQ=812390 | CARD=************9012 | AMOUNT=2000.00 | CURRENCY=ETB | STATUS=DECLINED
2026-06-06 02:52:50 | ATM-001 | TID001 | TXN | WITHDRAWAL | SEQ=766719 | CARD=************0123 | AMOUNT=200.00 | CURRENCY=ETB | STATUS=APPROVED | AUTH=935654
2026-06-06 02:55:42 | ATM-001 | TID001 | TXN | WITHDRAWAL | SEQ=839039 | CARD=************1234 | AMOUNT=5000.00 | CURRENCY=ETB | STATUS=APPROVED | AUTH=472525
2026-06-06 02:58:35 | ATM-001 | TID001 | TXN | WITHDRAWAL | SEQ=420558 | CARD=************8901 | AMOUNT=1000.00 | CURRENCY=ETB | STATUS=APPROVED | AUTH=458040
2026-06-06 03:01:28 | ATM-001 | TID001 | TXN | WITHDRAWAL | SEQ=145773 | CARD=************3456 | AMOUNT=1000.00 | CURRENCY=ETB | STATUS=TIMEOUT
2026-06-06 03:04:21 | ATM-001 | TID001 | TXN | WITHDRAWAL | SEQ=553820 | CARD=************8901 | AMOUNT=100.00 | CURRENCY=ETB | STATUS=APPROVED | AUTH=125422
2026-06-06 03:07:14 | ATM-001 | TID001 | TXN | WITHDRAWAL | SEQ=165700 | CARD=************3456 | AMOUNT=200.00 | CURRENCY=ETB | STATUS=APPROVED | AUTH=583311
2026-06-06 03:10:06 | ATM-001 | TID001 | TXN | WITHDRAWAL | SEQ=208200 | CARD=************9012 | AMOUNT=100.00 | CURRENCY=ETB | STATUS=APPROVED | AUTH=248605
2026-06-06 03:12:59 | ATM-001 | TID001 | TXN | WITHDRAWAL | SEQ=472790 | CARD=************6789 | AMOUNT=5000.00 | CURRENCY=ETB | STATUS=APPROVED | AUTH=731724
2026-06-06 03:15:52 | ATM-001 | TID001 | TXN | WITHDRAWAL | SEQ=122727 | CARD=************1234 | AMOUNT=500.00 | CURRENCY=ETB | STATUS=APPROVED | AUTH=710549
2026-06-06 03:18:45 | ATM-001 | TID001 | TXN | WITHDRAWAL | SEQ=122425 | CARD=************1234 | AMOUNT=5000.00 | CURRENCY=ETB | STATUS=APPROVED | AUTH=409242
2026-06-06 03:21:38 | ATM-001 | TID001 | TXN | WITHDRAWAL | SEQ=140545 | CARD=************4567 | AMOUNT=2000.00 | CURRENCY=ETB | STATUS=APPROVED | AUTH=272604
2026-06-06 03:24:30 | ATM-001 | TID001 | TXN | WITHDRAWAL | SEQ=776712 | CARD=************6789 | AMOUNT=2000.00 | CURRENCY=ETB | STATUS=APPROVED | AUTH=842824
2026-06-06 03:27:23 | ATM-001 | TID001 | TXN | WITHDRAWAL | SEQ=275723 | CARD=************8901 | AMOUNT=500.00 | CURRENCY=ETB | STATUS=DECLINED
2026-06-06 03:30:16 | ATM-001 | TID001 | TXN | WITHDRAWAL | SEQ=748910 | CARD=************9012 | AMOUNT=500.00 | CURRENCY=ETB | STATUS=APPROVED | AUTH=289873
2026-06-06 03:33:09 | ATM-001 | TID001 | TXN | WITHDRAWAL | SEQ=927350 | CARD=************0123 | AMOUNT=5000.00 | CURRENCY=ETB | STATUS=DECLINED
2026-06-06 03:36:02 | ATM-001 | TID001 | TXN | WITHDRAWAL | SEQ=855944 | CARD=************3456 | AMOUNT=5000.00 | CURRENCY=ETB | STATUS=APPROVED | AUTH=736039
2026-06-06 03:38:54 | ATM-001 | TID001 | TXN | WITHDRAWAL | SEQ=363717 | CARD=************4567 | AMOUNT=200.00 | CURRENCY=ETB | STATUS=DECLINED
2026-06-06 03:41:47 | ATM-001 | TID001 | TXN | WITHDRAWAL | SEQ=781381 | CARD=************6789 | AMOUNT=100.00 | CURRENCY=ETB | STATUS=APPROVED | AUTH=160454
2026-06-06 03:44:40 | ATM-001 | TID001 | TXN | WITHDRAWAL | SEQ=316648 | CARD=************3456 | AMOUNT=100.00 | CURRENCY=ETB | STATUS=APPROVED | AUTH=905455
2026-06-06 03:47:33 | ATM-001 | TID001 | TXN | WITHDRAWAL | SEQ=547200 | CARD=************1234 | AMOUNT=2000.00 | CURRENCY=ETB | STATUS=APPROVED | AUTH=954778
2026-06-06 03:50:26 | ATM-001 | TID001 | TXN | WITHDRAWAL | SEQ=695602 | CARD=************8901 | AMOUNT=1000.00 | CURRENCY=ETB | STATUS=APPROVED | AUTH=103191
2026-06-06 03:53:18 | ATM-001 | TID001 | TXN | WITHDRAWAL | SEQ=391556 | CARD=************2345 | AMOUNT=100.00 | CURRENCY=ETB | STATUS=APPROVED | AUTH=415314
2026-06-06 03:56:11 | ATM-001 | TID001 | TXN | WITHDRAWAL | SEQ=339001 | CARD=************1234 | AMOUNT=1000.00 | CURRENCY=ETB | STATUS=APPROVED | AUTH=655539
2026-06-06 03:59:04 | ATM-001 | TID001 | TXN | WITHDRAWAL | SEQ=782694 | CARD=************0123 | AMOUNT=2000.00 | CURRENCY=ETB | STATUS=APPROVED | AUTH=230281
2026-06-06 04:01:57 | ATM-001 | TID001 | TXN | WITHDRAWAL | SEQ=899360 | CARD=************9012 | AMOUNT=5000.00 | CURRENCY=ETB | STATUS=APPROVED | AUTH=252052
2026-06-06 04:04:50 | ATM-001 | TID001 | TXN | WITHDRAWAL | SEQ=414347 | CARD=************9012 | AMOUNT=5000.00 | CURRENCY=ETB | STATUS=APPROVED | AUTH=654219
2026-06-06 04:07:42 | ATM-001 | TID001 | TXN | WITHDRAWAL | SEQ=284182 | CARD=************6789 | AMOUNT=1000.00 | CURRENCY=ETB | STATUS=APPROVED | AUTH=569025
2026-06-06 04:10:35 | ATM-001 | TID001 | TXN | WITHDRAWAL | SEQ=480452 | CARD=************3456 | AMOUNT=500.00 | CURRENCY=ETB | STATUS=APPROVED | AUTH=145833
2026-06-06 04:13:28 | ATM-001 | TID001 | TXN | WITHDRAWAL | SEQ=425321 | CARD=************0123 | AMOUNT=100.00 | CURRENCY=ETB | STATUS=APPROVED | AUTH=445190
2026-06-06 04:16:21 | ATM-001 | TID001 | TXN | WITHDRAWAL | SEQ=857867 | CARD=************4567 | AMOUNT=5000.00 | CURRENCY=ETB | STATUS=APPROVED | AUTH=999555
2026-06-06 04:19:14 | ATM-001 | TID001 | TXN | WITHDRAWAL | SEQ=536786 | CARD=************1234 | AMOUNT=200.00 | CURRENCY=ETB | STATUS=APPROVED | AUTH=455780
2026-06-06 04:22:06 | ATM-001 | TID001 | TXN | WITHDRAWAL | SEQ=534898 | CARD=************7890 | AMOUNT=500.00 | CURRENCY=ETB | STATUS=APPROVED | AUTH=479176
2026-06-06 04:24:59 | ATM-001 | TID001 | TXN | WITHDRAWAL | SEQ=934595 | CARD=************6789 | AMOUNT=500.00 | CURRENCY=ETB | STATUS=APPROVED | AUTH=878626
2026-06-06 04:27:52 | ATM-001 | TID001 | TXN | WITHDRAWAL | SEQ=497949 | CARD=************4567 | AMOUNT=500.00 | CURRENCY=ETB | STATUS=APPROVED | AUTH=618329
2026-06-06 04:30:45 | ATM-001 | TID001 | TXN | WITHDRAWAL | SEQ=534568 | CARD=************4567 | AMOUNT=2000.00 | CURRENCY=ETB | STATUS=APPROVED | AUTH=742829
2026-06-06 04:33:38 | ATM-001 | TID001 | TXN | WITHDRAWAL | SEQ=453438 | CARD=************1234 | AMOUNT=500.00 | CURRENCY=ETB | STATUS=APPROVED | AUTH=682233
2026-06-06 04:36:30 | ATM-001 | TID001 | TXN | WITHDRAWAL | SEQ=345927 | CARD=************2345 | AMOUNT=5000.00 | CURRENCY=ETB | STATUS=APPROVED | AUTH=788979
2026-06-06 04:39:23 | ATM-001 | TID001 | TXN | WITHDRAWAL | SEQ=613640 | CARD=************0123 | AMOUNT=500.00 | CURRENCY=ETB | STATUS=APPROVED | AUTH=860145
2026-06-06 04:42:16 | ATM-001 | TID001 | TXN | WITHDRAWAL | SEQ=680177 | CARD=************2345 | AMOUNT=2000.00 | CURRENCY=ETB | STATUS=APPROVED | AUTH=521065
2026-06-06 04:45:09 | ATM-001 | TID001 | TXN | WITHDRAWAL | SEQ=332025 | CARD=************4567 | AMOUNT=2000.00 | CURRENCY=ETB | STATUS=APPROVED | AUTH=552998
2026-06-06 04:48:02 | ATM-001 | TID001 | TXN | WITHDRAWAL | SEQ=501124 | CARD=************0123 | AMOUNT=2000.00 | CURRENCY=ETB | STATUS=APPROVED | AUTH=313379
2026-06-06 04:50:54 | ATM-001 | TID001 | TXN | WITHDRAWAL | SEQ=307710 | CARD=************4567 | AMOUNT=500.00 | CURRENCY=ETB | STATUS=APPROVED | AUTH=912836
2026-06-06 04:53:47 | ATM-001 | TID001 | TXN | WITHDRAWAL | SEQ=930589 | CARD=************2345 | AMOUNT=100.00 | CURRENCY=ETB | STATUS=APPROVED | AUTH=116390
2026-06-06 04:56:40 | ATM-001 | TID001 | TXN | WITHDRAWAL | SEQ=599427 | CARD=************6789 | AMOUNT=200.00 | CURRENCY=ETB | STATUS=APPROVED | AUTH=592706
2026-06-06 04:59:33 | ATM-001 | TID001 | TXN | WITHDRAWAL | SEQ=171794 | CARD=************6789 | AMOUNT=1000.00 | CURRENCY=ETB | STATUS=APPROVED | AUTH=288473
2026-06-06 05:02:26 | ATM-001 | TID001 | TXN | WITHDRAWAL | SEQ=328194 | CARD=************5678 | AMOUNT=2000.00 | CURRENCY=ETB | STATUS=APPROVED | AUTH=654725
2026-06-06 05:05:18 | ATM-001 | TID001 | TXN | WITHDRAWAL | SEQ=405556 | CARD=************7890 | AMOUNT=500.00 | CURRENCY=ETB | STATUS=APPROVED | AUTH=669899
2026-06-06 05:08:11 | ATM-001 | TID001 | TXN | WITHDRAWAL | SEQ=263879 | CARD=************0123 | AMOUNT=5000.00 | CURRENCY=ETB | STATUS=APPROVED | AUTH=443591
2026-06-06 05:11:04 | ATM-001 | TID001 | TXN | WITHDRAWAL | SEQ=375503 | CARD=************9012 | AMOUNT=5000.00 | CURRENCY=ETB | STATUS=APPROVED | AUTH=911596
2026-06-06 05:13:57 | ATM-001 | TID001 | TXN | WITHDRAWAL | SEQ=801127 | CARD=************3456 | AMOUNT=100.00 | CURRENCY=ETB | STATUS=APPROVED | AUTH=917308
2026-06-06 05:16:50 | ATM-001 | TID001 | TXN | WITHDRAWAL | SEQ=966135 | CARD=************4567 | AMOUNT=5000.00 | CURRENCY=ETB | STATUS=APPROVED | AUTH=443910
2026-06-06 05:19:42 | ATM-001 | TID001 | TXN | WITHDRAWAL | SEQ=949685 | CARD=************8901 | AMOUNT=100.00 | CURRENCY=ETB | STATUS=APPROVED | AUTH=986785
2026-06-06 05:22:35 | ATM-001 | TID001 | TXN | WITHDRAWAL | SEQ=972063 | CARD=************7890 | AMOUNT=2000.00 | CURRENCY=ETB | STATUS=DECLINED
2026-06-06 05:25:28 | ATM-001 | TID001 | TXN | WITHDRAWAL | SEQ=287655 | CARD=************9012 | AMOUNT=200.00 | CURRENCY=ETB | STATUS=APPROVED | AUTH=786168
2026-06-06 05:28:21 | ATM-001 | TID001 | TXN | WITHDRAWAL | SEQ=922098 | CARD=************0123 | AMOUNT=5000.00 | CURRENCY=ETB | STATUS=APPROVED | AUTH=532173
2026-06-06 05:31:14 | ATM-001 | TID001 | TXN | WITHDRAWAL | SEQ=865478 | CARD=************9012 | AMOUNT=200.00 | CURRENCY=ETB | STATUS=APPROVED | AUTH=865049
2026-06-06 05:34:06 | ATM-001 | TID001 | TXN | WITHDRAWAL | SEQ=672647 | CARD=************2345 | AMOUNT=1000.00 | CURRENCY=ETB | STATUS=APPROVED | AUTH=390319
2026-06-06 05:36:59 | ATM-001 | TID001 | TXN | WITHDRAWAL | SEQ=170722 | CARD=************8901 | AMOUNT=2000.00 | CURRENCY=ETB | STATUS=APPROVED | AUTH=995433
2026-06-06 05:39:52 | ATM-001 | TID001 | TXN | WITHDRAWAL | SEQ=918959 | CARD=************5678 | AMOUNT=200.00 | CURRENCY=ETB | STATUS=APPROVED | AUTH=959755
2026-06-06 05:42:45 | ATM-001 | TID001 | TXN | WITHDRAWAL | SEQ=830358 | CARD=************5678 | AMOUNT=500.00 | CURRENCY=ETB | STATUS=APPROVED | AUTH=835630
2026-06-06 05:45:38 | ATM-001 | TID001 | TXN | WITHDRAWAL | SEQ=678298 | CARD=************8901 | AMOUNT=100.00 | CURRENCY=ETB | STATUS=APPROVED | AUTH=472970
2026-06-06 05:48:30 | ATM-001 | TID001 | TXN | WITHDRAWAL | SEQ=753102 | CARD=************3456 | AMOUNT=5000.00 | CURRENCY=ETB | STATUS=APPROVED | AUTH=295718
2026-06-06 05:51:23 | ATM-001 | TID001 | TXN | WITHDRAWAL | SEQ=989852 | CARD=************5678 | AMOUNT=5000.00 | CURRENCY=ETB | STATUS=APPROVED | AUTH=565081
2026-06-06 05:54:16 | ATM-001 | TID001 | TXN | WITHDRAWAL | SEQ=555625 | CARD=************6789 | AMOUNT=100.00 | CURRENCY=ETB | STATUS=DECLINED
2026-06-06 05:57:09 | ATM-001 | TID001 | TXN | WITHDRAWAL | SEQ=199449 | CARD=************5678 | AMOUNT=500.00 | CURRENCY=ETB | STATUS=APPROVED | AUTH=616434
2026-06-06 06:00:02 | ATM-001 | TID001 | TXN | WITHDRAWAL | SEQ=686572 | CARD=************2345 | AMOUNT=5000.00 | CURRENCY=ETB | STATUS=APPROVED | AUTH=768128
2026-06-06 06:00:59 | ATM-001 | TID001 | TXN | MINI_STATEMENT | SEQ=930298 | CARD=************9012 | STATUS=APPROVED
2026-06-06 06:01:32 | ATM-001 | TID001 | TXN | BALANCE_INQ | SEQ=655764 | CARD=************7890 | STATUS=APPROVED
2026-06-06 06:02:04 | ATM-001 | TID001 | TXN | WITHDRAWAL | SEQ=127538 | CARD=************5678 | AMOUNT=5000.00 | CURRENCY=ETB | STATUS=APPROVED | AUTH=782105
2026-06-06 06:02:37 | ATM-001 | TID001 | TXN | TRANSFER | SEQ=446637 | CARD=************0123 | AMOUNT=2000.00 | CURRENCY=ETB | STATUS=APPROVED | AUTH=583555
2026-06-06 06:03:08 | ATM-001 | TID001 | TXN | WITHDRAWAL | SEQ=452869 | CARD=************6789 | AMOUNT=500.00 | CURRENCY=ETB | STATUS=APPROVED | AUTH=284706
2026-06-06 06:03:57 | ATM-001 | TID001 | TXN | WITHDRAWAL | SEQ=745652 | CARD=************1234 | AMOUNT=10000.00 | CURRENCY=ETB | STATUS=DECLINED
2026-06-06 06:04:33 | ATM-001 | TID001 | TXN | WITHDRAWAL | SEQ=637391 | CARD=************0123 | AMOUNT=10000.00 | CURRENCY=ETB | STATUS=DECLINED
2026-06-05 06:06:31 | ATM-001 | TID001 | TXN | WITHDRAWAL | SEQ=411279 | CARD=************5678 | AMOUNT=5000.00 | CURRENCY=ETB | STATUS=APPROVED | AUTH=376538
2026-06-05 06:09:24 | ATM-001 | TID001 | TXN | WITHDRAWAL | SEQ=188766 | CARD=************6789 | AMOUNT=1000.00 | CURRENCY=ETB | STATUS=APPROVED | AUTH=895667
2026-06-05 06:12:17 | ATM-001 | TID001 | TXN | WITHDRAWAL | SEQ=426317 | CARD=************2345 | AMOUNT=2000.00 | CURRENCY=ETB | STATUS=APPROVED | AUTH=745958
2026-06-05 06:15:10 | ATM-001 | TID001 | TXN | WITHDRAWAL | SEQ=168805 | CARD=************9012 | AMOUNT=500.00 | CURRENCY=ETB | STATUS=TIMEOUT
2026-06-05 06:18:02 | ATM-001 | TID001 | TXN | WITHDRAWAL | SEQ=327384 | CARD=************6789 | AMOUNT=2000.00 | CURRENCY=ETB | STATUS=TIMEOUT
2026-06-05 06:20:55 | ATM-001 | TID001 | TXN | WITHDRAWAL | SEQ=169863 | CARD=************5678 | AMOUNT=1000.00 | CURRENCY=ETB | STATUS=DECLINED
2026-06-05 06:23:48 | ATM-001 | TID001 | TXN | WITHDRAWAL | SEQ=584269 | CARD=************2345 | AMOUNT=5000.00 | CURRENCY=ETB | STATUS=APPROVED | AUTH=541564
2026-06-05 06:26:41 | ATM-001 | TID001 | TXN | WITHDRAWAL | SEQ=497975 | CARD=************9012 | AMOUNT=200.00 | CURRENCY=ETB | STATUS=APPROVED | AUTH=445010
2026-06-05 06:29:34 | ATM-001 | TID001 | TXN | WITHDRAWAL | SEQ=712387 | CARD=************9012 | AMOUNT=1000.00 | CURRENCY=ETB | STATUS=APPROVED | AUTH=111280
2026-06-05 06:32:26 | ATM-001 | TID001 | TXN | WITHDRAWAL | SEQ=587092 | CARD=************7890 | AMOUNT=1000.00 | CURRENCY=ETB | STATUS=APPROVED | AUTH=819172
2026-06-05 06:35:19 | ATM-001 | TID001 | TXN | WITHDRAWAL | SEQ=117567 | CARD=************2345 | AMOUNT=100.00 | CURRENCY=ETB | STATUS=APPROVED | AUTH=532557
2026-06-05 06:38:12 | ATM-001 | TID001 | TXN | WITHDRAWAL | SEQ=481521 | CARD=************5678 | AMOUNT=200.00 | CURRENCY=ETB | STATUS=APPROVED | AUTH=957427
2026-06-05 06:41:05 | ATM-001 | TID001 | TXN | WITHDRAWAL | SEQ=506613 | CARD=************8901 | AMOUNT=100.00 | CURRENCY=ETB | STATUS=APPROVED | AUTH=887467
2026-06-05 06:43:58 | ATM-001 | TID001 | TXN | WITHDRAWAL | SEQ=520195 | CARD=************5678 | AMOUNT=200.00 | CURRENCY=ETB | STATUS=APPROVED | AUTH=153676
2026-06-05 06:46:50 | ATM-001 | TID001 | TXN | WITHDRAWAL | SEQ=929544 | CARD=************1234 | AMOUNT=200.00 | CURRENCY=ETB | STATUS=APPROVED | AUTH=972623
2026-06-05 06:49:43 | ATM-001 | TID001 | TXN | WITHDRAWAL | SEQ=377643 | CARD=************8901 | AMOUNT=1000.00 | CURRENCY=ETB | STATUS=APPROVED | AUTH=946239
2026-06-05 06:52:36 | ATM-001 | TID001 | TXN | WITHDRAWAL | SEQ=171168 | CARD=************7890 | AMOUNT=100.00 | CURRENCY=ETB | STATUS=APPROVED | AUTH=651440
2026-06-05 06:55:29 | ATM-001 | TID001 | TXN | WITHDRAWAL | SEQ=138163 | CARD=************8901 | AMOUNT=200.00 | CURRENCY=ETB | STATUS=APPROVED | AUTH=315452
2026-06-05 06:58:22 | ATM-001 | TID001 | TXN | WITHDRAWAL | SEQ=133661 | CARD=************6789 | AMOUNT=1000.00 | CURRENCY=ETB | STATUS=TIMEOUT
2026-06-05 07:01:14 | ATM-001 | TID001 | TXN | WITHDRAWAL | SEQ=689904 | CARD=************5678 | AMOUNT=200.00 | CURRENCY=ETB | STATUS=APPROVED | AUTH=257508
2026-06-05 07:04:07 | ATM-001 | TID001 | TXN | WITHDRAWAL | SEQ=235586 | CARD=************7890 | AMOUNT=2000.00 | CURRENCY=ETB | STATUS=APPROVED | AUTH=909302
2026-06-05 07:07:00 | ATM-001 | TID001 | TXN | WITHDRAWAL | SEQ=885993 | CARD=************2345 | AMOUNT=200.00 | CURRENCY=ETB | STATUS=APPROVED | AUTH=263675
2026-06-05 07:09:53 | ATM-001 | TID001 | TXN | WITHDRAWAL | SEQ=895541 | CARD=************6789 | AMOUNT=1000.00 | CURRENCY=ETB | STATUS=APPROVED | AUTH=296043
2026-06-05 07:12:46 | ATM-001 | TID001 | TXN | WITHDRAWAL | SEQ=470355 | CARD=************9012 | AMOUNT=5000.00 | CURRENCY=ETB | STATUS=APPROVED | AUTH=353652
2026-06-05 07:15:38 | ATM-001 | TID001 | TXN | WITHDRAWAL | SEQ=897841 | CARD=************0123 | AMOUNT=200.00 | CURRENCY=ETB | STATUS=APPROVED | AUTH=655897
2026-06-05 07:18:31 | ATM-001 | TID001 | TXN | WITHDRAWAL | SEQ=933309 | CARD=************3456 | AMOUNT=5000.00 | CURRENCY=ETB | STATUS=APPROVED | AUTH=847762
2026-06-05 07:21:24 | ATM-001 | TID001 | TXN | WITHDRAWAL | SEQ=298110 | CARD=************6789 | AMOUNT=5000.00 | CURRENCY=ETB | STATUS=APPROVED | AUTH=891075
2026-06-05 07:24:17 | ATM-001 | TID001 | TXN | WITHDRAWAL | SEQ=937812 | CARD=************5678 | AMOUNT=1000.00 | CURRENCY=ETB | STATUS=DECLINED
2026-06-05 07:27:10 | ATM-001 | TID001 | TXN | WITHDRAWAL | SEQ=381828 | CARD=************9012 | AMOUNT=1000.00 | CURRENCY=ETB | STATUS=APPROVED | AUTH=740869
2026-06-05 07:30:02 | ATM-001 | TID001 | TXN | WITHDRAWAL | SEQ=452443 | CARD=************7890 | AMOUNT=5000.00 | CURRENCY=ETB | STATUS=APPROVED | AUTH=542658
2026-06-05 07:32:55 | ATM-001 | TID001 | TXN | WITHDRAWAL | SEQ=549124 | CARD=************1234 | AMOUNT=1000.00 | CURRENCY=ETB | STATUS=APPROVED | AUTH=390295
2026-06-05 07:35:48 | ATM-001 | TID001 | TXN | WITHDRAWAL | SEQ=661044 | CARD=************5678 | AMOUNT=200.00 | CURRENCY=ETB | STATUS=APPROVED | AUTH=329103
2026-06-05 07:38:41 | ATM-001 | TID001 | TXN | WITHDRAWAL | SEQ=712913 | CARD=************9012 | AMOUNT=2000.00 | CURRENCY=ETB | STATUS=APPROVED | AUTH=887284
2026-06-05 07:41:34 | ATM-001 | TID001 | TXN | WITHDRAWAL | SEQ=363890 | CARD=************7890 | AMOUNT=5000.00 | CURRENCY=ETB | STATUS=APPROVED | AUTH=643838
2026-06-05 07:44:26 | ATM-001 | TID001 | TXN | WITHDRAWAL | SEQ=339529 | CARD=************7890 | AMOUNT=1000.00 | CURRENCY=ETB | STATUS=APPROVED | AUTH=913916
2026-06-05 07:47:19 | ATM-001 | TID001 | TXN | WITHDRAWAL | SEQ=116178 | CARD=************8901 | AMOUNT=2000.00 | CURRENCY=ETB | STATUS=APPROVED | AUTH=183558
2026-06-05 07:50:12 | ATM-001 | TID001 | TXN | WITHDRAWAL | SEQ=322768 | CARD=************5678 | AMOUNT=500.00 | CURRENCY=ETB | STATUS=APPROVED | AUTH=783081
2026-06-05 07:53:05 | ATM-001 | TID001 | TXN | WITHDRAWAL | SEQ=454052 | CARD=************7890 | AMOUNT=100.00 | CURRENCY=ETB | STATUS=APPROVED | AUTH=688714
2026-06-05 07:55:58 | ATM-001 | TID001 | TXN | WITHDRAWAL | SEQ=262753 | CARD=************0123 | AMOUNT=1000.00 | CURRENCY=ETB | STATUS=APPROVED | AUTH=412479
2026-06-05 07:58:50 | ATM-001 | TID001 | TXN | WITHDRAWAL | SEQ=266155 | CARD=************1234 | AMOUNT=100.00 | CURRENCY=ETB | STATUS=APPROVED | AUTH=761837
2026-06-05 08:01:43 | ATM-001 | TID001 | TXN | WITHDRAWAL | SEQ=927742 | CARD=************9012 | AMOUNT=1000.00 | CURRENCY=ETB | STATUS=DECLINED
2026-06-05 08:04:36 | ATM-001 | TID001 | TXN | WITHDRAWAL | SEQ=106586 | CARD=************8901 | AMOUNT=100.00 | CURRENCY=ETB | STATUS=APPROVED | AUTH=452041
2026-06-05 08:07:29 | ATM-001 | TID001 | TXN | WITHDRAWAL | SEQ=647020 | CARD=************1234 | AMOUNT=200.00 | CURRENCY=ETB | STATUS=APPROVED | AUTH=526399
2026-06-05 08:10:22 | ATM-001 | TID001 | TXN | WITHDRAWAL | SEQ=819628 | CARD=************0123 | AMOUNT=5000.00 | CURRENCY=ETB | STATUS=APPROVED | AUTH=354711
2026-06-05 08:13:14 | ATM-001 | TID001 | TXN | WITHDRAWAL | SEQ=208074 | CARD=************6789 | AMOUNT=500.00 | CURRENCY=ETB | STATUS=APPROVED | AUTH=763513
2026-06-05 08:16:07 | ATM-001 | TID001 | TXN | WITHDRAWAL | SEQ=119201 | CARD=************8901 | AMOUNT=5000.00 | CURRENCY=ETB | STATUS=APPROVED | AUTH=355598
2026-06-05 08:19:00 | ATM-001 | TID001 | TXN | WITHDRAWAL | SEQ=528419 | CARD=************2345 | AMOUNT=500.00 | CURRENCY=ETB | STATUS=APPROVED | AUTH=607413
2026-06-05 08:21:53 | ATM-001 | TID001 | TXN | WITHDRAWAL | SEQ=595300 | CARD=************3456 | AMOUNT=500.00 | CURRENCY=ETB | STATUS=DECLINED
2026-06-05 08:24:46 | ATM-001 | TID001 | TXN | WITHDRAWAL | SEQ=137208 | CARD=************8901 | AMOUNT=500.00 | CURRENCY=ETB | STATUS=APPROVED | AUTH=481397
2026-06-05 08:27:38 | ATM-001 | TID001 | TXN | WITHDRAWAL | SEQ=172835 | CARD=************4567 | AMOUNT=5000.00 | CURRENCY=ETB | STATUS=APPROVED | AUTH=831645
2026-06-05 08:30:31 | ATM-001 | TID001 | TXN | WITHDRAWAL | SEQ=262076 | CARD=************9012 | AMOUNT=100.00 | CURRENCY=ETB | STATUS=APPROVED | AUTH=197010
2026-06-05 08:33:24 | ATM-001 | TID001 | TXN | WITHDRAWAL | SEQ=322104 | CARD=************8901 | AMOUNT=2000.00 | CURRENCY=ETB | STATUS=APPROVED | AUTH=478283
2026-06-05 08:36:17 | ATM-001 | TID001 | TXN | WITHDRAWAL | SEQ=163600 | CARD=************2345 | AMOUNT=1000.00 | CURRENCY=ETB | STATUS=APPROVED | AUTH=570954
2026-06-05 08:39:10 | ATM-001 | TID001 | TXN | WITHDRAWAL | SEQ=912975 | CARD=************0123 | AMOUNT=200.00 | CURRENCY=ETB | STATUS=APPROVED | AUTH=288968
2026-06-05 08:42:02 | ATM-001 | TID001 | TXN | WITHDRAWAL | SEQ=851883 | CARD=************9012 | AMOUNT=2000.00 | CURRENCY=ETB | STATUS=APPROVED | AUTH=122986
2026-06-05 08:44:55 | ATM-001 | TID001 | TXN | WITHDRAWAL | SEQ=429908 | CARD=************1234 | AMOUNT=200.00 | CURRENCY=ETB | STATUS=APPROVED | AUTH=961565
2026-06-05 08:47:48 | ATM-001 | TID001 | TXN | WITHDRAWAL | SEQ=839662 | CARD=************5678 | AMOUNT=1000.00 | CURRENCY=ETB | STATUS=APPROVED | AUTH=702330
2026-06-05 08:50:41 | ATM-001 | TID001 | TXN | WITHDRAWAL | SEQ=585496 | CARD=************9012 | AMOUNT=2000.00 | CURRENCY=ETB | STATUS=APPROVED | AUTH=229241
2026-06-05 08:53:34 | ATM-001 | TID001 | TXN | WITHDRAWAL | SEQ=323079 | CARD=************8901 | AMOUNT=100.00 | CURRENCY=ETB | STATUS=APPROVED | AUTH=998999
2026-06-05 08:56:26 | ATM-001 | TID001 | TXN | WITHDRAWAL | SEQ=757605 | CARD=************7890 | AMOUNT=500.00 | CURRENCY=ETB | STATUS=APPROVED | AUTH=759008
2026-06-05 08:59:19 | ATM-001 | TID001 | TXN | WITHDRAWAL | SEQ=984424 | CARD=************5678 | AMOUNT=5000.00 | CURRENCY=ETB | STATUS=APPROVED | AUTH=791360
2026-06-05 09:02:12 | ATM-001 | TID001 | TXN | WITHDRAWAL | SEQ=680416 | CARD=************1234 | AMOUNT=5000.00 | CURRENCY=ETB | STATUS=APPROVED | AUTH=286909
2026-06-05 09:05:05 | ATM-001 | TID001 | TXN | WITHDRAWAL | SEQ=945698 | CARD=************8901 | AMOUNT=200.00 | CURRENCY=ETB | STATUS=APPROVED | AUTH=563835
2026-06-05 09:07:58 | ATM-001 | TID001 | TXN | WITHDRAWAL | SEQ=269017 | CARD=************6789 | AMOUNT=1000.00 | CURRENCY=ETB | STATUS=APPROVED | AUTH=740807
2026-06-05 09:10:50 | ATM-001 | TID001 | TXN | WITHDRAWAL | SEQ=332519 | CARD=************6789 | AMOUNT=500.00 | CURRENCY=ETB | STATUS=DECLINED
2026-06-05 09:13:43 | ATM-001 | TID001 | TXN | WITHDRAWAL | SEQ=309535 | CARD=************8901 | AMOUNT=200.00 | CURRENCY=ETB | STATUS=APPROVED | AUTH=718474
2026-06-05 09:16:36 | ATM-001 | TID001 | TXN | WITHDRAWAL | SEQ=242154 | CARD=************8901 | AMOUNT=100.00 | CURRENCY=ETB | STATUS=APPROVED | AUTH=763446
2026-06-05 09:19:29 | ATM-001 | TID001 | TXN | WITHDRAWAL | SEQ=336887 | CARD=************5678 | AMOUNT=200.00 | CURRENCY=ETB | STATUS=APPROVED | AUTH=800246
2026-06-05 09:22:22 | ATM-001 | TID001 | TXN | WITHDRAWAL | SEQ=859772 | CARD=************2345 | AMOUNT=2000.00 | CURRENCY=ETB | STATUS=DECLINED
2026-06-05 09:25:14 | ATM-001 | TID001 | TXN | WITHDRAWAL | SEQ=274716 | CARD=************3456 | AMOUNT=500.00 | CURRENCY=ETB | STATUS=APPROVED | AUTH=929954
2026-06-05 09:28:07 | ATM-001 | TID001 | TXN | WITHDRAWAL | SEQ=698948 | CARD=************3456 | AMOUNT=2000.00 | CURRENCY=ETB | STATUS=APPROVED | AUTH=961071
2026-06-05 09:31:00 | ATM-001 | TID001 | TXN | WITHDRAWAL | SEQ=965536 | CARD=************4567 | AMOUNT=500.00 | CURRENCY=ETB | STATUS=TIMEOUT
2026-06-05 09:33:53 | ATM-001 | TID001 | TXN | WITHDRAWAL | SEQ=445926 | CARD=************3456 | AMOUNT=100.00 | CURRENCY=ETB | STATUS=APPROVED | AUTH=218289
2026-06-05 09:36:46 | ATM-001 | TID001 | TXN | WITHDRAWAL | SEQ=603620 | CARD=************4567 | AMOUNT=200.00 | CURRENCY=ETB | STATUS=DECLINED
2026-06-05 09:39:38 | ATM-001 | TID001 | TXN | WITHDRAWAL | SEQ=814117 | CARD=************4567 | AMOUNT=5000.00 | CURRENCY=ETB | STATUS=APPROVED | AUTH=885790
2026-06-05 09:42:31 | ATM-001 | TID001 | TXN | WITHDRAWAL | SEQ=167738 | CARD=************4567 | AMOUNT=500.00 | CURRENCY=ETB | STATUS=APPROVED | AUTH=103737
2026-06-05 09:45:24 | ATM-001 | TID001 | TXN | WITHDRAWAL | SEQ=610847 | CARD=************8901 | AMOUNT=200.00 | CURRENCY=ETB | STATUS=APPROVED | AUTH=283336
2026-06-05 09:48:17 | ATM-001 | TID001 | TXN | WITHDRAWAL | SEQ=242750 | CARD=************7890 | AMOUNT=5000.00 | CURRENCY=ETB | STATUS=APPROVED | AUTH=182228
2026-06-05 09:51:10 | ATM-001 | TID001 | TXN | WITHDRAWAL | SEQ=931968 | CARD=************9012 | AMOUNT=200.00 | CURRENCY=ETB | STATUS=APPROVED | AUTH=958234
2026-06-05 09:54:02 | ATM-001 | TID001 | TXN | WITHDRAWAL | SEQ=882369 | CARD=************7890 | AMOUNT=500.00 | CURRENCY=ETB | STATUS=APPROVED | AUTH=540627
2026-06-05 09:56:55 | ATM-001 | TID001 | TXN | WITHDRAWAL | SEQ=287047 | CARD=************9012 | AMOUNT=500.00 | CURRENCY=ETB | STATUS=TIMEOUT
2026-06-05 09:59:48 | ATM-001 | TID001 | TXN | WITHDRAWAL | SEQ=513559 | CARD=************9012 | AMOUNT=500.00 | CURRENCY=ETB | STATUS=APPROVED | AUTH=580922
2026-06-05 10:02:41 | ATM-001 | TID001 | TXN | WITHDRAWAL | SEQ=200672 | CARD=************3456 | AMOUNT=500.00 | CURRENCY=ETB | STATUS=TIMEOUT
2026-06-05 10:05:34 | ATM-001 | TID001 | TXN | WITHDRAWAL | SEQ=396167 | CARD=************5678 | AMOUNT=100.00 | CURRENCY=ETB | STATUS=APPROVED | AUTH=177251
2026-06-05 10:08:26 | ATM-001 | TID001 | TXN | WITHDRAWAL | SEQ=506106 | CARD=************1234 | AMOUNT=5000.00 | CURRENCY=ETB | STATUS=APPROVED | AUTH=290703
2026-06-05 10:11:19 | ATM-001 | TID001 | TXN | WITHDRAWAL | SEQ=678405 | CARD=************0123 | AMOUNT=500.00 | CURRENCY=ETB | STATUS=APPROVED | AUTH=967503
2026-06-05 10:14:12 | ATM-001 | TID001 | TXN | WITHDRAWAL | SEQ=131183 | CARD=************9012 | AMOUNT=100.00 | CURRENCY=ETB | STATUS=APPROVED | AUTH=765905
2026-06-05 10:17:05 | ATM-001 | TID001 | TXN | WITHDRAWAL | SEQ=565360 | CARD=************4567 | AMOUNT=100.00 | CURRENCY=ETB | STATUS=APPROVED | AUTH=791106
2026-06-05 10:19:58 | ATM-001 | TID001 | TXN | WITHDRAWAL | SEQ=757678 | CARD=************0123 | AMOUNT=2000.00 | CURRENCY=ETB | STATUS=APPROVED | AUTH=493485
2026-06-05 10:22:50 | ATM-001 | TID001 | TXN | WITHDRAWAL | SEQ=292786 | CARD=************6789 | AMOUNT=100.00 | CURRENCY=ETB | STATUS=APPROVED | AUTH=213285
2026-06-05 10:25:43 | ATM-001 | TID001 | TXN | WITHDRAWAL | SEQ=526923 | CARD=************4567 | AMOUNT=100.00 | CURRENCY=ETB | STATUS=APPROVED | AUTH=383584
2026-06-05 10:28:36 | ATM-001 | TID001 | TXN | WITHDRAWAL | SEQ=558640 | CARD=************6789 | AMOUNT=200.00 | CURRENCY=ETB | STATUS=APPROVED | AUTH=390199
2026-06-05 10:31:29 | ATM-001 | TID001 | TXN | WITHDRAWAL | SEQ=752444 | CARD=************0123 | AMOUNT=2000.00 | CURRENCY=ETB | STATUS=DECLINED
2026-06-05 10:34:22 | ATM-001 | TID001 | TXN | WITHDRAWAL | SEQ=465013 | CARD=************6789 | AMOUNT=200.00 | CURRENCY=ETB | STATUS=APPROVED | AUTH=869181
2026-06-05 10:37:14 | ATM-001 | TID001 | TXN | WITHDRAWAL | SEQ=302918 | CARD=************7890 | AMOUNT=1000.00 | CURRENCY=ETB | STATUS=DECLINED
2026-06-05 10:40:07 | ATM-001 | TID001 | TXN | WITHDRAWAL | SEQ=984026 | CARD=************9012 | AMOUNT=5000.00 | CURRENCY=ETB | STATUS=DECLINED
2026-06-05 10:43:00 | ATM-001 | TID001 | TXN | WITHDRAWAL | SEQ=917679 | CARD=************3456 | AMOUNT=2000.00 | CURRENCY=ETB | STATUS=APPROVED | AUTH=548461
2026-06-05 10:45:53 | ATM-001 | TID001 | TXN | WITHDRAWAL | SEQ=451303 | CARD=************3456 | AMOUNT=1000.00 | CURRENCY=ETB | STATUS=APPROVED | AUTH=137209
2026-06-05 10:48:46 | ATM-001 | TID001 | TXN | WITHDRAWAL | SEQ=509668 | CARD=************9012 | AMOUNT=200.00 | CURRENCY=ETB | STATUS=DECLINED
2026-06-05 10:51:38 | ATM-001 | TID001 | TXN | WITHDRAWAL | SEQ=132493 | CARD=************7890 | AMOUNT=500.00 | CURRENCY=ETB | STATUS=APPROVED | AUTH=625346
2026-06-05 10:54:31 | ATM-001 | TID001 | TXN | WITHDRAWAL | SEQ=376593 | CARD=************1234 | AMOUNT=200.00 | CURRENCY=ETB | STATUS=APPROVED | AUTH=559829
2026-06-05 10:57:24 | ATM-001 | TID001 | TXN | WITHDRAWAL | SEQ=395151 | CARD=************0123 | AMOUNT=100.00 | CURRENCY=ETB | STATUS=APPROVED | AUTH=534599
2026-06-05 11:00:17 | ATM-001 | TID001 | TXN | WITHDRAWAL | SEQ=508420 | CARD=************8901 | AMOUNT=5000.00 | CURRENCY=ETB | STATUS=DECLINED
2026-06-05 11:03:10 | ATM-001 | TID001 | TXN | WITHDRAWAL | SEQ=198193 | CARD=************4567 | AMOUNT=200.00 | CURRENCY=ETB | STATUS=APPROVED | AUTH=189939
2026-06-05 11:06:02 | ATM-001 | TID001 | TXN | WITHDRAWAL | SEQ=931000 | CARD=************7890 | AMOUNT=1000.00 | CURRENCY=ETB | STATUS=APPROVED | AUTH=863123
2026-06-05 11:08:55 | ATM-001 | TID001 | TXN | WITHDRAWAL | SEQ=266081 | CARD=************4567 | AMOUNT=100.00 | CURRENCY=ETB | STATUS=APPROVED | AUTH=571567
2026-06-05 11:11:48 | ATM-001 | TID001 | TXN | WITHDRAWAL | SEQ=917636 | CARD=************9012 | AMOUNT=100.00 | CURRENCY=ETB | STATUS=APPROVED | AUTH=594273
2026-06-05 11:14:41 | ATM-001 | TID001 | TXN | WITHDRAWAL | SEQ=374989 | CARD=************2345 | AMOUNT=2000.00 | CURRENCY=ETB | STATUS=APPROVED | AUTH=687045
2026-06-05 11:17:34 | ATM-001 | TID001 | TXN | WITHDRAWAL | SEQ=981513 | CARD=************3456 | AMOUNT=5000.00 | CURRENCY=ETB | STATUS=APPROVED | AUTH=318738
2026-06-05 11:20:26 | ATM-001 | TID001 | TXN | WITHDRAWAL | SEQ=464542 | CARD=************7890 | AMOUNT=500.00 | CURRENCY=ETB | STATUS=APPROVED | AUTH=187489
2026-06-05 11:23:19 | ATM-001 | TID001 | TXN | WITHDRAWAL | SEQ=791378 | CARD=************9012 | AMOUNT=5000.00 | CURRENCY=ETB | STATUS=APPROVED | AUTH=840738
2026-06-05 11:26:12 | ATM-001 | TID001 | TXN | WITHDRAWAL | SEQ=668229 | CARD=************6789 | AMOUNT=1000.00 | CURRENCY=ETB | STATUS=DECLINED
2026-06-05 11:29:05 | ATM-001 | TID001 | TXN | WITHDRAWAL | SEQ=977484 | CARD=************4567 | AMOUNT=1000.00 | CURRENCY=ETB | STATUS=APPROVED | AUTH=239032
2026-06-05 11:31:58 | ATM-001 | TID001 | TXN | WITHDRAWAL | SEQ=200799 | CARD=************6789 | AMOUNT=2000.00 | CURRENCY=ETB | STATUS=APPROVED | AUTH=492219
2026-06-05 11:34:50 | ATM-001 | TID001 | TXN | WITHDRAWAL | SEQ=938303 | CARD=************9012 | AMOUNT=2000.00 | CURRENCY=ETB | STATUS=APPROVED | AUTH=692116
2026-06-05 11:37:43 | ATM-001 | TID001 | TXN | WITHDRAWAL | SEQ=480413 | CARD=************8901 | AMOUNT=1000.00 | CURRENCY=ETB | STATUS=APPROVED | AUTH=714496
2026-06-05 11:40:36 | ATM-001 | TID001 | TXN | WITHDRAWAL | SEQ=585047 | CARD=************8901 | AMOUNT=5000.00 | CURRENCY=ETB | STATUS=APPROVED | AUTH=392504
2026-06-05 11:43:29 | ATM-001 | TID001 | TXN | WITHDRAWAL | SEQ=447654 | CARD=************6789 | AMOUNT=500.00 | CURRENCY=ETB | STATUS=APPROVED | AUTH=691512
2026-06-05 11:46:22 | ATM-001 | TID001 | TXN | WITHDRAWAL | SEQ=621233 | CARD=************5678 | AMOUNT=200.00 | CURRENCY=ETB | STATUS=APPROVED | AUTH=134038
2026-06-05 11:49:14 | ATM-001 | TID001 | TXN | WITHDRAWAL | SEQ=469129 | CARD=************7890 | AMOUNT=5000.00 | CURRENCY=ETB | STATUS=DECLINED
2026-06-05 11:52:07 | ATM-001 | TID001 | TXN | WITHDRAWAL | SEQ=764768 | CARD=************2345 | AMOUNT=1000.00 | CURRENCY=ETB | STATUS=APPROVED | AUTH=488282
2026-06-05 11:55:00 | ATM-001 | TID001 | TXN | WITHDRAWAL | SEQ=823895 | CARD=************5678 | AMOUNT=2000.00 | CURRENCY=ETB | STATUS=DECLINED
2026-06-05 11:57:53 | ATM-001 | TID001 | TXN | WITHDRAWAL | SEQ=967086 | CARD=************5678 | AMOUNT=500.00 | CURRENCY=ETB | STATUS=APPROVED | AUTH=632727
2026-06-05 12:00:46 | ATM-001 | TID001 | TXN | WITHDRAWAL | SEQ=990874 | CARD=************2345 | AMOUNT=1000.00 | CURRENCY=ETB | STATUS=APPROVED | AUTH=848341
2026-06-05 12:03:38 | ATM-001 | TID001 | TXN | WITHDRAWAL | SEQ=464586 | CARD=************3456 | AMOUNT=2000.00 | CURRENCY=ETB | STATUS=APPROVED | AUTH=968378
2026-06-05 12:06:31 | ATM-001 | TID001 | TXN | WITHDRAWAL | SEQ=730900 | CARD=************3456 | AMOUNT=200.00 | CURRENCY=ETB | STATUS=APPROVED | AUTH=354255
2026-06-05 12:09:24 | ATM-001 | TID001 | TXN | WITHDRAWAL | SEQ=207102 | CARD=************0123 | AMOUNT=500.00 | CURRENCY=ETB | STATUS=APPROVED | AUTH=455432
2026-06-05 12:12:17 | ATM-001 | TID001 | TXN | WITHDRAWAL | SEQ=168912 | CARD=************9012 | AMOUNT=1000.00 | CURRENCY=ETB | STATUS=APPROVED | AUTH=294071
2026-06-05 12:15:10 | ATM-001 | TID001 | TXN | WITHDRAWAL | SEQ=318350 | CARD=************6789 | AMOUNT=500.00 | CURRENCY=ETB | STATUS=APPROVED | AUTH=375927
2026-06-05 12:18:02 | ATM-001 | TID001 | TXN | WITHDRAWAL | SEQ=244753 | CARD=************7890 | AMOUNT=500.00 | CURRENCY=ETB | STATUS=TIMEOUT
2026-06-05 12:20:55 | ATM-001 | TID001 | TXN | WITHDRAWAL | SEQ=732643 | CARD=************0123 | AMOUNT=100.00 | CURRENCY=ETB | STATUS=APPROVED | AUTH=174218
2026-06-05 12:23:48 | ATM-001 | TID001 | TXN | WITHDRAWAL | SEQ=789166 | CARD=************8901 | AMOUNT=5000.00 | CURRENCY=ETB | STATUS=APPROVED | AUTH=901412
2026-06-05 12:26:41 | ATM-001 | TID001 | TXN | WITHDRAWAL | SEQ=180185 | CARD=************4567 | AMOUNT=500.00 | CURRENCY=ETB | STATUS=APPROVED | AUTH=142391
2026-06-05 12:29:34 | ATM-001 | TID001 | TXN | WITHDRAWAL | SEQ=367200 | CARD=************1234 | AMOUNT=5000.00 | CURRENCY=ETB | STATUS=APPROVED | AUTH=125354
2026-06-05 12:32:26 | ATM-001 | TID001 | TXN | WITHDRAWAL | SEQ=945761 | CARD=************7890 | AMOUNT=1000.00 | CURRENCY=ETB | STATUS=APPROVED | AUTH=132450
2026-06-05 12:35:19 | ATM-001 | TID001 | TXN | WITHDRAWAL | SEQ=899695 | CARD=************2345 | AMOUNT=5000.00 | CURRENCY=ETB | STATUS=APPROVED | AUTH=682970
2026-06-05 12:38:12 | ATM-001 | TID001 | TXN | WITHDRAWAL | SEQ=310462 | CARD=************2345 | AMOUNT=2000.00 | CURRENCY=ETB | STATUS=TIMEOUT
2026-06-05 12:41:05 | ATM-001 | TID001 | TXN | WITHDRAWAL | SEQ=299616 | CARD=************1234 | AMOUNT=2000.00 | CURRENCY=ETB | STATUS=APPROVED | AUTH=512975
2026-06-05 12:43:58 | ATM-001 | TID001 | TXN | WITHDRAWAL | SEQ=792742 | CARD=************2345 | AMOUNT=100.00 | CURRENCY=ETB | STATUS=APPROVED | AUTH=896486
2026-06-05 12:46:50 | ATM-001 | TID001 | TXN | WITHDRAWAL | SEQ=607021 | CARD=************3456 | AMOUNT=100.00 | CURRENCY=ETB | STATUS=APPROVED | AUTH=842499
2026-06-05 12:49:43 | ATM-001 | TID001 | TXN | WITHDRAWAL | SEQ=292655 | CARD=************5678 | AMOUNT=500.00 | CURRENCY=ETB | STATUS=APPROVED | AUTH=700373
2026-06-05 12:52:36 | ATM-001 | TID001 | TXN | WITHDRAWAL | SEQ=934025 | CARD=************0123 | AMOUNT=5000.00 | CURRENCY=ETB | STATUS=APPROVED | AUTH=565204
2026-06-05 12:55:29 | ATM-001 | TID001 | TXN | WITHDRAWAL | SEQ=307376 | CARD=************7890 | AMOUNT=200.00 | CURRENCY=ETB | STATUS=APPROVED | AUTH=754645
2026-06-05 12:58:22 | ATM-001 | TID001 | TXN | WITHDRAWAL | SEQ=367719 | CARD=************5678 | AMOUNT=500.00 | CURRENCY=ETB | STATUS=APPROVED | AUTH=791657
2026-06-05 13:01:14 | ATM-001 | TID001 | TXN | WITHDRAWAL | SEQ=366497 | CARD=************1234 | AMOUNT=200.00 | CURRENCY=ETB | STATUS=APPROVED | AUTH=530384
2026-06-05 13:04:07 | ATM-001 | TID001 | TXN | WITHDRAWAL | SEQ=605271 | CARD=************5678 | AMOUNT=100.00 | CURRENCY=ETB | STATUS=APPROVED | AUTH=552763
2026-06-05 13:07:00 | ATM-001 | TID001 | TXN | WITHDRAWAL | SEQ=543095 | CARD=************5678 | AMOUNT=100.00 | CURRENCY=ETB | STATUS=APPROVED | AUTH=753798
2026-06-05 13:09:53 | ATM-001 | TID001 | TXN | WITHDRAWAL | SEQ=925528 | CARD=************9012 | AMOUNT=200.00 | CURRENCY=ETB | STATUS=APPROVED | AUTH=946090
2026-06-05 13:12:46 | ATM-001 | TID001 | TXN | WITHDRAWAL | SEQ=376598 | CARD=************6789 | AMOUNT=500.00 | CURRENCY=ETB | STATUS=DECLINED
2026-06-05 13:15:38 | ATM-001 | TID001 | TXN | WITHDRAWAL | SEQ=499954 | CARD=************6789 | AMOUNT=1000.00 | CURRENCY=ETB | STATUS=TIMEOUT
2026-06-05 13:18:31 | ATM-001 | TID001 | TXN | WITHDRAWAL | SEQ=228820 | CARD=************1234 | AMOUNT=1000.00 | CURRENCY=ETB | STATUS=APPROVED | AUTH=691823
2026-06-05 13:21:24 | ATM-001 | TID001 | TXN | WITHDRAWAL | SEQ=969958 | CARD=************6789 | AMOUNT=5000.00 | CURRENCY=ETB | STATUS=DECLINED
2026-06-05 13:24:17 | ATM-001 | TID001 | TXN | WITHDRAWAL | SEQ=978522 | CARD=************1234 | AMOUNT=200.00 | CURRENCY=ETB | STATUS=APPROVED | AUTH=367744
2026-06-05 13:27:10 | ATM-001 | TID001 | TXN | WITHDRAWAL | SEQ=696429 | CARD=************3456 | AMOUNT=500.00 | CURRENCY=ETB | STATUS=APPROVED | AUTH=451774
2026-06-05 13:30:02 | ATM-001 | TID001 | TXN | WITHDRAWAL | SEQ=188375 | CARD=************6789 | AMOUNT=1000.00 | CURRENCY=ETB | STATUS=APPROVED | AUTH=234203
2026-06-05 13:32:55 | ATM-001 | TID001 | TXN | WITHDRAWAL | SEQ=843072 | CARD=************9012 | AMOUNT=5000.00 | CURRENCY=ETB | STATUS=APPROVED | AUTH=895403
2026-06-05 13:35:48 | ATM-001 | TID001 | TXN | WITHDRAWAL | SEQ=787852 | CARD=************0123 | AMOUNT=5000.00 | CURRENCY=ETB | STATUS=APPROVED | AUTH=736357
2026-06-05 13:38:41 | ATM-001 | TID001 | TXN | WITHDRAWAL | SEQ=268402 | CARD=************1234 | AMOUNT=500.00 | CURRENCY=ETB | STATUS=APPROVED | AUTH=112526
2026-06-05 13:41:34 | ATM-001 | TID001 | TXN | WITHDRAWAL | SEQ=336629 | CARD=************8901 | AMOUNT=5000.00 | CURRENCY=ETB | STATUS=TIMEOUT
2026-06-05 13:44:26 | ATM-001 | TID001 | TXN | WITHDRAWAL | SEQ=679325 | CARD=************8901 | AMOUNT=200.00 | CURRENCY=ETB | STATUS=APPROVED | AUTH=536651
2026-06-05 13:47:19 | ATM-001 | TID001 | TXN | WITHDRAWAL | SEQ=359029 | CARD=************4567 | AMOUNT=5000.00 | CURRENCY=ETB | STATUS=APPROVED | AUTH=593485
2026-06-05 13:50:12 | ATM-001 | TID001 | TXN | WITHDRAWAL | SEQ=656481 | CARD=************2345 | AMOUNT=200.00 | CURRENCY=ETB | STATUS=APPROVED | AUTH=411651
2026-06-05 13:53:05 | ATM-001 | TID001 | TXN | WITHDRAWAL | SEQ=644273 | CARD=************1234 | AMOUNT=500.00 | CURRENCY=ETB | STATUS=APPROVED | AUTH=344377
2026-06-05 13:55:58 | ATM-001 | TID001 | TXN | WITHDRAWAL | SEQ=636439 | CARD=************7890 | AMOUNT=100.00 | CURRENCY=ETB | STATUS=APPROVED | AUTH=974733
2026-06-05 13:58:50 | ATM-001 | TID001 | TXN | WITHDRAWAL | SEQ=148561 | CARD=************0123 | AMOUNT=200.00 | CURRENCY=ETB | STATUS=APPROVED | AUTH=566861
2026-06-05 14:01:43 | ATM-001 | TID001 | TXN | WITHDRAWAL | SEQ=420534 | CARD=************8901 | AMOUNT=5000.00 | CURRENCY=ETB | STATUS=APPROVED | AUTH=933493
2026-06-05 14:04:36 | ATM-001 | TID001 | TXN | WITHDRAWAL | SEQ=946729 | CARD=************0123 | AMOUNT=100.00 | CURRENCY=ETB | STATUS=APPROVED | AUTH=609863
2026-06-05 14:07:29 | ATM-001 | TID001 | TXN | WITHDRAWAL | SEQ=629955 | CARD=************2345 | AMOUNT=100.00 | CURRENCY=ETB | STATUS=APPROVED | AUTH=892321
2026-06-05 14:10:22 | ATM-001 | TID001 | TXN | WITHDRAWAL | SEQ=176096 | CARD=************2345 | AMOUNT=1000.00 | CURRENCY=ETB | STATUS=APPROVED | AUTH=499237
2026-06-05 14:13:14 | ATM-001 | TID001 | TXN | WITHDRAWAL | SEQ=170530 | CARD=************0123 | AMOUNT=200.00 | CURRENCY=ETB | STATUS=APPROVED | AUTH=332101
2026-06-05 14:16:07 | ATM-001 | TID001 | TXN | WITHDRAWAL | SEQ=528581 | CARD=************5678 | AMOUNT=2000.00 | CURRENCY=ETB | STATUS=APPROVED | AUTH=784520
2026-06-05 14:19:00 | ATM-001 | TID001 | TXN | WITHDRAWAL | SEQ=413420 | CARD=************0123 | AMOUNT=200.00 | CURRENCY=ETB | STATUS=APPROVED | AUTH=534076
2026-06-05 14:21:53 | ATM-001 | TID001 | TXN | WITHDRAWAL | SEQ=648538 | CARD=************7890 | AMOUNT=5000.00 | CURRENCY=ETB | STATUS=APPROVED | AUTH=920584
2026-06-05 14:24:46 | ATM-001 | TID001 | TXN | WITHDRAWAL | SEQ=735865 | CARD=************6789 | AMOUNT=2000.00 | CURRENCY=ETB | STATUS=APPROVED | AUTH=651163
2026-06-05 14:27:38 | ATM-001 | TID001 | TXN | WITHDRAWAL | SEQ=497732 | CARD=************6789 | AMOUNT=1000.00 | CURRENCY=ETB | STATUS=APPROVED | AUTH=380435
2026-06-05 14:30:31 | ATM-001 | TID001 | TXN | WITHDRAWAL | SEQ=661739 | CARD=************4567 | AMOUNT=100.00 | CURRENCY=ETB | STATUS=APPROVED | AUTH=283639
2026-06-05 14:33:24 | ATM-001 | TID001 | TXN | WITHDRAWAL | SEQ=134596 | CARD=************1234 | AMOUNT=500.00 | CURRENCY=ETB | STATUS=DECLINED
2026-06-05 14:36:17 | ATM-001 | TID001 | TXN | WITHDRAWAL | SEQ=954254 | CARD=************6789 | AMOUNT=5000.00 | CURRENCY=ETB | STATUS=DECLINED
2026-06-05 14:39:10 | ATM-001 | TID001 | TXN | WITHDRAWAL | SEQ=917678 | CARD=************6789 | AMOUNT=2000.00 | CURRENCY=ETB | STATUS=TIMEOUT
2026-06-05 14:42:02 | ATM-001 | TID001 | TXN | WITHDRAWAL | SEQ=165129 | CARD=************5678 | AMOUNT=1000.00 | CURRENCY=ETB | STATUS=APPROVED | AUTH=873575
2026-06-05 14:44:55 | ATM-001 | TID001 | TXN | WITHDRAWAL | SEQ=325701 | CARD=************3456 | AMOUNT=200.00 | CURRENCY=ETB | STATUS=APPROVED | AUTH=818996
2026-06-05 14:47:48 | ATM-001 | TID001 | TXN | WITHDRAWAL | SEQ=544229 | CARD=************1234 | AMOUNT=5000.00 | CURRENCY=ETB | STATUS=DECLINED
2026-06-05 14:50:41 | ATM-001 | TID001 | TXN | WITHDRAWAL | SEQ=776157 | CARD=************6789 | AMOUNT=1000.00 | CURRENCY=ETB | STATUS=APPROVED | AUTH=540493
2026-06-05 14:53:34 | ATM-001 | TID001 | TXN | WITHDRAWAL | SEQ=705728 | CARD=************6789 | AMOUNT=200.00 | CURRENCY=ETB | STATUS=APPROVED | AUTH=933949
2026-06-05 14:56:26 | ATM-001 | TID001 | TXN | WITHDRAWAL | SEQ=636746 | CARD=************7890 | AMOUNT=2000.00 | CURRENCY=ETB | STATUS=APPROVED | AUTH=922522
2026-06-05 14:59:19 | ATM-001 | TID001 | TXN | WITHDRAWAL | SEQ=980315 | CARD=************6789 | AMOUNT=500.00 | CURRENCY=ETB | STATUS=APPROVED | AUTH=610254
2026-06-05 15:02:12 | ATM-001 | TID001 | TXN | WITHDRAWAL | SEQ=245815 | CARD=************7890 | AMOUNT=1000.00 | CURRENCY=ETB | STATUS=APPROVED | AUTH=601423
2026-06-05 15:05:05 | ATM-001 | TID001 | TXN | WITHDRAWAL | SEQ=678301 | CARD=************9012 | AMOUNT=2000.00 | CURRENCY=ETB | STATUS=APPROVED | AUTH=431380
2026-06-05 15:07:58 | ATM-001 | TID001 | TXN | WITHDRAWAL | SEQ=546884 | CARD=************3456 | AMOUNT=100.00 | CURRENCY=ETB | STATUS=APPROVED | AUTH=648434
2026-06-05 15:10:50 | ATM-001 | TID001 | TXN | WITHDRAWAL | SEQ=658354 | CARD=************1234 | AMOUNT=200.00 | CURRENCY=ETB | STATUS=DECLINED
2026-06-05 15:13:43 | ATM-001 | TID001 | TXN | WITHDRAWAL | SEQ=256677 | CARD=************1234 | AMOUNT=100.00 | CURRENCY=ETB | STATUS=APPROVED | AUTH=303868
2026-06-05 15:16:36 | ATM-001 | TID001 | TXN | WITHDRAWAL | SEQ=841322 | CARD=************9012 | AMOUNT=2000.00 | CURRENCY=ETB | STATUS=APPROVED | AUTH=225122
2026-06-05 15:19:29 | ATM-001 | TID001 | TXN | WITHDRAWAL | SEQ=506124 | CARD=************7890 | AMOUNT=5000.00 | CURRENCY=ETB | STATUS=APPROVED | AUTH=353947
2026-06-05 15:22:22 | ATM-001 | TID001 | TXN | WITHDRAWAL | SEQ=640484 | CARD=************0123 | AMOUNT=1000.00 | CURRENCY=ETB | STATUS=APPROVED | AUTH=330625
2026-06-05 15:25:14 | ATM-001 | TID001 | TXN | WITHDRAWAL | SEQ=391976 | CARD=************4567 | AMOUNT=200.00 | CURRENCY=ETB | STATUS=APPROVED | AUTH=527530
2026-06-05 15:28:07 | ATM-001 | TID001 | TXN | WITHDRAWAL | SEQ=961558 | CARD=************6789 | AMOUNT=500.00 | CURRENCY=ETB | STATUS=APPROVED | AUTH=127174
2026-06-05 15:31:00 | ATM-001 | TID001 | TXN | WITHDRAWAL | SEQ=256066 | CARD=************2345 | AMOUNT=200.00 | CURRENCY=ETB | STATUS=TIMEOUT
2026-06-05 15:33:53 | ATM-001 | TID001 | TXN | WITHDRAWAL | SEQ=496512 | CARD=************1234 | AMOUNT=200.00 | CURRENCY=ETB | STATUS=DECLINED
2026-06-05 15:36:46 | ATM-001 | TID001 | TXN | WITHDRAWAL | SEQ=707671 | CARD=************1234 | AMOUNT=2000.00 | CURRENCY=ETB | STATUS=APPROVED | AUTH=229818
2026-06-05 15:39:38 | ATM-001 | TID001 | TXN | WITHDRAWAL | SEQ=965832 | CARD=************5678 | AMOUNT=1000.00 | CURRENCY=ETB | STATUS=APPROVED | AUTH=265584
2026-06-05 15:42:31 | ATM-001 | TID001 | TXN | WITHDRAWAL | SEQ=599879 | CARD=************9012 | AMOUNT=200.00 | CURRENCY=ETB | STATUS=APPROVED | AUTH=132665
2026-06-05 15:45:24 | ATM-001 | TID001 | TXN | WITHDRAWAL | SEQ=554856 | CARD=************7890 | AMOUNT=100.00 | CURRENCY=ETB | STATUS=APPROVED | AUTH=791071
2026-06-05 15:48:17 | ATM-001 | TID001 | TXN | WITHDRAWAL | SEQ=207624 | CARD=************5678 | AMOUNT=500.00 | CURRENCY=ETB | STATUS=APPROVED | AUTH=208297
2026-06-05 15:51:10 | ATM-001 | TID001 | TXN | WITHDRAWAL | SEQ=459250 | CARD=************3456 | AMOUNT=500.00 | CURRENCY=ETB | STATUS=APPROVED | AUTH=204960
2026-06-05 15:54:02 | ATM-001 | TID001 | TXN | WITHDRAWAL | SEQ=242557 | CARD=************2345 | AMOUNT=5000.00 | CURRENCY=ETB | STATUS=APPROVED | AUTH=813442
2026-06-05 15:56:55 | ATM-001 | TID001 | TXN | WITHDRAWAL | SEQ=250958 | CARD=************6789 | AMOUNT=2000.00 | CURRENCY=ETB | STATUS=DECLINED
2026-06-05 15:59:48 | ATM-001 | TID001 | TXN | WITHDRAWAL | SEQ=838225 | CARD=************4567 | AMOUNT=200.00 | CURRENCY=ETB | STATUS=APPROVED | AUTH=408358
2026-06-05 16:02:41 | ATM-001 | TID001 | TXN | WITHDRAWAL | SEQ=397437 | CARD=************4567 | AMOUNT=200.00 | CURRENCY=ETB | STATUS=TIMEOUT
2026-06-05 16:05:34 | ATM-001 | TID001 | TXN | WITHDRAWAL | SEQ=336018 | CARD=************0123 | AMOUNT=500.00 | CURRENCY=ETB | STATUS=APPROVED | AUTH=496102
2026-06-05 16:08:26 | ATM-001 | TID001 | TXN | WITHDRAWAL | SEQ=468787 | CARD=************3456 | AMOUNT=100.00 | CURRENCY=ETB | STATUS=APPROVED | AUTH=247380
2026-06-05 16:11:19 | ATM-001 | TID001 | TXN | WITHDRAWAL | SEQ=851947 | CARD=************4567 | AMOUNT=200.00 | CURRENCY=ETB | STATUS=APPROVED | AUTH=170557
2026-06-05 16:14:12 | ATM-001 | TID001 | TXN | WITHDRAWAL | SEQ=828366 | CARD=************8901 | AMOUNT=1000.00 | CURRENCY=ETB | STATUS=APPROVED | AUTH=711168
2026-06-05 16:17:05 | ATM-001 | TID001 | TXN | WITHDRAWAL | SEQ=648661 | CARD=************5678 | AMOUNT=2000.00 | CURRENCY=ETB | STATUS=APPROVED | AUTH=271295
2026-06-05 16:19:58 | ATM-001 | TID001 | TXN | WITHDRAWAL | SEQ=885843 | CARD=************7890 | AMOUNT=500.00 | CURRENCY=ETB | STATUS=APPROVED | AUTH=854930
2026-06-05 16:22:50 | ATM-001 | TID001 | TXN | WITHDRAWAL | SEQ=205203 | CARD=************1234 | AMOUNT=200.00 | CURRENCY=ETB | STATUS=APPROVED | AUTH=727780
2026-06-05 16:25:43 | ATM-001 | TID001 | TXN | WITHDRAWAL | SEQ=614588 | CARD=************0123 | AMOUNT=5000.00 | CURRENCY=ETB | STATUS=APPROVED | AUTH=863113
2026-06-05 16:28:36 | ATM-001 | TID001 | TXN | WITHDRAWAL | SEQ=872010 | CARD=************6789 | AMOUNT=1000.00 | CURRENCY=ETB | STATUS=APPROVED | AUTH=332516
2026-06-05 16:31:29 | ATM-001 | TID001 | TXN | WITHDRAWAL | SEQ=193599 | CARD=************6789 | AMOUNT=1000.00 | CURRENCY=ETB | STATUS=APPROVED | AUTH=584526
2026-06-05 16:34:22 | ATM-001 | TID001 | TXN | WITHDRAWAL | SEQ=526627 | CARD=************7890 | AMOUNT=1000.00 | CURRENCY=ETB | STATUS=APPROVED | AUTH=408984
2026-06-05 16:37:14 | ATM-001 | TID001 | TXN | WITHDRAWAL | SEQ=201960 | CARD=************2345 | AMOUNT=200.00 | CURRENCY=ETB | STATUS=APPROVED | AUTH=322917
2026-06-05 16:40:07 | ATM-001 | TID001 | TXN | WITHDRAWAL | SEQ=355143 | CARD=************1234 | AMOUNT=5000.00 | CURRENCY=ETB | STATUS=APPROVED | AUTH=190108
2026-06-05 16:43:00 | ATM-001 | TID001 | TXN | WITHDRAWAL | SEQ=782163 | CARD=************0123 | AMOUNT=5000.00 | CURRENCY=ETB | STATUS=APPROVED | AUTH=441072
2026-06-05 16:45:53 | ATM-001 | TID001 | TXN | WITHDRAWAL | SEQ=175709 | CARD=************5678 | AMOUNT=100.00 | CURRENCY=ETB | STATUS=APPROVED | AUTH=471487
2026-06-05 16:48:46 | ATM-001 | TID001 | TXN | WITHDRAWAL | SEQ=490755 | CARD=************2345 | AMOUNT=5000.00 | CURRENCY=ETB | STATUS=APPROVED | AUTH=751819
2026-06-05 16:51:38 | ATM-001 | TID001 | TXN | WITHDRAWAL | SEQ=483579 | CARD=************9012 | AMOUNT=2000.00 | CURRENCY=ETB | STATUS=APPROVED | AUTH=415425
2026-06-05 16:54:31 | ATM-001 | TID001 | TXN | WITHDRAWAL | SEQ=928243 | CARD=************7890 | AMOUNT=100.00 | CURRENCY=ETB | STATUS=APPROVED | AUTH=925868
2026-06-05 16:57:24 | ATM-001 | TID001 | TXN | WITHDRAWAL | SEQ=824640 | CARD=************0123 | AMOUNT=500.00 | CURRENCY=ETB | STATUS=APPROVED | AUTH=709596
2026-06-05 17:00:17 | ATM-001 | TID001 | TXN | WITHDRAWAL | SEQ=547578 | CARD=************4567 | AMOUNT=200.00 | CURRENCY=ETB | STATUS=APPROVED | AUTH=826605
2026-06-05 17:03:10 | ATM-001 | TID001 | TXN | WITHDRAWAL | SEQ=144724 | CARD=************1234 | AMOUNT=200.00 | CURRENCY=ETB | STATUS=APPROVED | AUTH=866222
2026-06-05 17:06:02 | ATM-001 | TID001 | TXN | WITHDRAWAL | SEQ=995625 | CARD=************1234 | AMOUNT=5000.00 | CURRENCY=ETB | STATUS=APPROVED | AUTH=533993
2026-06-05 17:08:55 | ATM-001 | TID001 | TXN | WITHDRAWAL | SEQ=159842 | CARD=************9012 | AMOUNT=100.00 | CURRENCY=ETB | STATUS=APPROVED | AUTH=766947
2026-06-05 17:11:48 | ATM-001 | TID001 | TXN | WITHDRAWAL | SEQ=493584 | CARD=************5678 | AMOUNT=100.00 | CURRENCY=ETB | STATUS=DECLINED
2026-06-05 17:14:41 | ATM-001 | TID001 | TXN | WITHDRAWAL | SEQ=131404 | CARD=************1234 | AMOUNT=5000.00 | CURRENCY=ETB | STATUS=APPROVED | AUTH=732223
2026-06-05 17:17:34 | ATM-001 | TID001 | TXN | WITHDRAWAL | SEQ=637608 | CARD=************9012 | AMOUNT=1000.00 | CURRENCY=ETB | STATUS=APPROVED | AUTH=473515
2026-06-05 17:20:26 | ATM-001 | TID001 | TXN | WITHDRAWAL | SEQ=682646 | CARD=************8901 | AMOUNT=200.00 | CURRENCY=ETB | STATUS=APPROVED | AUTH=546234
2026-06-05 17:23:19 | ATM-001 | TID001 | TXN | WITHDRAWAL | SEQ=493397 | CARD=************2345 | AMOUNT=500.00 | CURRENCY=ETB | STATUS=APPROVED | AUTH=359752
2026-06-05 17:26:12 | ATM-001 | TID001 | TXN | WITHDRAWAL | SEQ=157125 | CARD=************3456 | AMOUNT=1000.00 | CURRENCY=ETB | STATUS=APPROVED | AUTH=929709
2026-06-05 17:29:05 | ATM-001 | TID001 | TXN | WITHDRAWAL | SEQ=856263 | CARD=************4567 | AMOUNT=1000.00 | CURRENCY=ETB | STATUS=APPROVED | AUTH=141877
2026-06-05 17:31:58 | ATM-001 | TID001 | TXN | WITHDRAWAL | SEQ=452620 | CARD=************4567 | AMOUNT=200.00 | CURRENCY=ETB | STATUS=APPROVED | AUTH=672154
2026-06-05 17:34:50 | ATM-001 | TID001 | TXN | WITHDRAWAL | SEQ=818305 | CARD=************9012 | AMOUNT=100.00 | CURRENCY=ETB | STATUS=APPROVED | AUTH=777079
2026-06-05 17:37:43 | ATM-001 | TID001 | TXN | WITHDRAWAL | SEQ=309543 | CARD=************2345 | AMOUNT=100.00 | CURRENCY=ETB | STATUS=APPROVED | AUTH=761739
2026-06-05 17:40:36 | ATM-001 | TID001 | TXN | WITHDRAWAL | SEQ=505006 | CARD=************8901 | AMOUNT=500.00 | CURRENCY=ETB | STATUS=APPROVED | AUTH=570504
2026-06-05 17:43:29 | ATM-001 | TID001 | TXN | WITHDRAWAL | SEQ=112287 | CARD=************1234 | AMOUNT=1000.00 | CURRENCY=ETB | STATUS=APPROVED | AUTH=750402
2026-06-05 17:46:22 | ATM-001 | TID001 | TXN | WITHDRAWAL | SEQ=564105 | CARD=************9012 | AMOUNT=2000.00 | CURRENCY=ETB | STATUS=APPROVED | AUTH=772657
2026-06-05 17:49:14 | ATM-001 | TID001 | TXN | WITHDRAWAL | SEQ=463322 | CARD=************9012 | AMOUNT=2000.00 | CURRENCY=ETB | STATUS=DECLINED
2026-06-05 17:52:07 | ATM-001 | TID001 | TXN | WITHDRAWAL | SEQ=884006 | CARD=************9012 | AMOUNT=2000.00 | CURRENCY=ETB | STATUS=APPROVED | AUTH=876554
2026-06-05 17:55:00 | ATM-001 | TID001 | TXN | WITHDRAWAL | SEQ=737426 | CARD=************9012 | AMOUNT=100.00 | CURRENCY=ETB | STATUS=APPROVED | AUTH=820439
2026-06-05 17:57:53 | ATM-001 | TID001 | TXN | WITHDRAWAL | SEQ=734014 | CARD=************6789 | AMOUNT=2000.00 | CURRENCY=ETB | STATUS=APPROVED | AUTH=358051
2026-06-05 18:00:46 | ATM-001 | TID001 | TXN | WITHDRAWAL | SEQ=586568 | CARD=************9012 | AMOUNT=100.00 | CURRENCY=ETB | STATUS=APPROVED | AUTH=578336
2026-06-05 18:03:38 | ATM-001 | TID001 | TXN | WITHDRAWAL | SEQ=640303 | CARD=************2345 | AMOUNT=1000.00 | CURRENCY=ETB | STATUS=APPROVED | AUTH=116986
2026-06-05 18:06:31 | ATM-001 | TID001 | TXN | WITHDRAWAL | SEQ=196335 | CARD=************7890 | AMOUNT=2000.00 | CURRENCY=ETB | STATUS=APPROVED | AUTH=928193
2026-06-05 18:09:24 | ATM-001 | TID001 | TXN | WITHDRAWAL | SEQ=713025 | CARD=************7890 | AMOUNT=200.00 | CURRENCY=ETB | STATUS=TIMEOUT
2026-06-05 18:12:17 | ATM-001 | TID001 | TXN | WITHDRAWAL | SEQ=149456 | CARD=************2345 | AMOUNT=2000.00 | CURRENCY=ETB | STATUS=APPROVED | AUTH=598534
2026-06-05 18:15:10 | ATM-001 | TID001 | TXN | WITHDRAWAL | SEQ=840721 | CARD=************9012 | AMOUNT=5000.00 | CURRENCY=ETB | STATUS=APPROVED | AUTH=116877
2026-06-05 18:18:02 | ATM-001 | TID001 | TXN | WITHDRAWAL | SEQ=131603 | CARD=************5678 | AMOUNT=1000.00 | CURRENCY=ETB | STATUS=APPROVED | AUTH=598314
2026-06-05 18:20:55 | ATM-001 | TID001 | TXN | WITHDRAWAL | SEQ=252544 | CARD=************0123 | AMOUNT=2000.00 | CURRENCY=ETB | STATUS=APPROVED | AUTH=817064
2026-06-05 18:23:48 | ATM-001 | TID001 | TXN | WITHDRAWAL | SEQ=573898 | CARD=************2345 | AMOUNT=500.00 | CURRENCY=ETB | STATUS=APPROVED | AUTH=686933
2026-06-05 18:26:41 | ATM-001 | TID001 | TXN | WITHDRAWAL | SEQ=937802 | CARD=************9012 | AMOUNT=100.00 | CURRENCY=ETB | STATUS=APPROVED | AUTH=179091
2026-06-05 18:29:34 | ATM-001 | TID001 | TXN | WITHDRAWAL | SEQ=340168 | CARD=************1234 | AMOUNT=2000.00 | CURRENCY=ETB | STATUS=APPROVED | AUTH=690741
2026-06-05 18:32:26 | ATM-001 | TID001 | TXN | WITHDRAWAL | SEQ=270393 | CARD=************9012 | AMOUNT=1000.00 | CURRENCY=ETB | STATUS=APPROVED | AUTH=146652
2026-06-05 18:35:19 | ATM-001 | TID001 | TXN | WITHDRAWAL | SEQ=865660 | CARD=************6789 | AMOUNT=100.00 | CURRENCY=ETB | STATUS=APPROVED | AUTH=489327
2026-06-05 18:38:12 | ATM-001 | TID001 | TXN | WITHDRAWAL | SEQ=814854 | CARD=************2345 | AMOUNT=100.00 | CURRENCY=ETB | STATUS=APPROVED | AUTH=557136
2026-06-05 18:41:05 | ATM-001 | TID001 | TXN | WITHDRAWAL | SEQ=229250 | CARD=************1234 | AMOUNT=100.00 | CURRENCY=ETB | STATUS=APPROVED | AUTH=278254
2026-06-05 18:43:58 | ATM-001 | TID001 | TXN | WITHDRAWAL | SEQ=297944 | CARD=************9012 | AMOUNT=500.00 | CURRENCY=ETB | STATUS=APPROVED | AUTH=534125
2026-06-05 18:46:50 | ATM-001 | TID001 | TXN | WITHDRAWAL | SEQ=931850 | CARD=************0123 | AMOUNT=200.00 | CURRENCY=ETB | STATUS=APPROVED | AUTH=792747
2026-06-05 18:49:43 | ATM-001 | TID001 | TXN | WITHDRAWAL | SEQ=940484 | CARD=************9012 | AMOUNT=5000.00 | CURRENCY=ETB | STATUS=APPROVED | AUTH=130119
2026-06-05 18:52:36 | ATM-001 | TID001 | TXN | WITHDRAWAL | SEQ=755883 | CARD=************1234 | AMOUNT=500.00 | CURRENCY=ETB | STATUS=TIMEOUT
2026-06-05 18:55:29 | ATM-001 | TID001 | TXN | WITHDRAWAL | SEQ=677021 | CARD=************5678 | AMOUNT=100.00 | CURRENCY=ETB | STATUS=TIMEOUT
2026-06-05 18:58:22 | ATM-001 | TID001 | TXN | WITHDRAWAL | SEQ=538499 | CARD=************6789 | AMOUNT=1000.00 | CURRENCY=ETB | STATUS=APPROVED | AUTH=564744
2026-06-05 19:01:14 | ATM-001 | TID001 | TXN | WITHDRAWAL | SEQ=358241 | CARD=************8901 | AMOUNT=100.00 | CURRENCY=ETB | STATUS=APPROVED | AUTH=761923
2026-06-05 19:04:07 | ATM-001 | TID001 | TXN | WITHDRAWAL | SEQ=415078 | CARD=************2345 | AMOUNT=100.00 | CURRENCY=ETB | STATUS=APPROVED | AUTH=693009
2026-06-05 19:07:00 | ATM-001 | TID001 | TXN | WITHDRAWAL | SEQ=918226 | CARD=************8901 | AMOUNT=200.00 | CURRENCY=ETB | STATUS=APPROVED | AUTH=523691
2026-06-05 19:09:53 | ATM-001 | TID001 | TXN | WITHDRAWAL | SEQ=724394 | CARD=************8901 | AMOUNT=200.00 | CURRENCY=ETB | STATUS=APPROVED | AUTH=456550
2026-06-05 19:12:46 | ATM-001 | TID001 | TXN | WITHDRAWAL | SEQ=756721 | CARD=************7890 | AMOUNT=5000.00 | CURRENCY=ETB | STATUS=APPROVED | AUTH=149306
2026-06-05 19:15:38 | ATM-001 | TID001 | TXN | WITHDRAWAL | SEQ=311376 | CARD=************0123 | AMOUNT=100.00 | CURRENCY=ETB | STATUS=APPROVED | AUTH=143609
2026-06-05 19:18:31 | ATM-001 | TID001 | TXN | WITHDRAWAL | SEQ=997704 | CARD=************4567 | AMOUNT=2000.00 | CURRENCY=ETB | STATUS=DECLINED
2026-06-05 19:21:24 | ATM-001 | TID001 | TXN | WITHDRAWAL | SEQ=502401 | CARD=************1234 | AMOUNT=500.00 | CURRENCY=ETB | STATUS=APPROVED | AUTH=940687
2026-06-05 19:24:17 | ATM-001 | TID001 | TXN | WITHDRAWAL | SEQ=201104 | CARD=************7890 | AMOUNT=500.00 | CURRENCY=ETB | STATUS=APPROVED | AUTH=334174
2026-06-05 19:27:10 | ATM-001 | TID001 | TXN | WITHDRAWAL | SEQ=698309 | CARD=************9012 | AMOUNT=200.00 | CURRENCY=ETB | STATUS=APPROVED | AUTH=473716
2026-06-05 19:30:02 | ATM-001 | TID001 | TXN | WITHDRAWAL | SEQ=792596 | CARD=************4567 | AMOUNT=500.00 | CURRENCY=ETB | STATUS=APPROVED | AUTH=985707
2026-06-05 19:32:55 | ATM-001 | TID001 | TXN | WITHDRAWAL | SEQ=813152 | CARD=************6789 | AMOUNT=5000.00 | CURRENCY=ETB | STATUS=APPROVED | AUTH=934294
2026-06-05 19:35:48 | ATM-001 | TID001 | TXN | WITHDRAWAL | SEQ=237580 | CARD=************1234 | AMOUNT=200.00 | CURRENCY=ETB | STATUS=APPROVED | AUTH=347114
2026-06-05 19:38:41 | ATM-001 | TID001 | TXN | WITHDRAWAL | SEQ=770833 | CARD=************1234 | AMOUNT=5000.00 | CURRENCY=ETB | STATUS=APPROVED | AUTH=977927
2026-06-05 19:41:34 | ATM-001 | TID001 | TXN | WITHDRAWAL | SEQ=943489 | CARD=************7890 | AMOUNT=200.00 | CURRENCY=ETB | STATUS=APPROVED | AUTH=188668
2026-06-05 19:44:26 | ATM-001 | TID001 | TXN | WITHDRAWAL | SEQ=499160 | CARD=************0123 | AMOUNT=200.00 | CURRENCY=ETB | STATUS=APPROVED | AUTH=380602
2026-06-05 19:47:19 | ATM-001 | TID001 | TXN | WITHDRAWAL | SEQ=194250 | CARD=************2345 | AMOUNT=1000.00 | CURRENCY=ETB | STATUS=APPROVED | AUTH=279993
2026-06-05 19:50:12 | ATM-001 | TID001 | TXN | WITHDRAWAL | SEQ=664123 | CARD=************2345 | AMOUNT=500.00 | CURRENCY=ETB | STATUS=APPROVED | AUTH=940021
2026-06-05 19:53:05 | ATM-001 | TID001 | TXN | WITHDRAWAL | SEQ=167933 | CARD=************9012 | AMOUNT=5000.00 | CURRENCY=ETB | STATUS=APPROVED | AUTH=805582
2026-06-05 19:55:58 | ATM-001 | TID001 | TXN | WITHDRAWAL | SEQ=360641 | CARD=************8901 | AMOUNT=5000.00 | CURRENCY=ETB | STATUS=APPROVED | AUTH=745668
2026-06-05 19:58:50 | ATM-001 | TID001 | TXN | WITHDRAWAL | SEQ=410546 | CARD=************8901 | AMOUNT=2000.00 | CURRENCY=ETB | STATUS=APPROVED | AUTH=852439
2026-06-05 20:01:43 | ATM-001 | TID001 | TXN | WITHDRAWAL | SEQ=512372 | CARD=************5678 | AMOUNT=200.00 | CURRENCY=ETB | STATUS=APPROVED | AUTH=615864
2026-06-05 20:04:36 | ATM-001 | TID001 | TXN | WITHDRAWAL | SEQ=741185 | CARD=************7890 | AMOUNT=5000.00 | CURRENCY=ETB | STATUS=APPROVED | AUTH=869378
2026-06-05 20:07:29 | ATM-001 | TID001 | TXN | WITHDRAWAL | SEQ=861313 | CARD=************0123 | AMOUNT=1000.00 | CURRENCY=ETB | STATUS=APPROVED | AUTH=262847
2026-06-05 20:10:22 | ATM-001 | TID001 | TXN | WITHDRAWAL | SEQ=830122 | CARD=************3456 | AMOUNT=2000.00 | CURRENCY=ETB | STATUS=APPROVED | AUTH=883476
2026-06-05 20:13:14 | ATM-001 | TID001 | TXN | WITHDRAWAL | SEQ=508571 | CARD=************4567 | AMOUNT=200.00 | CURRENCY=ETB | STATUS=DECLINED
2026-06-05 20:16:07 | ATM-001 | TID001 | TXN | WITHDRAWAL | SEQ=875018 | CARD=************0123 | AMOUNT=5000.00 | CURRENCY=ETB | STATUS=TIMEOUT
2026-06-05 20:19:00 | ATM-001 | TID001 | TXN | WITHDRAWAL | SEQ=845689 | CARD=************6789 | AMOUNT=500.00 | CURRENCY=ETB | STATUS=APPROVED | AUTH=608176
2026-06-05 20:21:53 | ATM-001 | TID001 | TXN | WITHDRAWAL | SEQ=378508 | CARD=************2345 | AMOUNT=200.00 | CURRENCY=ETB | STATUS=DECLINED
2026-06-05 20:24:46 | ATM-001 | TID001 | TXN | WITHDRAWAL | SEQ=275022 | CARD=************4567 | AMOUNT=100.00 | CURRENCY=ETB | STATUS=APPROVED | AUTH=601729
2026-06-05 20:27:38 | ATM-001 | TID001 | TXN | WITHDRAWAL | SEQ=574641 | CARD=************1234 | AMOUNT=5000.00 | CURRENCY=ETB | STATUS=APPROVED | AUTH=621555
2026-06-05 20:30:31 | ATM-001 | TID001 | TXN | WITHDRAWAL | SEQ=256748 | CARD=************7890 | AMOUNT=1000.00 | CURRENCY=ETB | STATUS=TIMEOUT
2026-06-05 20:33:24 | ATM-001 | TID001 | TXN | WITHDRAWAL | SEQ=647634 | CARD=************7890 | AMOUNT=200.00 | CURRENCY=ETB | STATUS=APPROVED | AUTH=757752
2026-06-05 20:36:17 | ATM-001 | TID001 | TXN | WITHDRAWAL | SEQ=717153 | CARD=************9012 | AMOUNT=500.00 | CURRENCY=ETB | STATUS=APPROVED | AUTH=519973
2026-06-05 20:39:10 | ATM-001 | TID001 | TXN | WITHDRAWAL | SEQ=128569 | CARD=************0123 | AMOUNT=200.00 | CURRENCY=ETB | STATUS=APPROVED | AUTH=620418
2026-06-05 20:42:02 | ATM-001 | TID001 | TXN | WITHDRAWAL | SEQ=527683 | CARD=************4567 | AMOUNT=100.00 | CURRENCY=ETB | STATUS=APPROVED | AUTH=544885
2026-06-05 20:44:55 | ATM-001 | TID001 | TXN | WITHDRAWAL | SEQ=926757 | CARD=************5678 | AMOUNT=2000.00 | CURRENCY=ETB | STATUS=APPROVED | AUTH=386208
2026-06-05 20:47:48 | ATM-001 | TID001 | TXN | WITHDRAWAL | SEQ=907766 | CARD=************4567 | AMOUNT=200.00 | CURRENCY=ETB | STATUS=DECLINED
2026-06-05 20:50:41 | ATM-001 | TID001 | TXN | WITHDRAWAL | SEQ=866088 | CARD=************6789 | AMOUNT=200.00 | CURRENCY=ETB | STATUS=APPROVED | AUTH=120651
2026-06-05 20:53:34 | ATM-001 | TID001 | TXN | WITHDRAWAL | SEQ=697052 | CARD=************7890 | AMOUNT=500.00 | CURRENCY=ETB | STATUS=APPROVED | AUTH=490372
2026-06-05 20:56:26 | ATM-001 | TID001 | TXN | WITHDRAWAL | SEQ=730361 | CARD=************9012 | AMOUNT=200.00 | CURRENCY=ETB | STATUS=APPROVED | AUTH=132491
2026-06-05 20:59:19 | ATM-001 | TID001 | TXN | WITHDRAWAL | SEQ=545501 | CARD=************6789 | AMOUNT=2000.00 | CURRENCY=ETB | STATUS=APPROVED | AUTH=908058
2026-06-05 21:02:12 | ATM-001 | TID001 | TXN | WITHDRAWAL | SEQ=187079 | CARD=************7890 | AMOUNT=2000.00 | CURRENCY=ETB | STATUS=APPROVED | AUTH=864097
2026-06-05 21:05:05 | ATM-001 | TID001 | TXN | WITHDRAWAL | SEQ=821614 | CARD=************7890 | AMOUNT=200.00 | CURRENCY=ETB | STATUS=APPROVED | AUTH=377218
2026-06-05 21:07:58 | ATM-001 | TID001 | TXN | WITHDRAWAL | SEQ=797155 | CARD=************3456 | AMOUNT=5000.00 | CURRENCY=ETB | STATUS=TIMEOUT
2026-06-05 21:10:50 | ATM-001 | TID001 | TXN | WITHDRAWAL | SEQ=211140 | CARD=************2345 | AMOUNT=1000.00 | CURRENCY=ETB | STATUS=APPROVED | AUTH=830375
2026-06-05 21:13:43 | ATM-001 | TID001 | TXN | WITHDRAWAL | SEQ=180461 | CARD=************0123 | AMOUNT=500.00 | CURRENCY=ETB | STATUS=APPROVED | AUTH=770849
2026-06-05 21:16:36 | ATM-001 | TID001 | TXN | WITHDRAWAL | SEQ=562361 | CARD=************4567 | AMOUNT=1000.00 | CURRENCY=ETB | STATUS=APPROVED | AUTH=621463
2026-06-05 21:19:29 | ATM-001 | TID001 | TXN | WITHDRAWAL | SEQ=623422 | CARD=************2345 | AMOUNT=1000.00 | CURRENCY=ETB | STATUS=APPROVED | AUTH=404367
2026-06-05 21:22:22 | ATM-001 | TID001 | TXN | WITHDRAWAL | SEQ=405005 | CARD=************4567 | AMOUNT=500.00 | CURRENCY=ETB | STATUS=APPROVED | AUTH=102006
2026-06-05 21:25:14 | ATM-001 | TID001 | TXN | WITHDRAWAL | SEQ=940720 | CARD=************2345 | AMOUNT=2000.00 | CURRENCY=ETB | STATUS=APPROVED | AUTH=332839
2026-06-05 21:28:07 | ATM-001 | TID001 | TXN | WITHDRAWAL | SEQ=546472 | CARD=************2345 | AMOUNT=500.00 | CURRENCY=ETB | STATUS=APPROVED | AUTH=939735
2026-06-05 21:31:00 | ATM-001 | TID001 | TXN | WITHDRAWAL | SEQ=698919 | CARD=************7890 | AMOUNT=500.00 | CURRENCY=ETB | STATUS=APPROVED | AUTH=463143
2026-06-05 21:33:53 | ATM-001 | TID001 | TXN | WITHDRAWAL | SEQ=810424 | CARD=************0123 | AMOUNT=100.00 | CURRENCY=ETB | STATUS=APPROVED | AUTH=621786
2026-06-05 21:36:46 | ATM-001 | TID001 | TXN | WITHDRAWAL | SEQ=309022 | CARD=************3456 | AMOUNT=2000.00 | CURRENCY=ETB | STATUS=DECLINED
2026-06-05 21:39:38 | ATM-001 | TID001 | TXN | WITHDRAWAL | SEQ=133854 | CARD=************0123 | AMOUNT=2000.00 | CURRENCY=ETB | STATUS=DECLINED
2026-06-05 21:42:31 | ATM-001 | TID001 | TXN | WITHDRAWAL | SEQ=120523 | CARD=************5678 | AMOUNT=100.00 | CURRENCY=ETB | STATUS=DECLINED
2026-06-05 21:45:24 | ATM-001 | TID001 | TXN | WITHDRAWAL | SEQ=723578 | CARD=************4567 | AMOUNT=2000.00 | CURRENCY=ETB | STATUS=DECLINED
2026-06-05 21:48:17 | ATM-001 | TID001 | TXN | WITHDRAWAL | SEQ=539753 | CARD=************0123 | AMOUNT=500.00 | CURRENCY=ETB | STATUS=DECLINED
2026-06-05 21:51:10 | ATM-001 | TID001 | TXN | WITHDRAWAL | SEQ=460030 | CARD=************0123 | AMOUNT=200.00 | CURRENCY=ETB | STATUS=APPROVED | AUTH=779730
2026-06-05 21:54:02 | ATM-001 | TID001 | TXN | WITHDRAWAL | SEQ=942080 | CARD=************6789 | AMOUNT=500.00 | CURRENCY=ETB | STATUS=DECLINED
2026-06-05 21:56:55 | ATM-001 | TID001 | TXN | WITHDRAWAL | SEQ=904646 | CARD=************6789 | AMOUNT=1000.00 | CURRENCY=ETB | STATUS=DECLINED
2026-06-05 21:59:48 | ATM-001 | TID001 | TXN | WITHDRAWAL | SEQ=337285 | CARD=************2345 | AMOUNT=100.00 | CURRENCY=ETB | STATUS=APPROVED | AUTH=803407
2026-06-05 22:02:41 | ATM-001 | TID001 | TXN | WITHDRAWAL | SEQ=947278 | CARD=************1234 | AMOUNT=1000.00 | CURRENCY=ETB | STATUS=APPROVED | AUTH=130675
2026-06-05 22:05:34 | ATM-001 | TID001 | TXN | WITHDRAWAL | SEQ=342102 | CARD=************6789 | AMOUNT=5000.00 | CURRENCY=ETB | STATUS=DECLINED
2026-06-05 22:08:26 | ATM-001 | TID001 | TXN | WITHDRAWAL | SEQ=259710 | CARD=************4567 | AMOUNT=5000.00 | CURRENCY=ETB | STATUS=DECLINED
2026-06-05 22:11:19 | ATM-001 | TID001 | TXN | WITHDRAWAL | SEQ=575763 | CARD=************4567 | AMOUNT=5000.00 | CURRENCY=ETB | STATUS=DECLINED
2026-06-05 22:14:12 | ATM-001 | TID001 | TXN | WITHDRAWAL | SEQ=700026 | CARD=************4567 | AMOUNT=500.00 | CURRENCY=ETB | STATUS=APPROVED | AUTH=410252
2026-06-05 22:17:05 | ATM-001 | TID001 | TXN | WITHDRAWAL | SEQ=912910 | CARD=************5678 | AMOUNT=100.00 | CURRENCY=ETB | STATUS=TIMEOUT
2026-06-05 22:19:58 | ATM-001 | TID001 | TXN | WITHDRAWAL | SEQ=988382 | CARD=************6789 | AMOUNT=1000.00 | CURRENCY=ETB | STATUS=APPROVED | AUTH=390756
2026-06-05 22:22:50 | ATM-001 | TID001 | TXN | WITHDRAWAL | SEQ=844880 | CARD=************8901 | AMOUNT=2000.00 | CURRENCY=ETB | STATUS=APPROVED | AUTH=575450
2026-06-05 22:25:43 | ATM-001 | TID001 | TXN | WITHDRAWAL | SEQ=699014 | CARD=************4567 | AMOUNT=1000.00 | CURRENCY=ETB | STATUS=APPROVED | AUTH=619956
2026-06-05 22:28:36 | ATM-001 | TID001 | TXN | WITHDRAWAL | SEQ=647104 | CARD=************4567 | AMOUNT=200.00 | CURRENCY=ETB | STATUS=DECLINED
2026-06-05 22:31:29 | ATM-001 | TID001 | TXN | WITHDRAWAL | SEQ=254904 | CARD=************4567 | AMOUNT=5000.00 | CURRENCY=ETB | STATUS=APPROVED | AUTH=320896
2026-06-05 22:34:22 | ATM-001 | TID001 | TXN | WITHDRAWAL | SEQ=155659 | CARD=************3456 | AMOUNT=1000.00 | CURRENCY=ETB | STATUS=TIMEOUT
2026-06-05 22:37:14 | ATM-001 | TID001 | TXN | WITHDRAWAL | SEQ=905736 | CARD=************8901 | AMOUNT=1000.00 | CURRENCY=ETB | STATUS=APPROVED | AUTH=122579
2026-06-05 22:40:07 | ATM-001 | TID001 | TXN | WITHDRAWAL | SEQ=895274 | CARD=************6789 | AMOUNT=500.00 | CURRENCY=ETB | STATUS=APPROVED | AUTH=727549
2026-06-05 22:43:00 | ATM-001 | TID001 | TXN | WITHDRAWAL | SEQ=738145 | CARD=************3456 | AMOUNT=2000.00 | CURRENCY=ETB | STATUS=APPROVED | AUTH=519209
2026-06-05 22:45:53 | ATM-001 | TID001 | TXN | WITHDRAWAL | SEQ=877995 | CARD=************2345 | AMOUNT=500.00 | CURRENCY=ETB | STATUS=APPROVED | AUTH=951027
2026-06-05 22:48:46 | ATM-001 | TID001 | TXN | WITHDRAWAL | SEQ=186361 | CARD=************5678 | AMOUNT=100.00 | CURRENCY=ETB | STATUS=APPROVED | AUTH=261267
2026-06-05 22:51:38 | ATM-001 | TID001 | TXN | WITHDRAWAL | SEQ=172594 | CARD=************6789 | AMOUNT=5000.00 | CURRENCY=ETB | STATUS=APPROVED | AUTH=232239
2026-06-05 22:54:31 | ATM-001 | TID001 | TXN | WITHDRAWAL | SEQ=947556 | CARD=************7890 | AMOUNT=100.00 | CURRENCY=ETB | STATUS=APPROVED | AUTH=411597
2026-06-05 22:57:24 | ATM-001 | TID001 | TXN | WITHDRAWAL | SEQ=327524 | CARD=************6789 | AMOUNT=100.00 | CURRENCY=ETB | STATUS=APPROVED | AUTH=766553
2026-06-05 23:00:17 | ATM-001 | TID001 | TXN | WITHDRAWAL | SEQ=652732 | CARD=************2345 | AMOUNT=1000.00 | CURRENCY=ETB | STATUS=APPROVED | AUTH=344941
2026-06-05 23:03:10 | ATM-001 | TID001 | TXN | WITHDRAWAL | SEQ=831326 | CARD=************4567 | AMOUNT=2000.00 | CURRENCY=ETB | STATUS=APPROVED | AUTH=513964
2026-06-05 23:06:02 | ATM-001 | TID001 | TXN | WITHDRAWAL | SEQ=240441 | CARD=************7890 | AMOUNT=200.00 | CURRENCY=ETB | STATUS=APPROVED | AUTH=642450
2026-06-05 23:08:55 | ATM-001 | TID001 | TXN | WITHDRAWAL | SEQ=261156 | CARD=************8901 | AMOUNT=500.00 | CURRENCY=ETB | STATUS=APPROVED | AUTH=643971
2026-06-05 23:11:48 | ATM-001 | TID001 | TXN | WITHDRAWAL | SEQ=459450 | CARD=************4567 | AMOUNT=100.00 | CURRENCY=ETB | STATUS=APPROVED | AUTH=734062
2026-06-05 23:14:41 | ATM-001 | TID001 | TXN | WITHDRAWAL | SEQ=746279 | CARD=************2345 | AMOUNT=200.00 | CURRENCY=ETB | STATUS=APPROVED | AUTH=589444
2026-06-05 23:17:34 | ATM-001 | TID001 | TXN | WITHDRAWAL | SEQ=658973 | CARD=************6789 | AMOUNT=1000.00 | CURRENCY=ETB | STATUS=APPROVED | AUTH=230076
2026-06-05 23:20:26 | ATM-001 | TID001 | TXN | WITHDRAWAL | SEQ=438549 | CARD=************1234 | AMOUNT=100.00 | CURRENCY=ETB | STATUS=APPROVED | AUTH=481565
2026-06-05 23:23:19 | ATM-001 | TID001 | TXN | WITHDRAWAL | SEQ=752855 | CARD=************5678 | AMOUNT=5000.00 | CURRENCY=ETB | STATUS=TIMEOUT
2026-06-05 23:26:12 | ATM-001 | TID001 | TXN | WITHDRAWAL | SEQ=322471 | CARD=************1234 | AMOUNT=5000.00 | CURRENCY=ETB | STATUS=DECLINED
2026-06-05 23:29:05 | ATM-001 | TID001 | TXN | WITHDRAWAL | SEQ=340402 | CARD=************3456 | AMOUNT=500.00 | CURRENCY=ETB | STATUS=APPROVED | AUTH=926313
2026-06-05 23:31:58 | ATM-001 | TID001 | TXN | WITHDRAWAL | SEQ=300950 | CARD=************6789 | AMOUNT=2000.00 | CURRENCY=ETB | STATUS=APPROVED | AUTH=496272
2026-06-05 23:34:50 | ATM-001 | TID001 | TXN | WITHDRAWAL | SEQ=833239 | CARD=************8901 | AMOUNT=100.00 | CURRENCY=ETB | STATUS=APPROVED | AUTH=461969
2026-06-05 23:37:43 | ATM-001 | TID001 | TXN | WITHDRAWAL | SEQ=257636 | CARD=************1234 | AMOUNT=500.00 | CURRENCY=ETB | STATUS=DECLINED
2026-06-05 23:40:36 | ATM-001 | TID001 | TXN | WITHDRAWAL | SEQ=498805 | CARD=************7890 | AMOUNT=5000.00 | CURRENCY=ETB | STATUS=APPROVED | AUTH=514181
2026-06-05 23:43:29 | ATM-001 | TID001 | TXN | WITHDRAWAL | SEQ=484650 | CARD=************3456 | AMOUNT=1000.00 | CURRENCY=ETB | STATUS=DECLINED
2026-06-05 23:46:22 | ATM-001 | TID001 | TXN | WITHDRAWAL | SEQ=150771 | CARD=************2345 | AMOUNT=200.00 | CURRENCY=ETB | STATUS=APPROVED | AUTH=558577
2026-06-05 23:49:14 | ATM-001 | TID001 | TXN | WITHDRAWAL | SEQ=573913 | CARD=************1234 | AMOUNT=100.00 | CURRENCY=ETB | STATUS=TIMEOUT
2026-06-05 23:52:07 | ATM-001 | TID001 | TXN | WITHDRAWAL | SEQ=218285 | CARD=************5678 | AMOUNT=200.00 | CURRENCY=ETB | STATUS=APPROVED | AUTH=817446
2026-06-05 23:55:00 | ATM-001 | TID001 | TXN | WITHDRAWAL | SEQ=389855 | CARD=************0123 | AMOUNT=100.00 | CURRENCY=ETB | STATUS=APPROVED | AUTH=343283
2026-06-05 23:57:53 | ATM-001 | TID001 | TXN | WITHDRAWAL | SEQ=436203 | CARD=************0123 | AMOUNT=1000.00 | CURRENCY=ETB | STATUS=TIMEOUT
2026-06-06 00:00:46 | ATM-001 | TID001 | TXN | WITHDRAWAL | SEQ=700114 | CARD=************2345 | AMOUNT=5000.00 | CURRENCY=ETB | STATUS=APPROVED | AUTH=926523
2026-06-06 00:03:38 | ATM-001 | TID001 | TXN | WITHDRAWAL | SEQ=563923 | CARD=************5678 | AMOUNT=100.00 | CURRENCY=ETB | STATUS=APPROVED | AUTH=480061
2026-06-06 00:06:31 | ATM-001 | TID001 | TXN | WITHDRAWAL | SEQ=274439 | CARD=************7890 | AMOUNT=200.00 | CURRENCY=ETB | STATUS=APPROVED | AUTH=481002
2026-06-06 00:09:24 | ATM-001 | TID001 | TXN | WITHDRAWAL | SEQ=427812 | CARD=************2345 | AMOUNT=200.00 | CURRENCY=ETB | STATUS=APPROVED | AUTH=798115
2026-06-06 00:12:17 | ATM-001 | TID001 | TXN | WITHDRAWAL | SEQ=240303 | CARD=************1234 | AMOUNT=1000.00 | CURRENCY=ETB | STATUS=APPROVED | AUTH=871172
2026-06-06 00:15:10 | ATM-001 | TID001 | TXN | WITHDRAWAL | SEQ=971780 | CARD=************2345 | AMOUNT=5000.00 | CURRENCY=ETB | STATUS=APPROVED | AUTH=673359
2026-06-06 00:18:02 | ATM-001 | TID001 | TXN | WITHDRAWAL | SEQ=534287 | CARD=************7890 | AMOUNT=100.00 | CURRENCY=ETB | STATUS=APPROVED | AUTH=861030
2026-06-06 00:20:55 | ATM-001 | TID001 | TXN | WITHDRAWAL | SEQ=440758 | CARD=************5678 | AMOUNT=2000.00 | CURRENCY=ETB | STATUS=APPROVED | AUTH=627906
2026-06-06 00:23:48 | ATM-001 | TID001 | TXN | WITHDRAWAL | SEQ=138880 | CARD=************8901 | AMOUNT=5000.00 | CURRENCY=ETB | STATUS=APPROVED | AUTH=552670
2026-06-06 00:26:41 | ATM-001 | TID001 | TXN | WITHDRAWAL | SEQ=212098 | CARD=************5678 | AMOUNT=200.00 | CURRENCY=ETB | STATUS=APPROVED | AUTH=247662
2026-06-06 00:29:34 | ATM-001 | TID001 | TXN | WITHDRAWAL | SEQ=136965 | CARD=************0123 | AMOUNT=100.00 | CURRENCY=ETB | STATUS=APPROVED | AUTH=393412
2026-06-06 00:32:26 | ATM-001 | TID001 | TXN | WITHDRAWAL | SEQ=235591 | CARD=************1234 | AMOUNT=500.00 | CURRENCY=ETB | STATUS=TIMEOUT
2026-06-06 00:35:19 | ATM-001 | TID001 | TXN | WITHDRAWAL | SEQ=408790 | CARD=************1234 | AMOUNT=2000.00 | CURRENCY=ETB | STATUS=APPROVED | AUTH=896687
2026-06-06 00:38:12 | ATM-001 | TID001 | TXN | WITHDRAWAL | SEQ=432701 | CARD=************5678 | AMOUNT=1000.00 | CURRENCY=ETB | STATUS=APPROVED | AUTH=192368
2026-06-06 00:41:05 | ATM-001 | TID001 | TXN | WITHDRAWAL | SEQ=857790 | CARD=************6789 | AMOUNT=1000.00 | CURRENCY=ETB | STATUS=APPROVED | AUTH=955227
2026-06-06 00:43:58 | ATM-001 | TID001 | TXN | WITHDRAWAL | SEQ=159573 | CARD=************1234 | AMOUNT=500.00 | CURRENCY=ETB | STATUS=APPROVED | AUTH=832295
2026-06-06 00:46:50 | ATM-001 | TID001 | TXN | WITHDRAWAL | SEQ=980195 | CARD=************7890 | AMOUNT=100.00 | CURRENCY=ETB | STATUS=APPROVED | AUTH=181530
2026-06-06 00:49:43 | ATM-001 | TID001 | TXN | WITHDRAWAL | SEQ=226207 | CARD=************0123 | AMOUNT=2000.00 | CURRENCY=ETB | STATUS=APPROVED | AUTH=382406
2026-06-06 00:52:36 | ATM-001 | TID001 | TXN | WITHDRAWAL | SEQ=271049 | CARD=************1234 | AMOUNT=200.00 | CURRENCY=ETB | STATUS=APPROVED | AUTH=190993
2026-06-06 00:55:29 | ATM-001 | TID001 | TXN | WITHDRAWAL | SEQ=566266 | CARD=************1234 | AMOUNT=100.00 | CURRENCY=ETB | STATUS=APPROVED | AUTH=108644
2026-06-06 00:58:22 | ATM-001 | TID001 | TXN | WITHDRAWAL | SEQ=404682 | CARD=************0123 | AMOUNT=1000.00 | CURRENCY=ETB | STATUS=APPROVED | AUTH=788072
2026-06-06 01:01:14 | ATM-001 | TID001 | TXN | WITHDRAWAL | SEQ=260243 | CARD=************3456 | AMOUNT=2000.00 | CURRENCY=ETB | STATUS=APPROVED | AUTH=984224
2026-06-06 01:04:07 | ATM-001 | TID001 | TXN | WITHDRAWAL | SEQ=227588 | CARD=************8901 | AMOUNT=1000.00 | CURRENCY=ETB | STATUS=APPROVED | AUTH=875035
2026-06-06 01:07:00 | ATM-001 | TID001 | TXN | WITHDRAWAL | SEQ=642180 | CARD=************7890 | AMOUNT=100.00 | CURRENCY=ETB | STATUS=APPROVED | AUTH=242495
2026-06-06 01:09:53 | ATM-001 | TID001 | TXN | WITHDRAWAL | SEQ=801585 | CARD=************8901 | AMOUNT=200.00 | CURRENCY=ETB | STATUS=APPROVED | AUTH=131250
2026-06-06 01:12:46 | ATM-001 | TID001 | TXN | WITHDRAWAL | SEQ=203778 | CARD=************8901 | AMOUNT=5000.00 | CURRENCY=ETB | STATUS=APPROVED | AUTH=122411
2026-06-06 01:15:38 | ATM-001 | TID001 | TXN | WITHDRAWAL | SEQ=770049 | CARD=************2345 | AMOUNT=100.00 | CURRENCY=ETB | STATUS=APPROVED | AUTH=733274
2026-06-06 01:18:31 | ATM-001 | TID001 | TXN | WITHDRAWAL | SEQ=902262 | CARD=************7890 | AMOUNT=100.00 | CURRENCY=ETB | STATUS=APPROVED | AUTH=935667
2026-06-06 01:21:24 | ATM-001 | TID001 | TXN | WITHDRAWAL | SEQ=344092 | CARD=************0123 | AMOUNT=2000.00 | CURRENCY=ETB | STATUS=APPROVED | AUTH=780194
2026-06-06 01:24:17 | ATM-001 | TID001 | TXN | WITHDRAWAL | SEQ=557812 | CARD=************4567 | AMOUNT=200.00 | CURRENCY=ETB | STATUS=APPROVED | AUTH=833259
2026-06-06 01:27:10 | ATM-001 | TID001 | TXN | WITHDRAWAL | SEQ=998887 | CARD=************8901 | AMOUNT=1000.00 | CURRENCY=ETB | STATUS=APPROVED | AUTH=617538
2026-06-06 01:30:02 | ATM-001 | TID001 | TXN | WITHDRAWAL | SEQ=872466 | CARD=************7890 | AMOUNT=1000.00 | CURRENCY=ETB | STATUS=APPROVED | AUTH=575172
2026-06-06 01:32:55 | ATM-001 | TID001 | TXN | WITHDRAWAL | SEQ=674732 | CARD=************2345 | AMOUNT=5000.00 | CURRENCY=ETB | STATUS=APPROVED | AUTH=703230
2026-06-06 01:35:48 | ATM-001 | TID001 | TXN | WITHDRAWAL | SEQ=499205 | CARD=************0123 | AMOUNT=2000.00 | CURRENCY=ETB | STATUS=APPROVED | AUTH=514053
2026-06-06 01:38:41 | ATM-001 | TID001 | TXN | WITHDRAWAL | SEQ=346002 | CARD=************1234 | AMOUNT=2000.00 | CURRENCY=ETB | STATUS=APPROVED | AUTH=842257
2026-06-06 01:41:34 | ATM-001 | TID001 | TXN | WITHDRAWAL | SEQ=788935 | CARD=************4567 | AMOUNT=1000.00 | CURRENCY=ETB | STATUS=APPROVED | AUTH=843591
2026-06-06 01:44:26 | ATM-001 | TID001 | TXN | WITHDRAWAL | SEQ=508660 | CARD=************1234 | AMOUNT=100.00 | CURRENCY=ETB | STATUS=DECLINED
2026-06-06 01:47:19 | ATM-001 | TID001 | TXN | WITHDRAWAL | SEQ=414245 | CARD=************3456 | AMOUNT=2000.00 | CURRENCY=ETB | STATUS=APPROVED | AUTH=845753
2026-06-06 01:50:12 | ATM-001 | TID001 | TXN | WITHDRAWAL | SEQ=703870 | CARD=************6789 | AMOUNT=5000.00 | CURRENCY=ETB | STATUS=APPROVED | AUTH=279286
2026-06-06 01:53:05 | ATM-001 | TID001 | TXN | WITHDRAWAL | SEQ=567695 | CARD=************2345 | AMOUNT=1000.00 | CURRENCY=ETB | STATUS=APPROVED | AUTH=935454
2026-06-06 01:55:58 | ATM-001 | TID001 | TXN | WITHDRAWAL | SEQ=448009 | CARD=************1234 | AMOUNT=100.00 | CURRENCY=ETB | STATUS=APPROVED | AUTH=725514
2026-06-06 01:58:50 | ATM-001 | TID001 | TXN | WITHDRAWAL | SEQ=521380 | CARD=************8901 | AMOUNT=200.00 | CURRENCY=ETB | STATUS=APPROVED | AUTH=272873
2026-06-06 02:01:43 | ATM-001 | TID001 | TXN | WITHDRAWAL | SEQ=472709 | CARD=************8901 | AMOUNT=1000.00 | CURRENCY=ETB | STATUS=DECLINED
2026-06-06 02:04:36 | ATM-001 | TID001 | TXN | WITHDRAWAL | SEQ=247887 | CARD=************9012 | AMOUNT=1000.00 | CURRENCY=ETB | STATUS=DECLINED
2026-06-06 02:07:29 | ATM-001 | TID001 | TXN | WITHDRAWAL | SEQ=380278 | CARD=************6789 | AMOUNT=500.00 | CURRENCY=ETB | STATUS=APPROVED | AUTH=904470
2026-06-06 02:10:22 | ATM-001 | TID001 | TXN | WITHDRAWAL | SEQ=533936 | CARD=************9012 | AMOUNT=5000.00 | CURRENCY=ETB | STATUS=APPROVED | AUTH=645868
2026-06-06 02:13:14 | ATM-001 | TID001 | TXN | WITHDRAWAL | SEQ=395677 | CARD=************7890 | AMOUNT=500.00 | CURRENCY=ETB | STATUS=APPROVED | AUTH=946603
2026-06-06 02:16:07 | ATM-001 | TID001 | TXN | WITHDRAWAL | SEQ=625445 | CARD=************9012 | AMOUNT=1000.00 | CURRENCY=ETB | STATUS=DECLINED
2026-06-06 02:19:00 | ATM-001 | TID001 | TXN | WITHDRAWAL | SEQ=824745 | CARD=************5678 | AMOUNT=1000.00 | CURRENCY=ETB | STATUS=APPROVED | AUTH=434613
2026-06-06 02:21:53 | ATM-001 | TID001 | TXN | WITHDRAWAL | SEQ=399929 | CARD=************1234 | AMOUNT=2000.00 | CURRENCY=ETB | STATUS=APPROVED | AUTH=910855
2026-06-06 02:24:46 | ATM-001 | TID001 | TXN | WITHDRAWAL | SEQ=821937 | CARD=************8901 | AMOUNT=500.00 | CURRENCY=ETB | STATUS=DECLINED
2026-06-06 02:27:38 | ATM-001 | TID001 | TXN | WITHDRAWAL | SEQ=584732 | CARD=************6789 | AMOUNT=500.00 | CURRENCY=ETB | STATUS=APPROVED | AUTH=934631
2026-06-06 02:30:31 | ATM-001 | TID001 | TXN | WITHDRAWAL | SEQ=845337 | CARD=************7890 | AMOUNT=500.00 | CURRENCY=ETB | STATUS=APPROVED | AUTH=425115
2026-06-06 02:33:24 | ATM-001 | TID001 | TXN | WITHDRAWAL | SEQ=990976 | CARD=************8901 | AMOUNT=100.00 | CURRENCY=ETB | STATUS=APPROVED | AUTH=458020
2026-06-06 02:36:17 | ATM-001 | TID001 | TXN | WITHDRAWAL | SEQ=316293 | CARD=************7890 | AMOUNT=2000.00 | CURRENCY=ETB | STATUS=APPROVED | AUTH=977005
2026-06-06 02:39:10 | ATM-001 | TID001 | TXN | WITHDRAWAL | SEQ=945517 | CARD=************4567 | AMOUNT=5000.00 | CURRENCY=ETB | STATUS=APPROVED | AUTH=457217
2026-06-06 02:42:02 | ATM-001 | TID001 | TXN | WITHDRAWAL | SEQ=873120 | CARD=************2345 | AMOUNT=200.00 | CURRENCY=ETB | STATUS=APPROVED | AUTH=290584
2026-06-06 02:44:55 | ATM-001 | TID001 | TXN | WITHDRAWAL | SEQ=286415 | CARD=************0123 | AMOUNT=2000.00 | CURRENCY=ETB | STATUS=APPROVED | AUTH=122515
2026-06-06 02:47:48 | ATM-001 | TID001 | TXN | WITHDRAWAL | SEQ=900719 | CARD=************6789 | AMOUNT=1000.00 | CURRENCY=ETB | STATUS=APPROVED | AUTH=202857
2026-06-06 02:50:41 | ATM-001 | TID001 | TXN | WITHDRAWAL | SEQ=340194 | CARD=************2345 | AMOUNT=5000.00 | CURRENCY=ETB | STATUS=APPROVED | AUTH=535922
2026-06-06 02:53:34 | ATM-001 | TID001 | TXN | WITHDRAWAL | SEQ=167832 | CARD=************5678 | AMOUNT=200.00 | CURRENCY=ETB | STATUS=APPROVED | AUTH=480011
2026-06-06 02:56:26 | ATM-001 | TID001 | TXN | WITHDRAWAL | SEQ=348859 | CARD=************4567 | AMOUNT=100.00 | CURRENCY=ETB | STATUS=DECLINED
2026-06-06 02:59:19 | ATM-001 | TID001 | TXN | WITHDRAWAL | SEQ=441048 | CARD=************5678 | AMOUNT=5000.00 | CURRENCY=ETB | STATUS=APPROVED | AUTH=168361
2026-06-06 03:02:12 | ATM-001 | TID001 | TXN | WITHDRAWAL | SEQ=406892 | CARD=************9012 | AMOUNT=5000.00 | CURRENCY=ETB | STATUS=TIMEOUT
2026-06-06 03:05:05 | ATM-001 | TID001 | TXN | WITHDRAWAL | SEQ=273572 | CARD=************6789 | AMOUNT=1000.00 | CURRENCY=ETB | STATUS=APPROVED | AUTH=259099
2026-06-06 03:07:58 | ATM-001 | TID001 | TXN | WITHDRAWAL | SEQ=393588 | CARD=************9012 | AMOUNT=100.00 | CURRENCY=ETB | STATUS=APPROVED | AUTH=501571
2026-06-06 03:10:50 | ATM-001 | TID001 | TXN | WITHDRAWAL | SEQ=552104 | CARD=************4567 | AMOUNT=5000.00 | CURRENCY=ETB | STATUS=APPROVED | AUTH=492456
2026-06-06 03:13:43 | ATM-001 | TID001 | TXN | WITHDRAWAL | SEQ=403377 | CARD=************4567 | AMOUNT=5000.00 | CURRENCY=ETB | STATUS=APPROVED | AUTH=219546
2026-06-06 03:16:36 | ATM-001 | TID001 | TXN | WITHDRAWAL | SEQ=652059 | CARD=************9012 | AMOUNT=1000.00 | CURRENCY=ETB | STATUS=APPROVED | AUTH=794932
2026-06-06 03:19:29 | ATM-001 | TID001 | TXN | WITHDRAWAL | SEQ=271318 | CARD=************0123 | AMOUNT=5000.00 | CURRENCY=ETB | STATUS=APPROVED | AUTH=608684
2026-06-06 03:22:22 | ATM-001 | TID001 | TXN | WITHDRAWAL | SEQ=401772 | CARD=************6789 | AMOUNT=2000.00 | CURRENCY=ETB | STATUS=APPROVED | AUTH=776940
2026-06-06 03:25:14 | ATM-001 | TID001 | TXN | WITHDRAWAL | SEQ=889936 | CARD=************0123 | AMOUNT=5000.00 | CURRENCY=ETB | STATUS=APPROVED | AUTH=452737
2026-06-06 03:28:07 | ATM-001 | TID001 | TXN | WITHDRAWAL | SEQ=446841 | CARD=************9012 | AMOUNT=500.00 | CURRENCY=ETB | STATUS=APPROVED | AUTH=336986
2026-06-06 03:31:00 | ATM-001 | TID001 | TXN | WITHDRAWAL | SEQ=510585 | CARD=************4567 | AMOUNT=2000.00 | CURRENCY=ETB | STATUS=APPROVED | AUTH=124697
2026-06-06 03:33:53 | ATM-001 | TID001 | TXN | WITHDRAWAL | SEQ=193089 | CARD=************9012 | AMOUNT=5000.00 | CURRENCY=ETB | STATUS=APPROVED | AUTH=374086
2026-06-06 03:36:46 | ATM-001 | TID001 | TXN | WITHDRAWAL | SEQ=585984 | CARD=************6789 | AMOUNT=5000.00 | CURRENCY=ETB | STATUS=APPROVED | AUTH=259453
2026-06-06 03:39:38 | ATM-001 | TID001 | TXN | WITHDRAWAL | SEQ=363694 | CARD=************5678 | AMOUNT=5000.00 | CURRENCY=ETB | STATUS=APPROVED | AUTH=989761
2026-06-06 03:42:31 | ATM-001 | TID001 | TXN | WITHDRAWAL | SEQ=102356 | CARD=************3456 | AMOUNT=500.00 | CURRENCY=ETB | STATUS=DECLINED
2026-06-06 03:45:24 | ATM-001 | TID001 | TXN | WITHDRAWAL | SEQ=473825 | CARD=************0123 | AMOUNT=1000.00 | CURRENCY=ETB | STATUS=APPROVED | AUTH=398880
2026-06-06 03:48:17 | ATM-001 | TID001 | TXN | WITHDRAWAL | SEQ=191404 | CARD=************7890 | AMOUNT=5000.00 | CURRENCY=ETB | STATUS=APPROVED | AUTH=864786
2026-06-06 03:51:10 | ATM-001 | TID001 | TXN | WITHDRAWAL | SEQ=407704 | CARD=************2345 | AMOUNT=500.00 | CURRENCY=ETB | STATUS=APPROVED | AUTH=717371
2026-06-06 03:54:02 | ATM-001 | TID001 | TXN | WITHDRAWAL | SEQ=838969 | CARD=************7890 | AMOUNT=2000.00 | CURRENCY=ETB | STATUS=APPROVED | AUTH=829591
2026-06-06 03:56:55 | ATM-001 | TID001 | TXN | WITHDRAWAL | SEQ=802984 | CARD=************1234 | AMOUNT=5000.00 | CURRENCY=ETB | STATUS=APPROVED | AUTH=994508
2026-06-06 03:59:48 | ATM-001 | TID001 | TXN | WITHDRAWAL | SEQ=100742 | CARD=************4567 | AMOUNT=500.00 | CURRENCY=ETB | STATUS=APPROVED | AUTH=391632
2026-06-06 04:02:41 | ATM-001 | TID001 | TXN | WITHDRAWAL | SEQ=768234 | CARD=************0123 | AMOUNT=1000.00 | CURRENCY=ETB | STATUS=APPROVED | AUTH=709787
2026-06-06 04:05:34 | ATM-001 | TID001 | TXN | WITHDRAWAL | SEQ=193821 | CARD=************0123 | AMOUNT=100.00 | CURRENCY=ETB | STATUS=DECLINED
2026-06-06 04:08:26 | ATM-001 | TID001 | TXN | WITHDRAWAL | SEQ=844626 | CARD=************2345 | AMOUNT=5000.00 | CURRENCY=ETB | STATUS=APPROVED | AUTH=289250
2026-06-06 04:11:19 | ATM-001 | TID001 | TXN | WITHDRAWAL | SEQ=273764 | CARD=************2345 | AMOUNT=200.00 | CURRENCY=ETB | STATUS=APPROVED | AUTH=892986
2026-06-06 04:14:12 | ATM-001 | TID001 | TXN | WITHDRAWAL | SEQ=745813 | CARD=************5678 | AMOUNT=1000.00 | CURRENCY=ETB | STATUS=APPROVED | AUTH=744075
2026-06-06 04:17:05 | ATM-001 | TID001 | TXN | WITHDRAWAL | SEQ=367411 | CARD=************4567 | AMOUNT=500.00 | CURRENCY=ETB | STATUS=APPROVED | AUTH=357773
2026-06-06 04:19:58 | ATM-001 | TID001 | TXN | WITHDRAWAL | SEQ=347307 | CARD=************4567 | AMOUNT=200.00 | CURRENCY=ETB | STATUS=APPROVED | AUTH=548649
2026-06-06 04:22:50 | ATM-001 | TID001 | TXN | WITHDRAWAL | SEQ=198729 | CARD=************6789 | AMOUNT=200.00 | CURRENCY=ETB | STATUS=APPROVED | AUTH=376905
2026-06-06 04:25:43 | ATM-001 | TID001 | TXN | WITHDRAWAL | SEQ=213117 | CARD=************9012 | AMOUNT=2000.00 | CURRENCY=ETB | STATUS=APPROVED | AUTH=713396
2026-06-06 04:28:36 | ATM-001 | TID001 | TXN | WITHDRAWAL | SEQ=937866 | CARD=************9012 | AMOUNT=5000.00 | CURRENCY=ETB | STATUS=APPROVED | AUTH=841329
2026-06-06 04:31:29 | ATM-001 | TID001 | TXN | WITHDRAWAL | SEQ=208424 | CARD=************7890 | AMOUNT=500.00 | CURRENCY=ETB | STATUS=APPROVED | AUTH=263956
2026-06-06 04:34:22 | ATM-001 | TID001 | TXN | WITHDRAWAL | SEQ=384082 | CARD=************4567 | AMOUNT=5000.00 | CURRENCY=ETB | STATUS=APPROVED | AUTH=717324
2026-06-06 04:37:14 | ATM-001 | TID001 | TXN | WITHDRAWAL | SEQ=566002 | CARD=************3456 | AMOUNT=200.00 | CURRENCY=ETB | STATUS=APPROVED | AUTH=391122
2026-06-06 04:40:07 | ATM-001 | TID001 | TXN | WITHDRAWAL | SEQ=853984 | CARD=************5678 | AMOUNT=100.00 | CURRENCY=ETB | STATUS=APPROVED | AUTH=331802
2026-06-06 04:43:00 | ATM-001 | TID001 | TXN | WITHDRAWAL | SEQ=201641 | CARD=************8901 | AMOUNT=100.00 | CURRENCY=ETB | STATUS=APPROVED | AUTH=872621
2026-06-06 04:45:53 | ATM-001 | TID001 | TXN | WITHDRAWAL | SEQ=813488 | CARD=************6789 | AMOUNT=100.00 | CURRENCY=ETB | STATUS=APPROVED | AUTH=519841
2026-06-06 04:48:46 | ATM-001 | TID001 | TXN | WITHDRAWAL | SEQ=437749 | CARD=************7890 | AMOUNT=1000.00 | CURRENCY=ETB | STATUS=DECLINED
2026-06-06 04:51:38 | ATM-001 | TID001 | TXN | WITHDRAWAL | SEQ=566765 | CARD=************2345 | AMOUNT=2000.00 | CURRENCY=ETB | STATUS=APPROVED | AUTH=215261
2026-06-06 04:54:31 | ATM-001 | TID001 | TXN | WITHDRAWAL | SEQ=775113 | CARD=************1234 | AMOUNT=100.00 | CURRENCY=ETB | STATUS=APPROVED | AUTH=116685
2026-06-06 04:57:24 | ATM-001 | TID001 | TXN | WITHDRAWAL | SEQ=166797 | CARD=************5678 | AMOUNT=5000.00 | CURRENCY=ETB | STATUS=APPROVED | AUTH=326409
2026-06-06 05:00:17 | ATM-001 | TID001 | TXN | WITHDRAWAL | SEQ=374511 | CARD=************3456 | AMOUNT=100.00 | CURRENCY=ETB | STATUS=APPROVED | AUTH=151977
2026-06-06 05:03:10 | ATM-001 | TID001 | TXN | WITHDRAWAL | SEQ=594767 | CARD=************1234 | AMOUNT=100.00 | CURRENCY=ETB | STATUS=APPROVED | AUTH=526348
2026-06-06 05:06:02 | ATM-001 | TID001 | TXN | WITHDRAWAL | SEQ=950117 | CARD=************4567 | AMOUNT=200.00 | CURRENCY=ETB | STATUS=APPROVED | AUTH=376802
2026-06-06 05:08:55 | ATM-001 | TID001 | TXN | WITHDRAWAL | SEQ=384501 | CARD=************9012 | AMOUNT=500.00 | CURRENCY=ETB | STATUS=APPROVED | AUTH=415930
2026-06-06 05:11:48 | ATM-001 | TID001 | TXN | WITHDRAWAL | SEQ=719717 | CARD=************8901 | AMOUNT=5000.00 | CURRENCY=ETB | STATUS=APPROVED | AUTH=266953
2026-06-06 05:14:41 | ATM-001 | TID001 | TXN | WITHDRAWAL | SEQ=143952 | CARD=************0123 | AMOUNT=100.00 | CURRENCY=ETB | STATUS=APPROVED | AUTH=891487
2026-06-06 05:17:34 | ATM-001 | TID001 | TXN | WITHDRAWAL | SEQ=745434 | CARD=************3456 | AMOUNT=1000.00 | CURRENCY=ETB | STATUS=APPROVED | AUTH=826986
2026-06-06 05:20:26 | ATM-001 | TID001 | TXN | WITHDRAWAL | SEQ=939034 | CARD=************4567 | AMOUNT=200.00 | CURRENCY=ETB | STATUS=APPROVED | AUTH=589148
2026-06-06 05:23:19 | ATM-001 | TID001 | TXN | WITHDRAWAL | SEQ=196807 | CARD=************3456 | AMOUNT=2000.00 | CURRENCY=ETB | STATUS=APPROVED | AUTH=149726
2026-06-06 05:26:12 | ATM-001 | TID001 | TXN | WITHDRAWAL | SEQ=275116 | CARD=************8901 | AMOUNT=1000.00 | CURRENCY=ETB | STATUS=DECLINED
2026-06-06 05:29:05 | ATM-001 | TID001 | TXN | WITHDRAWAL | SEQ=272284 | CARD=************7890 | AMOUNT=100.00 | CURRENCY=ETB | STATUS=APPROVED | AUTH=278397
2026-06-06 05:31:58 | ATM-001 | TID001 | TXN | WITHDRAWAL | SEQ=859453 | CARD=************0123 | AMOUNT=1000.00 | CURRENCY=ETB | STATUS=APPROVED | AUTH=687755
2026-06-06 05:34:50 | ATM-001 | TID001 | TXN | WITHDRAWAL | SEQ=955834 | CARD=************5678 | AMOUNT=500.00 | CURRENCY=ETB | STATUS=APPROVED | AUTH=397337
2026-06-06 05:37:43 | ATM-001 | TID001 | TXN | WITHDRAWAL | SEQ=739917 | CARD=************5678 | AMOUNT=100.00 | CURRENCY=ETB | STATUS=APPROVED | AUTH=799598
2026-06-06 05:40:36 | ATM-001 | TID001 | TXN | WITHDRAWAL | SEQ=632853 | CARD=************2345 | AMOUNT=100.00 | CURRENCY=ETB | STATUS=APPROVED | AUTH=891016
2026-06-06 05:43:29 | ATM-001 | TID001 | TXN | WITHDRAWAL | SEQ=426449 | CARD=************5678 | AMOUNT=1000.00 | CURRENCY=ETB | STATUS=APPROVED | AUTH=393790
2026-06-06 05:46:22 | ATM-001 | TID001 | TXN | WITHDRAWAL | SEQ=284602 | CARD=************6789 | AMOUNT=500.00 | CURRENCY=ETB | STATUS=APPROVED | AUTH=144460
2026-06-06 05:49:14 | ATM-001 | TID001 | TXN | WITHDRAWAL | SEQ=127538 | CARD=************2345 | AMOUNT=200.00 | CURRENCY=ETB | STATUS=APPROVED | AUTH=840620
2026-06-06 05:52:07 | ATM-001 | TID001 | TXN | WITHDRAWAL | SEQ=315539 | CARD=************7890 | AMOUNT=200.00 | CURRENCY=ETB | STATUS=APPROVED | AUTH=422215
2026-06-06 05:55:00 | ATM-001 | TID001 | TXN | WITHDRAWAL | SEQ=378461 | CARD=************1234 | AMOUNT=2000.00 | CURRENCY=ETB | STATUS=APPROVED | AUTH=111060
2026-06-06 05:57:53 | ATM-001 | TID001 | TXN | WITHDRAWAL | SEQ=714860 | CARD=************8901 | AMOUNT=200.00 | CURRENCY=ETB | STATUS=TIMEOUT
2026-06-06 06:00:46 | ATM-001 | TID001 | TXN | WITHDRAWAL | SEQ=156765 | CARD=************8901 | AMOUNT=5000.00 | CURRENCY=ETB | STATUS=APPROVED | AUTH=715675
2026-06-06 06:03:38 | ATM-001 | TID001 | TXN | WITHDRAWAL | SEQ=282683 | CARD=************4567 | AMOUNT=200.00 | CURRENCY=ETB | STATUS=APPROVED | AUTH=550707
2026-06-06 06:06:31 | ATM-001 | TID001 | TXN | TRANSFER | SEQ=776069 | CARD=************6789 | AMOUNT=100.00 | CURRENCY=ETB | STATUS=APPROVED | AUTH=827821
2026-06-06 06:07:26 | ATM-001 | TID001 | TXN | BALANCE_INQ | SEQ=167944 | CARD=************6789 | STATUS=ERROR
2026-06-06 06:07:59 | ATM-001 | TID001 | TXN | BALANCE_INQ | SEQ=104611 | CARD=************6789 | STATUS=APPROVED
2026-06-06 06:08:32 | ATM-001 | TID001 | TXN | WITHDRAWAL | SEQ=965460 | CARD=************1234 | AMOUNT=5000.00 | CURRENCY=ETB | STATUS=APPROVED | AUTH=866816
2026-06-06 06:09:19 | ATM-001 | TID001 | TXN | BALANCE_INQ | SEQ=755356 | CARD=************7890 | STATUS=APPROVED
2026-06-06 06:10:11 | ATM-001 | TID001 | ERROR | NETWORK_TIMEOUT | CODE=44AA | CASSETTE=3
2026-06-06 06:11:08 | ATM-001 | TID001 | TXN | BALANCE_INQ | SEQ=862651 | CARD=************9012 | STATUS=ERROR
2026-06-06 06:11:48 | ATM-001 | TID001 | TXN | BALANCE_INQ | SEQ=858147 | CARD=************9012 | STATUS=APPROVED
2026-06-06 06:12:41 | ATM-001 | TID001 | TXN | BALANCE_INQ | SEQ=619655 | CARD=************2345 | STATUS=APPROVED
2026-06-06 06:13:15 | ATM-001 | TID001 | CASH | CASSETTE_LOADED | CASSETTE=1 | AMOUNT=150000.00 | OPERATOR=OP004
2026-06-06 06:13:46 | ATM-001 | TID001 | ERROR | DISPENSER_ERROR | CODE=9E3D | CASSETTE=1
2026-06-06 06:14:42 | ATM-001 | TID001 | TXN | BALANCE_INQ | SEQ=878602 | CARD=************2345 | STATUS=APPROVED
2026-06-06 06:15:40 | ATM-001 | TID001 | TXN | WITHDRAWAL | SEQ=438833 | CARD=************6789 | AMOUNT=10000.00 | CURRENCY=ETB | STATUS=APPROVED | AUTH=926550
2026-06-06 06:16:34 | ATM-001 | TID001 | TXN | BALANCE_INQ | SEQ=310564 | CARD=************3456 | STATUS=APPROVED
2026-06-06 06:17:24 | ATM-001 | TID001 | TXN | BALANCE_INQ | SEQ=418356 | CARD=************5678 | STATUS=APPROVED
2026-06-06 06:18:11 | ATM-001 | TID001 | TXN | WITHDRAWAL | SEQ=253158 | CARD=************9012 | AMOUNT=1000.00 | CURRENCY=ETB | STATUS=APPROVED | AUTH=999991
2026-06-06 06:19:08 | ATM-001 | TID001 | TXN | TRANSFER | SEQ=371195 | CARD=************3456 | AMOUNT=5000.00 | CURRENCY=ETB | STATUS=APPROVED | AUTH=297988
2026-06-06 06:19:43 | ATM-001 | TID001 | TXN | WITHDRAWAL | SEQ=413265 | CARD=************9012 | AMOUNT=10000.00 | CURRENCY=ETB | STATUS=APPROVED | AUTH=726918
2026-06-06 06:20:37 | ATM-001 | TID001 | TXN | BALANCE_INQ | SEQ=723657 | CARD=************0123 | STATUS=APPROVED
2026-06-06 06:21:19 | ATM-001 | TID001 | TXN | TRANSFER | SEQ=249280 | CARD=************6789 | AMOUNT=5000.00 | CURRENCY=ETB | STATUS=APPROVED | AUTH=860768
2026-06-06 06:22:14 | ATM-001 | TID001 | TXN | WITHDRAWAL | SEQ=209231 | CARD=************1234 | AMOUNT=10000.00 | CURRENCY=ETB | STATUS=APPROVED | AUTH=993255
2026-06-06 06:22:53 | ATM-001 | TID001 | CASH | CASSETTE_LOADED | CASSETTE=1 | AMOUNT=100000.00 | OPERATOR=OP003
2026-06-06 06:23:29 | ATM-001 | TID001 | TXN | WITHDRAWAL | SEQ=129327 | CARD=************6789 | AMOUNT=1000.00 | CURRENCY=ETB | STATUS=APPROVED | AUTH=744683
2026-06-06 06:24:09 | ATM-001 | TID001 | TXN | CARDLESS_TXN | SEQ=697083 | CARD=************7890 | STATUS=APPROVED
2026-06-06 06:24:50 | ATM-001 | TID001 | TXN | BALANCE_INQ | SEQ=583897 | CARD=************9012 | STATUS=DECLINED
2026-06-06 06:25:42 | ATM-001 | TID001 | TXN | WITHDRAWAL | SEQ=491433 | CARD=************9012 | AMOUNT=100.00 | CURRENCY=ETB | STATUS=APPROVED | AUTH=376933
2026-06-06 06:26:26 | ATM-001 | TID001 | TXN | WITHDRAWAL | SEQ=334438 | CARD=************1234 | AMOUNT=5000.00 | CURRENCY=ETB | STATUS=APPROVED | AUTH=716716
2026-06-06 06:27:25 | ATM-001 | TID001 | TXN | BALANCE_INQ | SEQ=112353 | CARD=************8901 | STATUS=APPROVED
2026-06-06 06:28:07 | ATM-001 | TID001 | TXN | WITHDRAWAL | SEQ=455297 | CARD=************3456 | AMOUNT=10000.00 | CURRENCY=ETB | STATUS=APPROVED | AUTH=559521
2026-06-06 06:28:39 | ATM-001 | TID001 | TXN | TRANSFER | SEQ=376424 | CARD=************9012 | AMOUNT=1000.00 | CURRENCY=ETB | STATUS=APPROVED | AUTH=893751
2026-06-06 06:29:34 | ATM-001 | TID001 | CASH | CASSETTE_LOADED | CASSETTE=1 | AMOUNT=200000.00 | OPERATOR=OP006
2026-06-06 06:30:30 | ATM-001 | TID001 | TXN | BALANCE_INQ | SEQ=942302 | CARD=************3456 | STATUS=APPROVED
2026-06-06 06:31:19 | ATM-001 | TID001 | TXN | BALANCE_INQ | SEQ=373932 | CARD=************8901 | STATUS=APPROVED
2026-06-06 06:32:03 | ATM-001 | TID001 | TXN | WITHDRAWAL | SEQ=244825 | CARD=************2345 | AMOUNT=1000.00 | CURRENCY=ETB | STATUS=ERROR
2026-06-06 06:32:58 | ATM-001 | TID001 | TXN | MINI_STATEMENT | SEQ=757882 | CARD=************9012 | STATUS=APPROVED
2026-06-06 06:33:37 | ATM-001 | TID001 | TXN | TRANSFER | SEQ=921200 | CARD=************7890 | AMOUNT=5000.00 | CURRENCY=ETB | STATUS=APPROVED | AUTH=937142
2026-06-06 06:34:20 | ATM-001 | TID001 | TXN | WITHDRAWAL | SEQ=179383 | CARD=************2345 | AMOUNT=500.00 | CURRENCY=ETB | STATUS=APPROVED | AUTH=615221
2026-06-06 06:35:15 | ATM-001 | TID001 | TXN | BALANCE_INQ | SEQ=606059 | CARD=************0123 | STATUS=APPROVED
2026-06-06 06:35:55 | ATM-001 | TID001 | TXN | BALANCE_INQ | SEQ=693342 | CARD=************0123 | STATUS=APPROVED
2026-06-06 06:36:52 | ATM-001 | TID001 | TXN | BALANCE_INQ | SEQ=893705 | CARD=************5678 | STATUS=APPROVED
2026-06-06 06:37:25 | ATM-001 | TID001 | TXN | BALANCE_INQ | SEQ=597068 | CARD=************1234 | STATUS=APPROVED
2026-06-06 06:37:56 | ATM-001 | TID001 | TXN | WITHDRAWAL | SEQ=165550 | CARD=************0123 | AMOUNT=10000.00 | CURRENCY=ETB | STATUS=APPROVED | AUTH=553702
2026-06-06 06:38:40 | ATM-001 | TID001 | TXN | MINI_STATEMENT | SEQ=304238 | CARD=************0123 | STATUS=APPROVED
2026-06-06 06:39:19 | ATM-001 | TID001 | TXN | MINI_STATEMENT | SEQ=555369 | CARD=************8901 | STATUS=DECLINED
2026-06-06 06:40:16 | ATM-001 | TID001 | TXN | BALANCE_INQ | SEQ=849401 | CARD=************0123 | STATUS=TIMEOUT
2026-06-06 06:41:01 | ATM-001 | TID001 | TXN | WITHDRAWAL | SEQ=662682 | CARD=************3456 | AMOUNT=100.00 | CURRENCY=ETB | STATUS=APPROVED | AUTH=912613
2026-06-06 06:41:45 | ATM-001 | TID001 | TXN | MINI_STATEMENT | SEQ=500450 | CARD=************5678 | STATUS=APPROVED
2026-06-06 06:42:38 | ATM-001 | TID001 | TXN | TRANSFER | SEQ=937293 | CARD=************4567 | AMOUNT=500.00 | CURRENCY=ETB | STATUS=APPROVED | AUTH=361971
2026-06-06 06:43:19 | ATM-001 | TID001 | TXN | BALANCE_INQ | SEQ=166517 | CARD=************2345 | STATUS=APPROVED
2026-06-06 06:44:13 | ATM-001 | TID001 | TXN | WITHDRAWAL | SEQ=763923 | CARD=************9012 | AMOUNT=100.00 | CURRENCY=ETB | STATUS=APPROVED | AUTH=922843
2026-06-06 06:44:50 | ATM-001 | TID001 | TXN | WITHDRAWAL | SEQ=141043 | CARD=************9012 | AMOUNT=5000.00 | CURRENCY=ETB | STATUS=APPROVED | AUTH=994286
2026-06-06 06:45:38 | ATM-001 | TID001 | TXN | WITHDRAWAL | SEQ=370279 | CARD=************4567 | AMOUNT=10000.00 | CURRENCY=ETB | STATUS=APPROVED | AUTH=850177
2026-06-06 06:46:31 | ATM-001 | TID001 | TXN | BALANCE_INQ | SEQ=391385 | CARD=************3456 | STATUS=APPROVED
2026-06-06 06:47:13 | ATM-001 | TID001 | TXN | WITHDRAWAL | SEQ=598248 | CARD=************6789 | AMOUNT=500.00 | CURRENCY=ETB | STATUS=APPROVED | AUTH=535960
2026-06-06 06:48:06 | ATM-001 | TID001 | TXN | WITHDRAWAL | SEQ=797271 | CARD=************5678 | AMOUNT=200.00 | CURRENCY=ETB | STATUS=APPROVED | AUTH=119916
2026-06-06 06:49:05 | ATM-001 | TID001 | TXN | WITHDRAWAL | SEQ=679728 | CARD=************2345 | AMOUNT=5000.00 | CURRENCY=ETB | STATUS=DECLINED
2026-06-06 06:49:45 | ATM-001 | TID001 | TXN | WITHDRAWAL | SEQ=926249 | CARD=************8901 | AMOUNT=200.00 | CURRENCY=ETB | STATUS=DECLINED
2026-06-06 06:50:42 | ATM-001 | TID001 | TXN | WITHDRAWAL | SEQ=982496 | CARD=************6789 | AMOUNT=10000.00 | CURRENCY=ETB | STATUS=APPROVED | AUTH=968439
2026-06-06 06:51:30 | ATM-001 | TID001 | TXN | BALANCE_INQ | SEQ=299530 | CARD=************8901 | STATUS=APPROVED
2026-06-06 06:52:28 | ATM-001 | TID001 | TXN | WITHDRAWAL | SEQ=345302 | CARD=************6789 | AMOUNT=5000.00 | CURRENCY=ETB | STATUS=APPROVED | AUTH=884603
2026-06-06 06:52:58 | ATM-001 | TID001 | TXN | WITHDRAWAL | SEQ=571779 | CARD=************2345 | AMOUNT=100.00 | CURRENCY=ETB | STATUS=APPROVED | AUTH=235322
2026-06-06 06:53:41 | ATM-001 | TID001 | TXN | WITHDRAWAL | SEQ=489337 | CARD=************9012 | AMOUNT=10000.00 | CURRENCY=ETB | STATUS=ERROR
2026-06-06 06:54:37 | ATM-001 | TID001 | TXN | WITHDRAWAL | SEQ=521873 | CARD=************0123 | AMOUNT=10000.00 | CURRENCY=ETB | STATUS=APPROVED | AUTH=932875
2026-06-06 06:55:28 | ATM-001 | TID001 | TXN | WITHDRAWAL | SEQ=275967 | CARD=************5678 | AMOUNT=5000.00 | CURRENCY=ETB | STATUS=APPROVED | AUTH=874231
2026-06-06 06:56:25 | ATM-001 | TID001 | ERROR | CARD_READ_ERROR | CODE=B2C1 | CASSETTE=4
2026-06-06 06:57:16 | ATM-001 | TID001 | TXN | WITHDRAWAL | SEQ=174311 | CARD=************1234 | AMOUNT=2000.00 | CURRENCY=ETB | STATUS=DECLINED
2026-06-06 06:57:59 | ATM-001 | TID001 | TXN | WITHDRAWAL | SEQ=963067 | CARD=************4567 | AMOUNT=10000.00 | CURRENCY=ETB | STATUS=APPROVED | AUTH=884622
2026-06-06 06:58:51 | ATM-001 | TID001 | TXN | WITHDRAWAL | SEQ=539233 | CARD=************0123 | AMOUNT=2000.00 | CURRENCY=ETB | STATUS=APPROVED | AUTH=855247
2026-06-06 06:59:37 | ATM-001 | TID001 | TXN | BALANCE_INQ | SEQ=630167 | CARD=************8901 | STATUS=APPROVED
2026-06-06 07:00:26 | ATM-001 | TID001 | TXN | BALANCE_INQ | SEQ=734930 | CARD=************0123 | STATUS=APPROVED
2026-06-06 07:01:00 | ATM-001 | TID001 | TXN | CARDLESS_TXN | SEQ=627719 | CARD=************4567 | STATUS=DECLINED
2026-06-06 07:01:35 | ATM-001 | TID001 | TXN | WITHDRAWAL | SEQ=854331 | CARD=************9012 | AMOUNT=5000.00 | CURRENCY=ETB | STATUS=APPROVED | AUTH=312579
2026-06-06 07:02:25 | ATM-001 | TID001 | TXN | WITHDRAWAL | SEQ=974242 | CARD=************8901 | AMOUNT=2000.00 | CURRENCY=ETB | STATUS=APPROVED | AUTH=152711
2026-06-06 07:02:56 | ATM-001 | TID001 | TXN | WITHDRAWAL | SEQ=608882 | CARD=************2345 | AMOUNT=10000.00 | CURRENCY=ETB | STATUS=DECLINED
2026-06-06 07:03:37 | ATM-001 | TID001 | TXN | BALANCE_INQ | SEQ=783306 | CARD=************8901 | STATUS=APPROVED
2026-06-06 07:04:08 | ATM-001 | TID001 | TXN | BALANCE_INQ | SEQ=747434 | CARD=************4567 | STATUS=APPROVED
2026-06-06 07:04:46 | ATM-001 | TID001 | TXN | BALANCE_INQ | SEQ=172519 | CARD=************0123 | STATUS=DECLINED
2026-06-06 07:05:24 | ATM-001 | TID001 | CASH | CASSETTE_LOADED | CASSETTE=3 | AMOUNT=250000.00 | OPERATOR=OP002
2026-06-06 07:06:05 | ATM-001 | TID001 | TXN | WITHDRAWAL | SEQ=564284 | CARD=************1234 | AMOUNT=500.00 | CURRENCY=ETB | STATUS=APPROVED | AUTH=369613
2026-06-06 07:06:58 | ATM-001 | TID001 | TXN | CARDLESS_TXN | SEQ=699317 | CARD=************9012 | STATUS=APPROVED
2026-06-06 07:07:54 | ATM-001 | TID001 | TXN | BALANCE_INQ | SEQ=839423 | CARD=************8901 | STATUS=APPROVED
2026-06-06 07:08:33 | ATM-001 | TID001 | TXN | BALANCE_INQ | SEQ=506490 | CARD=************7890 | STATUS=APPROVED
2026-06-06 07:09:15 | ATM-001 | TID001 | TXN | TRANSFER | SEQ=794316 | CARD=************0123 | AMOUNT=500.00 | CURRENCY=ETB | STATUS=APPROVED | AUTH=698198
2026-06-06 07:09:53 | ATM-001 | TID001 | TXN | WITHDRAWAL | SEQ=651930 | CARD=************3456 | AMOUNT=2000.00 | CURRENCY=ETB | STATUS=APPROVED | AUTH=182282
2026-06-06 07:10:38 | ATM-001 | TID001 | ERROR | NETWORK_TIMEOUT | CODE=44AA | CASSETTE=3
2026-06-06 07:11:17 | ATM-001 | TID001 | TXN | WITHDRAWAL | SEQ=849408 | CARD=************8901 | AMOUNT=5000.00 | CURRENCY=ETB | STATUS=APPROVED | AUTH=466940
2026-06-06 07:11:56 | ATM-001 | TID001 | TXN | WITHDRAWAL | SEQ=488244 | CARD=************4567 | AMOUNT=500.00 | CURRENCY=ETB | STATUS=APPROVED | AUTH=351631
2026-06-06 07:12:32 | ATM-001 | TID001 | TXN | WITHDRAWAL | SEQ=811293 | CARD=************5678 | AMOUNT=5000.00 | CURRENCY=ETB | STATUS=APPROVED | AUTH=622537
2026-06-06 07:13:07 | ATM-001 | TID001 | TXN | WITHDRAWAL | SEQ=297891 | CARD=************7890 | AMOUNT=2000.00 | CURRENCY=ETB | STATUS=APPROVED | AUTH=760089
2026-06-06 07:18:44 | ATM-001 | TID001 | TXN | WITHDRAWAL | SEQ=632814 | CARD=************2345 | AMOUNT=500.00 | CURRENCY=ETB | STATUS=APPROVED | AUTH=785336
2026-06-06 07:19:23 | ATM-001 | TID001 | TXN | WITHDRAWAL | SEQ=205187 | CARD=************7890 | AMOUNT=100.00 | CURRENCY=ETB | STATUS=APPROVED | AUTH=498217
2026-06-06 07:20:20 | ATM-001 | TID001 | TXN | BALANCE_INQ | SEQ=818562 | CARD=************9012 | STATUS=APPROVED
2026-06-06 07:21:16 | ATM-001 | TID001 | TXN | WITHDRAWAL | SEQ=850163 | CARD=************1234 | AMOUNT=100.00 | CURRENCY=ETB | STATUS=APPROVED | AUTH=893855
2026-06-06 07:22:09 | ATM-001 | TID001 | TXN | BALANCE_INQ | SEQ=676132 | CARD=************1234 | STATUS=ERROR
2026-06-06 07:22:43 | ATM-001 | TID001 | TXN | WITHDRAWAL | SEQ=488640 | CARD=************4567 | AMOUNT=10000.00 | CURRENCY=ETB | STATUS=APPROVED | AUTH=226161
2026-06-06 07:23:40 | ATM-001 | TID001 | TXN | WITHDRAWAL | SEQ=963232 | CARD=************9012 | AMOUNT=2000.00 | CURRENCY=ETB | STATUS=APPROVED | AUTH=529472
2026-06-06 07:24:32 | ATM-001 | TID001 | TXN | CARDLESS_TXN | SEQ=799806 | CARD=************3456 | STATUS=APPROVED
2026-06-06 07:25:25 | ATM-001 | TID001 | TXN | WITHDRAWAL | SEQ=908841 | CARD=************6789 | AMOUNT=1000.00 | CURRENCY=ETB | STATUS=APPROVED | AUTH=437832
2026-06-06 07:26:15 | ATM-001 | TID001 | TXN | BALANCE_INQ | SEQ=112489 | CARD=************7890 | STATUS=APPROVED
2026-06-06 07:26:52 | ATM-001 | TID001 | TXN | BALANCE_INQ | SEQ=631583 | CARD=************6789 | STATUS=APPROVED
2026-06-06 07:27:44 | ATM-001 | TID001 | TXN | BALANCE_INQ | SEQ=784205 | CARD=************7890 | STATUS=APPROVED
2026-06-06 07:28:43 | ATM-001 | TID001 | CASH | CASSETTE_LOADED | CASSETTE=2 | AMOUNT=250000.00 | OPERATOR=OP008
2026-06-06 07:29:28 | ATM-001 | TID001 | TXN | WITHDRAWAL | SEQ=505012 | CARD=************6789 | AMOUNT=100.00 | CURRENCY=ETB | STATUS=APPROVED | AUTH=483850
2026-06-06 07:30:11 | ATM-001 | TID001 | TXN | WITHDRAWAL | SEQ=361206 | CARD=************1234 | AMOUNT=10000.00 | CURRENCY=ETB | STATUS=APPROVED | AUTH=137709
2026-06-06 07:30:57 | ATM-001 | TID001 | TXN | CARDLESS_TXN | SEQ=348480 | CARD=************6789 | STATUS=APPROVED
2026-06-06 07:31:31 | ATM-001 | TID001 | TXN | WITHDRAWAL | SEQ=686251 | CARD=************8901 | AMOUNT=5000.00 | CURRENCY=ETB | STATUS=APPROVED | AUTH=552791
2026-06-06 07:32:22 | ATM-001 | TID001 | TXN | TRANSFER | SEQ=376377 | CARD=************0123 | AMOUNT=200.00 | CURRENCY=ETB | STATUS=APPROVED | AUTH=630716
2026-06-06 07:32:58 | ATM-001 | TID001 | TXN | CARDLESS_TXN | SEQ=412675 | CARD=************1234 | STATUS=APPROVED
2026-06-06 07:33:54 | ATM-001 | TID001 | TXN | MINI_STATEMENT | SEQ=812939 | CARD=************2345 | STATUS=APPROVED
2026-06-06 07:34:25 | ATM-001 | TID001 | TXN | TRANSFER | SEQ=644237 | CARD=************8901 | AMOUNT=100.00 | CURRENCY=ETB | STATUS=APPROVED | AUTH=513074
2026-06-06 07:35:09 | ATM-001 | TID001 | TXN | WITHDRAWAL | SEQ=209427 | CARD=************1234 | AMOUNT=500.00 | CURRENCY=ETB | STATUS=TIMEOUT
2026-06-06 07:35:59 | ATM-001 | TID001 | TXN | BALANCE_INQ | SEQ=373036 | CARD=************7890 | STATUS=APPROVED
2026-06-06 07:36:33 | ATM-001 | TID001 | TXN | WITHDRAWAL | SEQ=717761 | CARD=************3456 | AMOUNT=200.00 | CURRENCY=ETB | STATUS=APPROVED | AUTH=457738
2026-06-06 07:37:20 | ATM-001 | TID001 | TXN | MINI_STATEMENT | SEQ=210231 | CARD=************2345 | STATUS=APPROVED
2026-06-06 07:38:12 | ATM-001 | TID001 | TXN | MINI_STATEMENT | SEQ=604902 | CARD=************7890 | STATUS=DECLINED
2026-06-06 07:38:56 | ATM-001 | TID001 | CASH | CASSETTE_LOADED | CASSETTE=2 | AMOUNT=250000.00 | OPERATOR=OP005
2026-06-06 07:39:29 | ATM-001 | TID001 | ERROR | DISPENSER_ERROR | CODE=9E3D | CASSETTE=3
2026-06-06 07:40:18 | ATM-001 | TID001 | TXN | WITHDRAWAL | SEQ=336750 | CARD=************0123 | AMOUNT=5000.00 | CURRENCY=ETB | STATUS=APPROVED | AUTH=949373
2026-06-06 07:40:55 | ATM-001 | TID001 | TXN | WITHDRAWAL | SEQ=936253 | CARD=************6789 | AMOUNT=200.00 | CURRENCY=ETB | STATUS=TIMEOUT
2026-06-06 07:41:30 | ATM-001 | TID001 | TXN | WITHDRAWAL | SEQ=423138 | CARD=************7890 | AMOUNT=100.00 | CURRENCY=ETB | STATUS=APPROVED | AUTH=889495
2026-06-06 07:42:22 | ATM-001 | TID001 | TXN | WITHDRAWAL | SEQ=618870 | CARD=************6789 | AMOUNT=100.00 | CURRENCY=ETB | STATUS=APPROVED | AUTH=694776
2026-06-06 07:43:20 | ATM-001 | TID001 | TXN | WITHDRAWAL | SEQ=977203 | CARD=************5678 | AMOUNT=500.00 | CURRENCY=ETB | STATUS=APPROVED | AUTH=646344
2026-06-06 07:44:18 | ATM-001 | TID001 | TXN | WITHDRAWAL | SEQ=437520 | CARD=************5678 | AMOUNT=1000.00 | CURRENCY=ETB | STATUS=APPROVED | AUTH=919787
2026-06-06 07:44:50 | ATM-001 | TID001 | TXN | WITHDRAWAL | SEQ=867562 | CARD=************1234 | AMOUNT=5000.00 | CURRENCY=ETB | STATUS=APPROVED | AUTH=143881
2026-06-06 07:45:38 | ATM-001 | TID001 | TXN | BALANCE_INQ | SEQ=598670 | CARD=************8901 | STATUS=APPROVED
2026-06-06 07:46:22 | ATM-001 | TID001 | TXN | BALANCE_INQ | SEQ=442583 | CARD=************4567 | STATUS=APPROVED
2026-06-06 07:47:18 | ATM-001 | TID001 | TXN | CARDLESS_TXN | SEQ=563287 | CARD=************6789 | STATUS=APPROVED
2026-06-06 07:47:57 | ATM-001 | TID001 | TXN | WITHDRAWAL | SEQ=763290 | CARD=************1234 | AMOUNT=1000.00 | CURRENCY=ETB | STATUS=APPROVED | AUTH=801408
2026-06-06 07:48:49 | ATM-001 | TID001 | TXN | MINI_STATEMENT | SEQ=836165 | CARD=************0123 | STATUS=TIMEOUT
2026-06-06 07:49:28 | ATM-001 | TID001 | ERROR | NETWORK_TIMEOUT | CODE=44AA | CASSETTE=4
2026-06-06 07:50:24 | ATM-001 | TID001 | CASH | CASSETTE_LOADED | CASSETTE=2 | AMOUNT=200000.00 | OPERATOR=OP001
2026-06-06 07:51:08 | ATM-001 | TID001 | TXN | BALANCE_INQ | SEQ=833052 | CARD=************8901 | STATUS=APPROVED
2026-06-06 07:51:49 | ATM-001 | TID001 | TXN | WITHDRAWAL | SEQ=421265 | CARD=************8901 | AMOUNT=10000.00 | CURRENCY=ETB | STATUS=APPROVED | AUTH=392173
2026-06-06 07:52:34 | ATM-001 | TID001 | CASH | CASSETTE_LOADED | CASSETTE=2 | AMOUNT=250000.00 | OPERATOR=OP009
2026-06-06 07:53:18 | ATM-001 | TID001 | TXN | BALANCE_INQ | SEQ=951213 | CARD=************7890 | STATUS=APPROVED
2026-06-06 07:54:01 | ATM-001 | TID001 | TXN | TRANSFER | SEQ=867338 | CARD=************5678 | AMOUNT=5000.00 | CURRENCY=ETB | STATUS=APPROVED | AUTH=897263
2026-06-06 07:54:43 | ATM-001 | TID001 | TXN | WITHDRAWAL | SEQ=185703 | CARD=************8901 | AMOUNT=100.00 | CURRENCY=ETB | STATUS=APPROVED | AUTH=818513
2026-06-06 07:55:14 | ATM-001 | TID001 | TXN | BALANCE_INQ | SEQ=670923 | CARD=************1234 | STATUS=APPROVED
2026-06-06 07:55:59 | ATM-001 | TID001 | TXN | BALANCE_INQ | SEQ=904138 | CARD=************4567 | STATUS=APPROVED
2026-06-06 07:56:30 | ATM-001 | TID001 | TXN | WITHDRAWAL | SEQ=161646 | CARD=************2345 | AMOUNT=200.00 | CURRENCY=ETB | STATUS=APPROVED | AUTH=316133
2026-06-06 07:57:08 | ATM-001 | TID001 | TXN | WITHDRAWAL | SEQ=844034 | CARD=************9012 | AMOUNT=100.00 | CURRENCY=ETB | STATUS=APPROVED | AUTH=864068
2026-06-06 07:57:47 | ATM-001 | TID001 | TXN | WITHDRAWAL | SEQ=416003 | CARD=************5678 | AMOUNT=100.00 | CURRENCY=ETB | STATUS=APPROVED | AUTH=451845
2026-06-06 07:58:24 | ATM-001 | TID001 | TXN | BALANCE_INQ | SEQ=695637 | CARD=************3456 | STATUS=APPROVED
2026-06-06 07:59:15 | ATM-001 | TID001 | TXN | WITHDRAWAL | SEQ=857085 | CARD=************7890 | AMOUNT=500.00 | CURRENCY=ETB | STATUS=APPROVED | AUTH=520796
2026-06-06 07:59:50 | ATM-001 | TID001 | TXN | WITHDRAWAL | SEQ=268543 | CARD=************7890 | AMOUNT=100.00 | CURRENCY=ETB | STATUS=APPROVED | AUTH=689399
2026-06-06 08:00:30 | ATM-001 | TID001 | ERROR | DISPENSER_ERROR | CODE=9E3D | CASSETTE=4
2026-06-06 08:00:42 | ATM-001 | TID001 | TXN | WITHDRAWAL | SEQ=867786 | CARD=************1234 | AMOUNT=1000.00 | CURRENCY=ETB | STATUS=APPROVED | AUTH=208579
2026-06-06 08:00:58 | ATM-001 | TID001 | TXN | WITHDRAWAL | SEQ=168688 | CARD=************7890 | AMOUNT=2000.00 | CURRENCY=ETB | STATUS=APPROVED | AUTH=966102
2026-06-06 08:01:12 | ATM-001 | TID001 | TXN | BALANCE_INQ | SEQ=469297 | CARD=************3456 | STATUS=APPROVED
2026-06-06 08:01:30 | ATM-001 | TID001 | TXN | BALANCE_INQ | SEQ=913202 | CARD=************2345 | STATUS=APPROVED
2026-06-06 08:01:41 | ATM-001 | TID001 | TXN | WITHDRAWAL | SEQ=394212 | CARD=************9012 | AMOUNT=1000.00 | CURRENCY=ETB | STATUS=APPROVED | AUTH=395340
2026-06-06 08:01:56 | ATM-001 | TID001 | TXN | TRANSFER | SEQ=907394 | CARD=************7890 | AMOUNT=200.00 | CURRENCY=ETB | STATUS=APPROVED | AUTH=496522
2026-06-06 08:02:14 | ATM-001 | TID001 | TXN | BALANCE_INQ | SEQ=842307 | CARD=************2345 | STATUS=APPROVED
2026-06-06 08:02:28 | ATM-001 | TID001 | TXN | WITHDRAWAL | SEQ=600528 | CARD=************4567 | AMOUNT=500.00 | CURRENCY=ETB | STATUS=TIMEOUT
2026-06-06 08:02:40 | ATM-001 | TID001 | TXN | WITHDRAWAL | SEQ=430936 | CARD=************7890 | AMOUNT=100.00 | CURRENCY=ETB | STATUS=APPROVED | AUTH=775222
2026-06-06 08:02:52 | ATM-001 | TID001 | TXN | BALANCE_INQ | SEQ=814801 | CARD=************9012 | STATUS=APPROVED
2026-06-06 08:03:07 | ATM-001 | TID001 | TXN | BALANCE_INQ | SEQ=334595 | CARD=************0123 | STATUS=APPROVED
2026-06-06 08:03:19 | ATM-001 | TID001 | TXN | BALANCE_INQ | SEQ=908297 | CARD=************9012 | STATUS=APPROVED
2026-06-06 08:03:35 | ATM-001 | TID001 | TXN | MINI_STATEMENT | SEQ=505344 | CARD=************7890 | STATUS=APPROVED
2026-06-06 08:03:55 | ATM-001 | TID001 | TXN | WITHDRAWAL | SEQ=643254 | CARD=************1234 | AMOUNT=100.00 | CURRENCY=ETB | STATUS=APPROVED | AUTH=184356
2026-06-06 08:04:04 | ATM-001 | TID001 | TXN | BALANCE_INQ | SEQ=214603 | CARD=************4567 | STATUS=APPROVED
2026-06-06 08:04:18 | ATM-001 | TID001 | TXN | WITHDRAWAL | SEQ=228771 | CARD=************5678 | AMOUNT=2000.00 | CURRENCY=ETB | STATUS=APPROVED | AUTH=603672
2026-06-06 08:04:26 | ATM-001 | TID001 | TXN | WITHDRAWAL | SEQ=549716 | CARD=************9012 | AMOUNT=500.00 | CURRENCY=ETB | STATUS=APPROVED | AUTH=635014
2026-06-06 08:04:35 | ATM-001 | TID001 | TXN | BALANCE_INQ | SEQ=642930 | CARD=************0123 | STATUS=DECLINED
2026-06-06 08:04:44 | ATM-001 | TID001 | TXN | BALANCE_INQ | SEQ=972384 | CARD=************0123 | STATUS=APPROVED
2026-06-06 08:04:56 | ATM-001 | TID001 | TXN | WITHDRAWAL | SEQ=381427 | CARD=************2345 | AMOUNT=10000.00 | CURRENCY=ETB | STATUS=APPROVED | AUTH=625365
2026-06-06 08:05:07 | ATM-001 | TID001 | TXN | WITHDRAWAL | SEQ=832220 | CARD=************0123 | AMOUNT=500.00 | CURRENCY=ETB | STATUS=APPROVED | AUTH=870305
2026-06-06 08:05:19 | ATM-001 | TID001 | TXN | WITHDRAWAL | SEQ=226842 | CARD=************8901 | AMOUNT=10000.00 | CURRENCY=ETB | STATUS=APPROVED | AUTH=830081
2026-06-06 08:05:39 | ATM-001 | TID001 | TXN | WITHDRAWAL | SEQ=202464 | CARD=************8901 | AMOUNT=2000.00 | CURRENCY=ETB | STATUS=APPROVED | AUTH=897171
2026-06-06 08:05:50 | ATM-001 | TID001 | TXN | BALANCE_INQ | SEQ=671801 | CARD=************1234 | STATUS=APPROVED
2026-06-06 08:06:01 | ATM-001 | TID001 | TXN | WITHDRAWAL | SEQ=544664 | CARD=************5678 | AMOUNT=1000.00 | CURRENCY=ETB | STATUS=APPROVED | AUTH=543101
2026-06-06 08:06:21 | ATM-001 | TID001 | TXN | WITHDRAWAL | SEQ=592033 | CARD=************0123 | AMOUNT=1000.00 | CURRENCY=ETB | STATUS=APPROVED | AUTH=487317
2026-06-06 08:06:30 | ATM-001 | TID001 | TXN | MINI_STATEMENT | SEQ=939145 | CARD=************3456 | STATUS=APPROVED
2026-06-06 08:06:49 | ATM-001 | TID001 | TXN | WITHDRAWAL | SEQ=962617 | CARD=************9012 | AMOUNT=200.00 | CURRENCY=ETB | STATUS=APPROVED | AUTH=261762
2026-06-06 08:07:05 | ATM-001 | TID001 | TXN | WITHDRAWAL | SEQ=701373 | CARD=************4567 | AMOUNT=500.00 | CURRENCY=ETB | STATUS=APPROVED | AUTH=829312
2026-06-06 08:07:20 | ATM-001 | TID001 | TXN | WITHDRAWAL | SEQ=512786 | CARD=************7890 | AMOUNT=2000.00 | CURRENCY=ETB | STATUS=APPROVED | AUTH=566824
2026-06-06 08:07:34 | ATM-001 | TID001 | CASH | CASSETTE_LOADED | CASSETTE=4 | AMOUNT=200000.00 | OPERATOR=OP005
2026-06-06 08:07:53 | ATM-001 | TID001 | TXN | WITHDRAWAL | SEQ=765587 | CARD=************0123 | AMOUNT=200.00 | CURRENCY=ETB | STATUS=APPROVED | AUTH=865791
2026-06-06 08:08:04 | ATM-001 | TID001 | TXN | MINI_STATEMENT | SEQ=793422 | CARD=************2345 | STATUS=APPROVED
2026-06-06 08:08:23 | ATM-001 | TID001 | TXN | CARDLESS_TXN | SEQ=546503 | CARD=************9012 | STATUS=APPROVED
2026-06-06 08:08:35 | ATM-001 | TID001 | TXN | WITHDRAWAL | SEQ=848649 | CARD=************6789 | AMOUNT=2000.00 | CURRENCY=ETB | STATUS=APPROVED | AUTH=166943
2026-06-06 08:08:48 | ATM-001 | TID001 | TXN | BALANCE_INQ | SEQ=202257 | CARD=************3456 | STATUS=APPROVED
2026-06-06 08:09:06 | ATM-001 | TID001 | TXN | WITHDRAWAL | SEQ=441249 | CARD=************8901 | AMOUNT=1000.00 | CURRENCY=ETB | STATUS=APPROVED | AUTH=175932
2026-06-06 08:09:17 | ATM-001 | TID001 | TXN | WITHDRAWAL | SEQ=896529 | CARD=************6789 | AMOUNT=5000.00 | CURRENCY=ETB | STATUS=APPROVED | AUTH=202028
2026-06-06 08:09:29 | ATM-001 | TID001 | TXN | BALANCE_INQ | SEQ=792710 | CARD=************7890 | STATUS=APPROVED
2026-06-06 08:09:39 | ATM-001 | TID001 | TXN | WITHDRAWAL | SEQ=902405 | CARD=************8901 | AMOUNT=1000.00 | CURRENCY=ETB | STATUS=APPROVED | AUTH=809105
2026-06-06 08:09:53 | ATM-001 | TID001 | TXN | MINI_STATEMENT | SEQ=631327 | CARD=************1234 | STATUS=APPROVED
2026-06-06 08:10:09 | ATM-001 | TID001 | TXN | WITHDRAWAL | SEQ=672846 | CARD=************2345 | AMOUNT=1000.00 | CURRENCY=ETB | STATUS=APPROVED | AUTH=273574
2026-06-06 08:10:19 | ATM-001 | TID001 | TXN | BALANCE_INQ | SEQ=506451 | CARD=************1234 | STATUS=DECLINED
2026-06-06 08:10:39 | ATM-001 | TID001 | TXN | BALANCE_INQ | SEQ=729366 | CARD=************7890 | STATUS=APPROVED
2026-06-06 08:10:51 | ATM-001 | TID001 | TXN | CARDLESS_TXN | SEQ=160271 | CARD=************3456 | STATUS=APPROVED
2026-06-06 08:11:05 | ATM-001 | TID001 | TXN | BALANCE_INQ | SEQ=384572 | CARD=************8901 | STATUS=APPROVED
2026-06-06 08:11:22 | ATM-001 | TID001 | TXN | WITHDRAWAL | SEQ=350458 | CARD=************8901 | AMOUNT=2000.00 | CURRENCY=ETB | STATUS=DECLINED
2026-06-06 08:11:36 | ATM-001 | TID001 | TXN | TRANSFER | SEQ=252002 | CARD=************8901 | AMOUNT=100.00 | CURRENCY=ETB | STATUS=APPROVED | AUTH=352731
2026-06-06 08:11:45 | ATM-001 | TID001 | CASH | CASSETTE_LOADED | CASSETTE=2 | AMOUNT=250000.00 | OPERATOR=OP010
2026-06-06 08:11:59 | ATM-001 | TID001 | TXN | WITHDRAWAL | SEQ=923641 | CARD=************9012 | AMOUNT=1000.00 | CURRENCY=ETB | STATUS=APPROVED | AUTH=824573
2026-06-06 08:12:08 | ATM-001 | TID001 | TXN | WITHDRAWAL | SEQ=190311 | CARD=************4567 | AMOUNT=100.00 | CURRENCY=ETB | STATUS=APPROVED | AUTH=752368
2026-06-06 08:12:20 | ATM-001 | TID001 | TXN | MINI_STATEMENT | SEQ=153198 | CARD=************8901 | STATUS=APPROVED
2026-06-06 08:12:29 | ATM-001 | TID001 | CASH | CASSETTE_LOADED | CASSETTE=2 | AMOUNT=200000.00 | OPERATOR=OP002
2026-06-06 08:12:41 | ATM-001 | TID001 | TXN | TRANSFER | SEQ=490533 | CARD=************1234 | AMOUNT=200.00 | CURRENCY=ETB | STATUS=DECLINED
2026-06-06 08:12:51 | ATM-001 | TID001 | TXN | WITHDRAWAL | SEQ=423874 | CARD=************1234 | AMOUNT=100.00 | CURRENCY=ETB | STATUS=APPROVED | AUTH=994904
2026-06-06 08:13:06 | ATM-001 | TID001 | TXN | MINI_STATEMENT | SEQ=530645 | CARD=************3456 | STATUS=APPROVED
2026-06-06 08:13:25 | ATM-001 | TID001 | TXN | WITHDRAWAL | SEQ=576010 | CARD=************8901 | AMOUNT=200.00 | CURRENCY=ETB | STATUS=APPROVED | AUTH=372587
2026-06-06 08:13:44 | ATM-001 | TID001 | TXN | WITHDRAWAL | SEQ=263201 | CARD=************3456 | AMOUNT=200.00 | CURRENCY=ETB | STATUS=APPROVED | AUTH=335452
2026-06-06 08:13:56 | ATM-001 | TID001 | TXN | WITHDRAWAL | SEQ=422855 | CARD=************2345 | AMOUNT=500.00 | CURRENCY=ETB | STATUS=APPROVED | AUTH=338276
2026-06-06 08:14:09 | ATM-001 | TID001 | TXN | BALANCE_INQ | SEQ=461083 | CARD=************5678 | STATUS=APPROVED
2026-06-06 08:14:26 | ATM-001 | TID001 | TXN | WITHDRAWAL | SEQ=904151 | CARD=************3456 | AMOUNT=100.00 | CURRENCY=ETB | STATUS=APPROVED | AUTH=859976
2026-06-06 08:14:41 | ATM-001 | TID001 | TXN | BALANCE_INQ | SEQ=683845 | CARD=************0123 | STATUS=APPROVED
2026-06-06 08:15:00 | ATM-001 | TID001 | TXN | WITHDRAWAL | SEQ=137338 | CARD=************9012 | AMOUNT=5000.00 | CURRENCY=ETB | STATUS=APPROVED | AUTH=108540
2026-06-06 08:15:11 | ATM-001 | TID001 | TXN | WITHDRAWAL | SEQ=285913 | CARD=************3456 | AMOUNT=5000.00 | CURRENCY=ETB | STATUS=APPROVED | AUTH=143739
2026-06-06 08:15:19 | ATM-001 | TID001 | TXN | WITHDRAWAL | SEQ=394379 | CARD=************3456 | AMOUNT=2000.00 | CURRENCY=ETB | STATUS=APPROVED | AUTH=153888
2026-06-06 08:15:32 | ATM-001 | TID001 | TXN | WITHDRAWAL | SEQ=132006 | CARD=************8901 | AMOUNT=1000.00 | CURRENCY=ETB | STATUS=APPROVED | AUTH=777016
2026-06-06 08:15:47 | ATM-001 | TID001 | TXN | WITHDRAWAL | SEQ=840445 | CARD=************8901 | AMOUNT=5000.00 | CURRENCY=ETB | STATUS=APPROVED | AUTH=759725
2026-06-06 08:16:02 | ATM-001 | TID001 | TXN | WITHDRAWAL | SEQ=711685 | CARD=************0123 | AMOUNT=2000.00 | CURRENCY=ETB | STATUS=APPROVED | AUTH=610879
2026-06-06 08:16:12 | ATM-001 | TID001 | TXN | WITHDRAWAL | SEQ=387398 | CARD=************8901 | AMOUNT=500.00 | CURRENCY=ETB | STATUS=APPROVED | AUTH=837828
2026-06-06 08:16:27 | ATM-001 | TID001 | TXN | WITHDRAWAL | SEQ=350374 | CARD=************6789 | AMOUNT=2000.00 | CURRENCY=ETB | STATUS=APPROVED | AUTH=701573
2026-06-06 08:16:45 | ATM-001 | TID001 | TXN | MINI_STATEMENT | SEQ=652548 | CARD=************0123 | STATUS=APPROVED
2026-06-06 08:17:03 | ATM-001 | TID001 | TXN | WITHDRAWAL | SEQ=655007 | CARD=************4567 | AMOUNT=200.00 | CURRENCY=ETB | STATUS=APPROVED | AUTH=564434
2026-06-06 08:17:15 | ATM-001 | TID001 | TXN | BALANCE_INQ | SEQ=104555 | CARD=************6789 | STATUS=APPROVED
2026-06-06 08:17:28 | ATM-001 | TID001 | TXN | WITHDRAWAL | SEQ=738779 | CARD=************9012 | AMOUNT=1000.00 | CURRENCY=ETB | STATUS=APPROVED | AUTH=566553
2026-06-06 08:17:42 | ATM-001 | TID001 | TXN | WITHDRAWAL | SEQ=378582 | CARD=************8901 | AMOUNT=500.00 | CURRENCY=ETB | STATUS=APPROVED | AUTH=850224
2026-06-06 08:18:01 | ATM-001 | TID001 | ERROR | RECEIPT_PAPER_LOW | CODE=FF01 | CASSETTE=2
2026-06-06 08:18:21 | ATM-001 | TID001 | TXN | WITHDRAWAL | SEQ=987183 | CARD=************2345 | AMOUNT=500.00 | CURRENCY=ETB | STATUS=APPROVED | AUTH=778933
2026-06-06 08:18:30 | ATM-001 | TID001 | TXN | WITHDRAWAL | SEQ=544892 | CARD=************4567 | AMOUNT=2000.00 | CURRENCY=ETB | STATUS=TIMEOUT
2026-06-06 08:18:44 | ATM-001 | TID001 | TXN | BALANCE_INQ | SEQ=459468 | CARD=************1234 | STATUS=APPROVED
2026-06-06 08:18:54 | ATM-001 | TID001 | CASH | CASSETTE_LOADED | CASSETTE=4 | AMOUNT=200000.00 | OPERATOR=OP004
2026-06-06 08:19:04 | ATM-001 | TID001 | TXN | WITHDRAWAL | SEQ=708113 | CARD=************3456 | AMOUNT=500.00 | CURRENCY=ETB | STATUS=DECLINED
2026-06-06 08:19:24 | ATM-001 | TID001 | TXN | BALANCE_INQ | SEQ=901207 | CARD=************3456 | STATUS=APPROVED
2026-06-06 08:19:42 | ATM-001 | TID001 | TXN | BALANCE_INQ | SEQ=776512 | CARD=************3456 | STATUS=APPROVED
2026-06-06 08:19:54 | ATM-001 | TID001 | TXN | BALANCE_INQ | SEQ=680279 | CARD=************0123 | STATUS=TIMEOUT
2026-06-06 08:20:11 | ATM-001 | TID001 | TXN | MINI_STATEMENT | SEQ=674515 | CARD=************8901 | STATUS=APPROVED
2026-06-06 08:20:21 | ATM-001 | TID001 | TXN | WITHDRAWAL | SEQ=872245 | CARD=************1234 | AMOUNT=500.00 | CURRENCY=ETB | STATUS=APPROVED | AUTH=667040
2026-06-06 08:20:38 | ATM-001 | TID001 | TXN | WITHDRAWAL | SEQ=930843 | CARD=************2345 | AMOUNT=200.00 | CURRENCY=ETB | STATUS=APPROVED | AUTH=901798
2026-06-06 08:20:57 | ATM-001 | TID001 | TXN | WITHDRAWAL | SEQ=177107 | CARD=************1234 | AMOUNT=5000.00 | CURRENCY=ETB | STATUS=APPROVED | AUTH=104272
2026-06-06 08:21:13 | ATM-001 | TID001 | TXN | WITHDRAWAL | SEQ=879831 | CARD=************2345 | AMOUNT=5000.00 | CURRENCY=ETB | STATUS=APPROVED | AUTH=426343
2026-06-06 08:21:29 | ATM-001 | TID001 | TXN | WITHDRAWAL | SEQ=528954 | CARD=************2345 | AMOUNT=10000.00 | CURRENCY=ETB | STATUS=APPROVED | AUTH=691133
2026-06-06 08:21:41 | ATM-001 | TID001 | ERROR | CASH_JAM_CASSETTE | CODE=3A7F | CASSETTE=3
2026-06-06 08:21:54 | ATM-001 | TID001 | TXN | WITHDRAWAL | SEQ=151915 | CARD=************5678 | AMOUNT=500.00 | CURRENCY=ETB | STATUS=APPROVED | AUTH=182924
2026-06-06 08:22:10 | ATM-001 | TID001 | TXN | WITHDRAWAL | SEQ=600972 | CARD=************1234 | AMOUNT=200.00 | CURRENCY=ETB | STATUS=DECLINED
2026-06-06 08:22:20 | ATM-001 | TID001 | TXN | BALANCE_INQ | SEQ=764567 | CARD=************2345 | STATUS=DECLINED
2026-06-06 08:22:36 | ATM-001 | TID001 | TXN | BALANCE_INQ | SEQ=204068 | CARD=************7890 | STATUS=APPROVED
2026-06-06 08:22:45 | ATM-001 | TID001 | TXN | WITHDRAWAL | SEQ=271734 | CARD=************7890 | AMOUNT=1000.00 | CURRENCY=ETB | STATUS=APPROVED | AUTH=587261
2026-06-06 08:22:56 | ATM-001 | TID001 | TXN | WITHDRAWAL | SEQ=892768 | CARD=************0123 | AMOUNT=5000.00 | CURRENCY=ETB | STATUS=APPROVED | AUTH=985181
2026-06-06 08:23:12 | ATM-001 | TID001 | TXN | WITHDRAWAL | SEQ=793788 | CARD=************9012 | AMOUNT=10000.00 | CURRENCY=ETB | STATUS=APPROVED | AUTH=484274
2026-06-06 08:23:25 | ATM-001 | TID001 | TXN | WITHDRAWAL | SEQ=461102 | CARD=************2345 | AMOUNT=5000.00 | CURRENCY=ETB | STATUS=APPROVED | AUTH=976135
2026-06-06 08:23:38 | ATM-001 | TID001 | TXN | BALANCE_INQ | SEQ=836608 | CARD=************8901 | STATUS=DECLINED
2026-06-06 08:23:48 | ATM-001 | TID001 | TXN | TRANSFER | SEQ=646993 | CARD=************2345 | AMOUNT=10000.00 | CURRENCY=ETB | STATUS=APPROVED | AUTH=538772
2026-06-06 08:24:03 | ATM-001 | TID001 | TXN | WITHDRAWAL | SEQ=371228 | CARD=************5678 | AMOUNT=200.00 | CURRENCY=ETB | STATUS=APPROVED | AUTH=890616
2026-06-06 08:24:14 | ATM-001 | TID001 | TXN | WITHDRAWAL | SEQ=843429 | CARD=************8901 | AMOUNT=2000.00 | CURRENCY=ETB | STATUS=APPROVED | AUTH=111144
2026-06-06 08:24:33 | ATM-001 | TID001 | TXN | WITHDRAWAL | SEQ=877416 | CARD=************8901 | AMOUNT=5000.00 | CURRENCY=ETB | STATUS=APPROVED | AUTH=247220
2026-06-06 08:24:45 | ATM-001 | TID001 | TXN | WITHDRAWAL | SEQ=422248 | CARD=************8901 | AMOUNT=10000.00 | CURRENCY=ETB | STATUS=APPROVED | AUTH=498055
2026-06-06 08:24:59 | ATM-001 | TID001 | ERROR | CARD_READ_ERROR | CODE=B2C1 | CASSETTE=3
2026-06-06 08:25:08 | ATM-001 | TID001 | TXN | WITHDRAWAL | SEQ=240819 | CARD=************4567 | AMOUNT=10000.00 | CURRENCY=ETB | STATUS=APPROVED | AUTH=134278
2026-06-06 08:25:16 | ATM-001 | TID001 | TXN | WITHDRAWAL | SEQ=864290 | CARD=************9012 | AMOUNT=500.00 | CURRENCY=ETB | STATUS=APPROVED | AUTH=201186
2026-06-06 08:25:29 | ATM-001 | TID001 | TXN | WITHDRAWAL | SEQ=755249 | CARD=************8901 | AMOUNT=2000.00 | CURRENCY=ETB | STATUS=DECLINED
2026-06-06 08:25:42 | ATM-001 | TID001 | TXN | WITHDRAWAL | SEQ=790221 | CARD=************6789 | AMOUNT=5000.00 | CURRENCY=ETB | STATUS=APPROVED | AUTH=206847
2026-06-06 08:25:51 | ATM-001 | TID001 | TXN | MINI_STATEMENT | SEQ=667018 | CARD=************0123 | STATUS=APPROVED
2026-06-06 08:26:10 | ATM-001 | TID001 | TXN | BALANCE_INQ | SEQ=680263 | CARD=************8901 | STATUS=APPROVED
2026-06-06 08:26:23 | ATM-001 | TID001 | TXN | TRANSFER | SEQ=190560 | CARD=************2345 | AMOUNT=500.00 | CURRENCY=ETB | STATUS=APPROVED | AUTH=758031
2026-06-06 08:26:32 | ATM-001 | TID001 | TXN | TRANSFER | SEQ=595345 | CARD=************2345 | AMOUNT=500.00 | CURRENCY=ETB | STATUS=APPROVED | AUTH=436435
2026-06-06 08:26:46 | ATM-001 | TID001 | ERROR | CARD_READ_ERROR | CODE=B2C1 | CASSETTE=4
2026-06-06 08:27:04 | ATM-001 | TID001 | TXN | WITHDRAWAL | SEQ=587387 | CARD=************6789 | AMOUNT=5000.00 | CURRENCY=ETB | STATUS=APPROVED | AUTH=721894
2026-06-06 08:27:20 | ATM-001 | TID001 | TXN | WITHDRAWAL | SEQ=961006 | CARD=************0123 | AMOUNT=100.00 | CURRENCY=ETB | STATUS=APPROVED | AUTH=167680
2026-06-06 08:27:32 | ATM-001 | TID001 | TXN | WITHDRAWAL | SEQ=878106 | CARD=************0123 | AMOUNT=500.00 | CURRENCY=ETB | STATUS=DECLINED
2026-06-06 08:27:49 | ATM-001 | TID001 | TXN | WITHDRAWAL | SEQ=496396 | CARD=************6789 | AMOUNT=200.00 | CURRENCY=ETB | STATUS=APPROVED | AUTH=699512
2026-06-06 08:28:07 | ATM-001 | TID001 | TXN | WITHDRAWAL | SEQ=225284 | CARD=************0123 | AMOUNT=5000.00 | CURRENCY=ETB | STATUS=APPROVED | AUTH=889217
2026-06-06 08:28:19 | ATM-001 | TID001 | TXN | BALANCE_INQ | SEQ=931593 | CARD=************0123 | STATUS=APPROVED
2026-06-06 08:28:28 | ATM-001 | TID001 | TXN | WITHDRAWAL | SEQ=436696 | CARD=************5678 | AMOUNT=1000.00 | CURRENCY=ETB | STATUS=APPROVED | AUTH=855260
2026-06-06 08:28:39 | ATM-001 | TID001 | TXN | BALANCE_INQ | SEQ=836297 | CARD=************9012 | STATUS=APPROVED
2026-06-06 08:28:54 | ATM-001 | TID001 | TXN | TRANSFER | SEQ=345473 | CARD=************9012 | AMOUNT=200.00 | CURRENCY=ETB | STATUS=APPROVED | AUTH=479502
2026-06-06 08:29:11 | ATM-001 | TID001 | TXN | WITHDRAWAL | SEQ=942762 | CARD=************4567 | AMOUNT=5000.00 | CURRENCY=ETB | STATUS=APPROVED | AUTH=863305
2026-06-06 08:29:27 | ATM-001 | TID001 | TXN | BALANCE_INQ | SEQ=577301 | CARD=************4567 | STATUS=APPROVED
2026-06-06 08:29:43 | ATM-001 | TID001 | TXN | WITHDRAWAL | SEQ=894826 | CARD=************5678 | AMOUNT=100.00 | CURRENCY=ETB | STATUS=TIMEOUT
2026-06-06 08:29:57 | ATM-001 | TID001 | TXN | BALANCE_INQ | SEQ=556106 | CARD=************6789 | STATUS=APPROVED
2026-06-06 08:30:15 | ATM-001 | TID001 | TXN | MINI_STATEMENT | SEQ=490712 | CARD=************4567 | STATUS=APPROVED
2026-06-06 08:30:26 | ATM-001 | TID001 | TXN | BALANCE_INQ | SEQ=361072 | CARD=************8901 | STATUS=APPROVED
2026-06-06 08:30:42 | ATM-001 | TID001 | TXN | WITHDRAWAL | SEQ=106293 | CARD=************6789 | AMOUNT=5000.00 | CURRENCY=ETB | STATUS=APPROVED | AUTH=299881
2026-06-06 08:31:00 | ATM-001 | TID001 | TXN | BALANCE_INQ | SEQ=355657 | CARD=************0123 | STATUS=APPROVED
2026-06-06 08:31:15 | ATM-001 | TID001 | ERROR | RECEIPT_PAPER_LOW | CODE=FF01 | CASSETTE=1
2026-06-06 08:31:29 | ATM-001 | TID001 | TXN | WITHDRAWAL | SEQ=625561 | CARD=************7890 | AMOUNT=1000.00 | CURRENCY=ETB | STATUS=APPROVED | AUTH=844192
2026-06-06 08:31:45 | ATM-001 | TID001 | TXN | TRANSFER | SEQ=108921 | CARD=************3456 | AMOUNT=500.00 | CURRENCY=ETB | STATUS=APPROVED | AUTH=465711
2026-06-06 08:31:57 | ATM-001 | TID001 | TXN | TRANSFER | SEQ=950897 | CARD=************3456 | AMOUNT=200.00 | CURRENCY=ETB | STATUS=APPROVED | AUTH=569796
2026-06-06 08:32:10 | ATM-001 | TID001 | TXN | WITHDRAWAL | SEQ=614344 | CARD=************7890 | AMOUNT=1000.00 | CURRENCY=ETB | STATUS=APPROVED | AUTH=878639
2026-06-06 08:32:23 | ATM-001 | TID001 | TXN | WITHDRAWAL | SEQ=936549 | CARD=************8901 | AMOUNT=10000.00 | CURRENCY=ETB | STATUS=APPROVED | AUTH=562755
2026-06-06 08:32:31 | ATM-001 | TID001 | TXN | MINI_STATEMENT | SEQ=598577 | CARD=************5678 | STATUS=APPROVED
2026-06-06 08:32:42 | ATM-001 | TID001 | TXN | WITHDRAWAL | SEQ=762226 | CARD=************7890 | AMOUNT=500.00 | CURRENCY=ETB | STATUS=APPROVED | AUTH=665956
2026-06-06 08:33:00 | ATM-001 | TID001 | ERROR | NETWORK_TIMEOUT | CODE=44AA | CASSETTE=3
2026-06-06 08:33:14 | ATM-001 | TID001 | TXN | WITHDRAWAL | SEQ=828913 | CARD=************4567 | AMOUNT=100.00 | CURRENCY=ETB | STATUS=APPROVED | AUTH=526070
2026-06-06 08:33:33 | ATM-001 | TID001 | TXN | WITHDRAWAL | SEQ=562399 | CARD=************4567 | AMOUNT=1000.00 | CURRENCY=ETB | STATUS=APPROVED | AUTH=236586
2026-06-06 08:33:47 | ATM-001 | TID001 | TXN | BALANCE_INQ | SEQ=573452 | CARD=************7890 | STATUS=APPROVED
2026-06-06 08:34:01 | ATM-001 | TID001 | TXN | BALANCE_INQ | SEQ=127040 | CARD=************1234 | STATUS=APPROVED
2026-06-06 08:34:16 | ATM-001 | TID001 | TXN | BALANCE_INQ | SEQ=755482 | CARD=************5678 | STATUS=APPROVED
2026-06-06 08:34:29 | ATM-001 | TID001 | TXN | WITHDRAWAL | SEQ=394051 | CARD=************7890 | AMOUNT=500.00 | CURRENCY=ETB | STATUS=APPROVED | AUTH=534404
2026-06-06 08:34:38 | ATM-001 | TID001 | TXN | WITHDRAWAL | SEQ=526316 | CARD=************4567 | AMOUNT=5000.00 | CURRENCY=ETB | STATUS=APPROVED | AUTH=183476
2026-06-06 08:34:57 | ATM-001 | TID001 | TXN | WITHDRAWAL | SEQ=755582 | CARD=************2345 | AMOUNT=1000.00 | CURRENCY=ETB | STATUS=APPROVED | AUTH=158744
2026-06-06 08:35:15 | ATM-001 | TID001 | TXN | WITHDRAWAL | SEQ=166797 | CARD=************8901 | AMOUNT=200.00 | CURRENCY=ETB | STATUS=APPROVED | AUTH=881778
2026-06-06 08:35:32 | ATM-001 | TID001 | TXN | WITHDRAWAL | SEQ=215816 | CARD=************7890 | AMOUNT=200.00 | CURRENCY=ETB | STATUS=TIMEOUT
2026-06-06 08:35:45 | ATM-001 | TID001 | TXN | WITHDRAWAL | SEQ=614860 | CARD=************4567 | AMOUNT=2000.00 | CURRENCY=ETB | STATUS=APPROVED | AUTH=514771
2026-06-06 08:35:59 | ATM-001 | TID001 | TXN | WITHDRAWAL | SEQ=437919 | CARD=************8901 | AMOUNT=100.00 | CURRENCY=ETB | STATUS=APPROVED | AUTH=971282
2026-06-06 08:36:09 | ATM-001 | TID001 | TXN | BALANCE_INQ | SEQ=370577 | CARD=************9012 | STATUS=APPROVED
2026-06-06 08:36:27 | ATM-001 | TID001 | TXN | BALANCE_INQ | SEQ=938965 | CARD=************8901 | STATUS=APPROVED
2026-06-06 08:36:38 | ATM-001 | TID001 | TXN | BALANCE_INQ | SEQ=710928 | CARD=************4567 | STATUS=APPROVED
2026-06-06 08:36:47 | ATM-001 | TID001 | TXN | BALANCE_INQ | SEQ=194169 | CARD=************4567 | STATUS=APPROVED
2026-06-06 08:36:55 | ATM-001 | TID001 | TXN | BALANCE_INQ | SEQ=277051 | CARD=************1234 | STATUS=APPROVED
2026-06-06 08:37:14 | ATM-001 | TID001 | ERROR | DISPENSER_ERROR | CODE=9E3D | CASSETTE=4
2026-06-06 08:37:31 | ATM-001 | TID001 | CASH | CASSETTE_LOADED | CASSETTE=2 | AMOUNT=150000.00 | OPERATOR=OP003
2026-06-06 08:37:49 | ATM-001 | TID001 | TXN | MINI_STATEMENT | SEQ=262874 | CARD=************6789 | STATUS=APPROVED
2026-06-06 08:38:08 | ATM-001 | TID001 | TXN | WITHDRAWAL | SEQ=582792 | CARD=************1234 | AMOUNT=200.00 | CURRENCY=ETB | STATUS=APPROVED | AUTH=580887
2026-06-06 08:38:20 | ATM-001 | TID001 | TXN | WITHDRAWAL | SEQ=683450 | CARD=************2345 | AMOUNT=5000.00 | CURRENCY=ETB | STATUS=ERROR
2026-06-06 08:38:33 | ATM-001 | TID001 | TXN | BALANCE_INQ | SEQ=369271 | CARD=************8901 | STATUS=APPROVED
2026-06-06 08:38:48 | ATM-001 | TID001 | TXN | WITHDRAWAL | SEQ=208628 | CARD=************0123 | AMOUNT=2000.00 | CURRENCY=ETB | STATUS=APPROVED | AUTH=273516
2026-06-06 08:38:59 | ATM-001 | TID001 | TXN | WITHDRAWAL | SEQ=263039 | CARD=************0123 | AMOUNT=200.00 | CURRENCY=ETB | STATUS=APPROVED | AUTH=319796
2026-06-06 08:39:18 | ATM-001 | TID001 | TXN | WITHDRAWAL | SEQ=621881 | CARD=************3456 | AMOUNT=200.00 | CURRENCY=ETB | STATUS=ERROR
2026-06-06 08:39:35 | ATM-001 | TID001 | TXN | WITHDRAWAL | SEQ=729477 | CARD=************0123 | AMOUNT=5000.00 | CURRENCY=ETB | STATUS=APPROVED | AUTH=325583
2026-06-06 08:39:54 | ATM-001 | TID001 | TXN | BALANCE_INQ | SEQ=778390 | CARD=************3456 | STATUS=DECLINED
2026-06-06 08:40:02 | ATM-001 | TID001 | TXN | WITHDRAWAL | SEQ=486939 | CARD=************7890 | AMOUNT=100.00 | CURRENCY=ETB | STATUS=APPROVED | AUTH=760503
2026-06-06 08:40:18 | ATM-001 | TID001 | TXN | WITHDRAWAL | SEQ=371422 | CARD=************6789 | AMOUNT=500.00 | CURRENCY=ETB | STATUS=APPROVED | AUTH=728105
2026-06-06 08:40:32 | ATM-001 | TID001 | TXN | TRANSFER | SEQ=188082 | CARD=************9012 | AMOUNT=500.00 | CURRENCY=ETB | STATUS=APPROVED | AUTH=895212
2026-06-06 08:40:48 | ATM-001 | TID001 | TXN | WITHDRAWAL | SEQ=698813 | CARD=************0123 | AMOUNT=500.00 | CURRENCY=ETB | STATUS=APPROVED | AUTH=722283
2026-06-06 08:41:04 | ATM-001 | TID001 | TXN | WITHDRAWAL | SEQ=770009 | CARD=************9012 | AMOUNT=2000.00 | CURRENCY=ETB | STATUS=DECLINED
2026-06-06 08:41:21 | ATM-001 | TID001 | TXN | MINI_STATEMENT | SEQ=917562 | CARD=************9012 | STATUS=APPROVED
2026-06-06 08:41:35 | ATM-001 | TID001 | TXN | BALANCE_INQ | SEQ=269128 | CARD=************5678 | STATUS=APPROVED
2026-06-06 08:41:53 | ATM-001 | TID001 | TXN | BALANCE_INQ | SEQ=169257 | CARD=************3456 | STATUS=APPROVED
2026-06-06 08:42:12 | ATM-001 | TID001 | TXN | WITHDRAWAL | SEQ=804766 | CARD=************0123 | AMOUNT=200.00 | CURRENCY=ETB | STATUS=APPROVED | AUTH=261477
2026-06-06 08:42:31 | ATM-001 | TID001 | TXN | WITHDRAWAL | SEQ=120986 | CARD=************7890 | AMOUNT=500.00 | CURRENCY=ETB | STATUS=APPROVED | AUTH=565512
2026-06-06 08:42:44 | ATM-001 | TID001 | TXN | WITHDRAWAL | SEQ=296235 | CARD=************5678 | AMOUNT=200.00 | CURRENCY=ETB | STATUS=APPROVED | AUTH=254674
2026-06-06 08:43:02 | ATM-001 | TID001 | TXN | WITHDRAWAL | SEQ=957780 | CARD=************0123 | AMOUNT=2000.00 | CURRENCY=ETB | STATUS=APPROVED | AUTH=344875
2026-06-06 08:43:16 | ATM-001 | TID001 | TXN | TRANSFER | SEQ=868781 | CARD=************4567 | AMOUNT=500.00 | CURRENCY=ETB | STATUS=APPROVED | AUTH=577011
2026-06-06 08:43:31 | ATM-001 | TID001 | TXN | TRANSFER | SEQ=140042 | CARD=************5678 | AMOUNT=10000.00 | CURRENCY=ETB | STATUS=APPROVED | AUTH=433407
2026-06-06 08:43:43 | ATM-001 | TID001 | TXN | WITHDRAWAL | SEQ=371993 | CARD=************6789 | AMOUNT=2000.00 | CURRENCY=ETB | STATUS=APPROVED | AUTH=455638
2026-06-06 08:43:52 | ATM-001 | TID001 | TXN | BALANCE_INQ | SEQ=829200 | CARD=************0123 | STATUS=APPROVED
2026-06-06 08:44:08 | ATM-001 | TID001 | TXN | WITHDRAWAL | SEQ=720406 | CARD=************6789 | AMOUNT=100.00 | CURRENCY=ETB | STATUS=APPROVED | AUTH=535886
2026-06-06 08:44:20 | ATM-001 | TID001 | ERROR | CARD_READ_ERROR | CODE=B2C1 | CASSETTE=2
2026-06-06 08:44:32 | ATM-001 | TID001 | TXN | TRANSFER | SEQ=712169 | CARD=************0123 | AMOUNT=2000.00 | CURRENCY=ETB | STATUS=APPROVED | AUTH=480434
2026-06-06 08:44:47 | ATM-001 | TID001 | TXN | MINI_STATEMENT | SEQ=719427 | CARD=************4567 | STATUS=APPROVED
2026-06-06 08:44:56 | ATM-001 | TID001 | TXN | MINI_STATEMENT | SEQ=631189 | CARD=************3456 | STATUS=APPROVED
2026-06-06 08:45:07 | ATM-001 | TID001 | TXN | WITHDRAWAL | SEQ=914900 | CARD=************3456 | AMOUNT=2000.00 | CURRENCY=ETB | STATUS=APPROVED | AUTH=869016
2026-06-06 08:45:24 | ATM-001 | TID001 | CASH | CASSETTE_LOADED | CASSETTE=4 | AMOUNT=200000.00 | OPERATOR=OP005
2026-06-06 08:45:40 | ATM-001 | TID001 | TXN | WITHDRAWAL | SEQ=844082 | CARD=************1234 | AMOUNT=500.00 | CURRENCY=ETB | STATUS=APPROVED | AUTH=698515
2026-06-06 08:45:50 | ATM-001 | TID001 | TXN | WITHDRAWAL | SEQ=164152 | CARD=************7890 | AMOUNT=5000.00 | CURRENCY=ETB | STATUS=ERROR
2026-06-06 08:46:10 | ATM-001 | TID001 | TXN | WITHDRAWAL | SEQ=507917 | CARD=************9012 | AMOUNT=500.00 | CURRENCY=ETB | STATUS=APPROVED | AUTH=728815
2026-06-06 08:46:23 | ATM-001 | TID001 | CASH | CASSETTE_LOADED | CASSETTE=4 | AMOUNT=200000.00 | OPERATOR=OP003
2026-06-06 08:46:31 | ATM-001 | TID001 | CASH | CASSETTE_LOADED | CASSETTE=1 | AMOUNT=200000.00 | OPERATOR=OP005
2026-06-06 08:46:49 | ATM-001 | TID001 | TXN | WITHDRAWAL | SEQ=598890 | CARD=************0123 | AMOUNT=1000.00 | CURRENCY=ETB | STATUS=DECLINED
2026-06-06 08:47:07 | ATM-001 | TID001 | TXN | BALANCE_INQ | SEQ=883325 | CARD=************3456 | STATUS=APPROVED
2026-06-06 08:47:18 | ATM-001 | TID001 | TXN | WITHDRAWAL | SEQ=952680 | CARD=************1234 | AMOUNT=5000.00 | CURRENCY=ETB | STATUS=APPROVED | AUTH=995885
2026-06-06 08:47:27 | ATM-001 | TID001 | TXN | BALANCE_INQ | SEQ=901985 | CARD=************2345 | STATUS=APPROVED
2026-06-06 08:47:36 | ATM-001 | TID001 | TXN | MINI_STATEMENT | SEQ=391772 | CARD=************5678 | STATUS=APPROVED
2026-06-06 08:47:48 | ATM-001 | TID001 | TXN | MINI_STATEMENT | SEQ=561787 | CARD=************6789 | STATUS=DECLINED
2026-06-06 08:48:08 | ATM-001 | TID001 | TXN | WITHDRAWAL | SEQ=594945 | CARD=************4567 | AMOUNT=100.00 | CURRENCY=ETB | STATUS=DECLINED
2026-06-06 08:48:16 | ATM-001 | TID001 | TXN | MINI_STATEMENT | SEQ=766110 | CARD=************8901 | STATUS=APPROVED
2026-06-06 08:48:33 | ATM-001 | TID001 | TXN | WITHDRAWAL | SEQ=782508 | CARD=************7890 | AMOUNT=10000.00 | CURRENCY=ETB | STATUS=APPROVED | AUTH=743819
2026-06-06 08:48:49 | ATM-001 | TID001 | TXN | CARDLESS_TXN | SEQ=677065 | CARD=************5678 | STATUS=APPROVED
2026-06-06 08:49:09 | ATM-001 | TID001 | TXN | TRANSFER | SEQ=574787 | CARD=************3456 | AMOUNT=10000.00 | CURRENCY=ETB | STATUS=ERROR
2026-06-06 08:49:18 | ATM-001 | TID001 | TXN | WITHDRAWAL | SEQ=916561 | CARD=************6789 | AMOUNT=1000.00 | CURRENCY=ETB | STATUS=APPROVED | AUTH=579173
2026-06-06 08:49:37 | ATM-001 | TID001 | ERROR | NETWORK_TIMEOUT | CODE=44AA | CASSETTE=2
2026-06-06 08:49:54 | ATM-001 | TID001 | TXN | WITHDRAWAL | SEQ=640127 | CARD=************1234 | AMOUNT=1000.00 | CURRENCY=ETB | STATUS=DECLINED
2026-06-06 08:50:09 | ATM-001 | TID001 | TXN | WITHDRAWAL | SEQ=799154 | CARD=************9012 | AMOUNT=10000.00 | CURRENCY=ETB | STATUS=TIMEOUT
2026-06-06 08:50:20 | ATM-001 | TID001 | TXN | WITHDRAWAL | SEQ=205832 | CARD=************5678 | AMOUNT=100.00 | CURRENCY=ETB | STATUS=APPROVED | AUTH=690849
2026-06-06 08:50:31 | ATM-001 | TID001 | TXN | TRANSFER | SEQ=107110 | CARD=************0123 | AMOUNT=1000.00 | CURRENCY=ETB | STATUS=APPROVED | AUTH=759751
2026-06-06 08:50:51 | ATM-001 | TID001 | TXN | WITHDRAWAL | SEQ=640881 | CARD=************5678 | AMOUNT=2000.00 | CURRENCY=ETB | STATUS=APPROVED | AUTH=256673
2026-06-06 08:50:59 | ATM-001 | TID001 | TXN | WITHDRAWAL | SEQ=635907 | CARD=************3456 | AMOUNT=1000.00 | CURRENCY=ETB | STATUS=ERROR
2026-06-06 08:51:13 | ATM-001 | TID001 | TXN | MINI_STATEMENT | SEQ=864729 | CARD=************7890 | STATUS=APPROVED
2026-06-06 08:51:27 | ATM-001 | TID001 | ERROR | NETWORK_TIMEOUT | CODE=44AA | CASSETTE=4
2026-06-06 08:51:39 | ATM-001 | TID001 | TXN | BALANCE_INQ | SEQ=843083 | CARD=************0123 | STATUS=APPROVED
2026-06-06 08:51:55 | ATM-001 | TID001 | TXN | BALANCE_INQ | SEQ=798198 | CARD=************5678 | STATUS=ERROR
2026-06-06 08:52:06 | ATM-001 | TID001 | TXN | BALANCE_INQ | SEQ=577945 | CARD=************3456 | STATUS=APPROVED
2026-06-06 08:52:14 | ATM-001 | TID001 | TXN | WITHDRAWAL | SEQ=260206 | CARD=************6789 | AMOUNT=1000.00 | CURRENCY=ETB | STATUS=APPROVED | AUTH=895961
2026-06-06 08:52:31 | ATM-001 | TID001 | TXN | WITHDRAWAL | SEQ=873016 | CARD=************4567 | AMOUNT=10000.00 | CURRENCY=ETB | STATUS=TIMEOUT
2026-06-06 08:52:47 | ATM-001 | TID001 | TXN | WITHDRAWAL | SEQ=684506 | CARD=************5678 | AMOUNT=200.00 | CURRENCY=ETB | STATUS=DECLINED
2026-06-06 08:52:56 | ATM-001 | TID001 | TXN | BALANCE_INQ | SEQ=329304 | CARD=************9012 | STATUS=APPROVED
2026-06-06 08:53:13 | ATM-001 | TID001 | TXN | WITHDRAWAL | SEQ=143677 | CARD=************5678 | AMOUNT=2000.00 | CURRENCY=ETB | STATUS=APPROVED | AUTH=389279
2026-06-06 08:53:30 | ATM-001 | TID001 | TXN | WITHDRAWAL | SEQ=824701 | CARD=************3456 | AMOUNT=5000.00 | CURRENCY=ETB | STATUS=APPROVED | AUTH=717743
2026-06-06 08:53:44 | ATM-001 | TID001 | TXN | MINI_STATEMENT | SEQ=871616 | CARD=************3456 | STATUS=APPROVED
2026-06-06 08:54:02 | ATM-001 | TID001 | TXN | WITHDRAWAL | SEQ=289219 | CARD=************0123 | AMOUNT=10000.00 | CURRENCY=ETB | STATUS=DECLINED
2026-06-06 08:54:20 | ATM-001 | TID001 | TXN | TRANSFER | SEQ=822462 | CARD=************8901 | AMOUNT=10000.00 | CURRENCY=ETB | STATUS=APPROVED | AUTH=223831
2026-06-06 08:54:39 | ATM-001 | TID001 | TXN | TRANSFER | SEQ=182502 | CARD=************8901 | AMOUNT=500.00 | CURRENCY=ETB | STATUS=ERROR
2026-06-06 08:54:57 | ATM-001 | TID001 | TXN | BALANCE_INQ | SEQ=550381 | CARD=************9012 | STATUS=APPROVED
2026-06-06 08:55:10 | ATM-001 | TID001 | TXN | CARDLESS_TXN | SEQ=653930 | CARD=************7890 | STATUS=APPROVED
2026-06-06 08:55:20 | ATM-001 | TID001 | TXN | BALANCE_INQ | SEQ=837857 | CARD=************7890 | STATUS=APPROVED
2026-06-06 08:55:37 | ATM-001 | TID001 | TXN | MINI_STATEMENT | SEQ=659199 | CARD=************1234 | STATUS=APPROVED
2026-06-06 08:55:53 | ATM-001 | TID001 | TXN | TRANSFER | SEQ=186436 | CARD=************3456 | AMOUNT=500.00 | CURRENCY=ETB | STATUS=APPROVED | AUTH=831074
2026-06-06 08:56:07 | ATM-001 | TID001 | TXN | BALANCE_INQ | SEQ=351136 | CARD=************9012 | STATUS=APPROVED
2026-06-06 08:56:16 | ATM-001 | TID001 | TXN | BALANCE_INQ | SEQ=203880 | CARD=************3456 | STATUS=ERROR
2026-06-06 08:56:28 | ATM-001 | TID001 | TXN | BALANCE_INQ | SEQ=586543 | CARD=************3456 | STATUS=APPROVED
2026-06-06 08:56:40 | ATM-001 | TID001 | TXN | WITHDRAWAL | SEQ=328645 | CARD=************5678 | AMOUNT=200.00 | CURRENCY=ETB | STATUS=APPROVED | AUTH=754863
2026-06-06 08:56:59 | ATM-001 | TID001 | TXN | BALANCE_INQ | SEQ=612493 | CARD=************5678 | STATUS=APPROVED
2026-06-06 08:57:19 | ATM-001 | TID001 | TXN | WITHDRAWAL | SEQ=318778 | CARD=************0123 | AMOUNT=500.00 | CURRENCY=ETB | STATUS=DECLINED
2026-06-06 08:57:38 | ATM-001 | TID001 | TXN | WITHDRAWAL | SEQ=741540 | CARD=************9012 | AMOUNT=100.00 | CURRENCY=ETB | STATUS=APPROVED | AUTH=265630
2026-06-06 08:57:49 | ATM-001 | TID001 | TXN | TRANSFER | SEQ=941531 | CARD=************5678 | AMOUNT=5000.00 | CURRENCY=ETB | STATUS=APPROVED | AUTH=409915
2026-06-06 08:58:03 | ATM-001 | TID001 | TXN | BALANCE_INQ | SEQ=954967 | CARD=************6789 | STATUS=APPROVED
2026-06-06 08:58:21 | ATM-001 | TID001 | TXN | WITHDRAWAL | SEQ=868006 | CARD=************8901 | AMOUNT=1000.00 | CURRENCY=ETB | STATUS=APPROVED | AUTH=319210
2026-06-06 08:58:39 | ATM-001 | TID001 | TXN | WITHDRAWAL | SEQ=744509 | CARD=************4567 | AMOUNT=100.00 | CURRENCY=ETB | STATUS=APPROVED | AUTH=322252
2026-06-06 08:58:58 | ATM-001 | TID001 | TXN | WITHDRAWAL | SEQ=262855 | CARD=************0123 | AMOUNT=5000.00 | CURRENCY=ETB | STATUS=APPROVED | AUTH=900311
2026-06-06 08:59:12 | ATM-001 | TID001 | ERROR | CASH_JAM_CASSETTE | CODE=3A7F | CASSETTE=1
2026-06-06 08:59:22 | ATM-001 | TID001 | TXN | WITHDRAWAL | SEQ=428946 | CARD=************2345 | AMOUNT=500.00 | CURRENCY=ETB | STATUS=APPROVED | AUTH=658382
2026-06-06 08:59:37 | ATM-001 | TID001 | TXN | BALANCE_INQ | SEQ=284218 | CARD=************4567 | STATUS=APPROVED
2026-06-06 08:59:46 | ATM-001 | TID001 | TXN | WITHDRAWAL | SEQ=144684 | CARD=************5678 | AMOUNT=200.00 | CURRENCY=ETB | STATUS=APPROVED | AUTH=442375
2026-06-06 09:00:02 | ATM-001 | TID001 | TXN | MINI_STATEMENT | SEQ=263543 | CARD=************9012 | STATUS=APPROVED
2026-06-06 09:00:12 | ATM-001 | TID001 | TXN | TRANSFER | SEQ=703309 | CARD=************3456 | AMOUNT=2000.00 | CURRENCY=ETB | STATUS=APPROVED | AUTH=491745
2026-06-06 09:00:25 | ATM-001 | TID001 | TXN | WITHDRAWAL | SEQ=465635 | CARD=************4567 | AMOUNT=500.00 | CURRENCY=ETB | STATUS=APPROVED | AUTH=824497
2026-06-06 09:00:34 | ATM-001 | TID001 | TXN | WITHDRAWAL | SEQ=812660 | CARD=************9012 | AMOUNT=200.00 | CURRENCY=ETB | STATUS=APPROVED | AUTH=656042
2026-06-06 09:00:47 | ATM-001 | TID001 | TXN | BALANCE_INQ | SEQ=481070 | CARD=************3456 | STATUS=APPROVED
2026-06-06 09:01:04 | ATM-001 | TID001 | TXN | WITHDRAWAL | SEQ=435168 | CARD=************1234 | AMOUNT=100.00 | CURRENCY=ETB | STATUS=DECLINED
2026-06-06 09:01:21 | ATM-001 | TID001 | TXN | MINI_STATEMENT | SEQ=432732 | CARD=************6789 | STATUS=APPROVED
2026-06-06 09:01:32 | ATM-001 | TID001 | TXN | BALANCE_INQ | SEQ=527907 | CARD=************7890 | STATUS=APPROVED
2026-06-06 09:01:42 | ATM-001 | TID001 | TXN | WITHDRAWAL | SEQ=916664 | CARD=************3456 | AMOUNT=1000.00 | CURRENCY=ETB | STATUS=ERROR
2026-06-06 09:01:51 | ATM-001 | TID001 | ERROR | CASH_JAM_CASSETTE | CODE=3A7F | CASSETTE=4
2026-06-06 09:02:00 | ATM-001 | TID001 | TXN | WITHDRAWAL | SEQ=837373 | CARD=************2345 | AMOUNT=5000.00 | CURRENCY=ETB | STATUS=APPROVED | AUTH=906516
2026-06-06 09:02:20 | ATM-001 | TID001 | ERROR | NETWORK_TIMEOUT | CODE=44AA | CASSETTE=1
2026-06-06 09:02:35 | ATM-001 | TID001 | TXN | BALANCE_INQ | SEQ=267870 | CARD=************2345 | STATUS=APPROVED
2026-06-06 09:02:45 | ATM-001 | TID001 | TXN | WITHDRAWAL | SEQ=362557 | CARD=************0123 | AMOUNT=500.00 | CURRENCY=ETB | STATUS=DECLINED
2026-06-06 09:03:02 | ATM-001 | TID001 | TXN | WITHDRAWAL | SEQ=842804 | CARD=************5678 | AMOUNT=100.00 | CURRENCY=ETB | STATUS=APPROVED | AUTH=776440
2026-06-06 09:03:15 | ATM-001 | TID001 | TXN | WITHDRAWAL | SEQ=524285 | CARD=************5678 | AMOUNT=500.00 | CURRENCY=ETB | STATUS=APPROVED | AUTH=998014
2026-06-06 09:03:26 | ATM-001 | TID001 | TXN | BALANCE_INQ | SEQ=326768 | CARD=************2345 | STATUS=APPROVED
2026-06-06 09:03:42 | ATM-001 | TID001 | TXN | TRANSFER | SEQ=560441 | CARD=************9012 | AMOUNT=1000.00 | CURRENCY=ETB | STATUS=APPROVED | AUTH=896811
2026-06-06 09:03:55 | ATM-001 | TID001 | TXN | WITHDRAWAL | SEQ=121465 | CARD=************4567 | AMOUNT=100.00 | CURRENCY=ETB | STATUS=APPROVED | AUTH=564338
2026-06-06 09:04:05 | ATM-001 | TID001 | TXN | MINI_STATEMENT | SEQ=344367 | CARD=************0123 | STATUS=APPROVED
2026-06-06 09:04:15 | ATM-001 | TID001 | TXN | WITHDRAWAL | SEQ=643396 | CARD=************0123 | AMOUNT=500.00 | CURRENCY=ETB | STATUS=APPROVED | AUTH=300233
2026-06-06 09:04:30 | ATM-001 | TID001 | TXN | WITHDRAWAL | SEQ=580826 | CARD=************3456 | AMOUNT=100.00 | CURRENCY=ETB | STATUS=APPROVED | AUTH=445573
2026-06-06 09:04:40 | ATM-001 | TID001 | ERROR | CARD_READ_ERROR | CODE=B2C1 | CASSETTE=1
2026-06-06 09:04:57 | ATM-001 | TID001 | TXN | WITHDRAWAL | SEQ=314126 | CARD=************2345 | AMOUNT=100.00 | CURRENCY=ETB | STATUS=APPROVED | AUTH=796688
2026-06-06 09:05:09 | ATM-001 | TID001 | TXN | BALANCE_INQ | SEQ=884030 | CARD=************9012 | STATUS=DECLINED
2026-06-06 09:05:22 | ATM-001 | TID001 | TXN | WITHDRAWAL | SEQ=507384 | CARD=************3456 | AMOUNT=5000.00 | CURRENCY=ETB | STATUS=APPROVED | AUTH=373088
2026-06-06 09:05:33 | ATM-001 | TID001 | TXN | MINI_STATEMENT | SEQ=589156 | CARD=************2345 | STATUS=APPROVED
2026-06-06 09:05:42 | ATM-001 | TID001 | TXN | WITHDRAWAL | SEQ=543005 | CARD=************0123 | AMOUNT=10000.00 | CURRENCY=ETB | STATUS=APPROVED | AUTH=755006
2026-06-06 09:05:59 | ATM-001 | TID001 | TXN | TRANSFER | SEQ=159472 | CARD=************4567 | AMOUNT=10000.00 | CURRENCY=ETB | STATUS=APPROVED | AUTH=752583
2026-06-06 09:06:14 | ATM-001 | TID001 | TXN | TRANSFER | SEQ=458442 | CARD=************3456 | AMOUNT=1000.00 | CURRENCY=ETB | STATUS=TIMEOUT
2026-06-06 09:06:23 | ATM-001 | TID001 | TXN | WITHDRAWAL | SEQ=126555 | CARD=************4567 | AMOUNT=100.00 | CURRENCY=ETB | STATUS=APPROVED | AUTH=921023
2026-06-06 09:06:40 | ATM-001 | TID001 | TXN | BALANCE_INQ | SEQ=831095 | CARD=************6789 | STATUS=APPROVED
2026-06-06 09:06:53 | ATM-001 | TID001 | TXN | BALANCE_INQ | SEQ=435154 | CARD=************2345 | STATUS=APPROVED
2026-06-06 09:07:05 | ATM-001 | TID001 | TXN | BALANCE_INQ | SEQ=826385 | CARD=************2345 | STATUS=APPROVED
2026-06-05 16:27:22 | ATM-001 | TID001 | TXN | WITHDRAWAL | SEQ=305239 | CARD=************4567 | AMOUNT=500.00 | CURRENCY=ETB | STATUS=APPROVED | AUTH=469108
2026-06-05 16:30:15 | ATM-001 | TID001 | TXN | WITHDRAWAL | SEQ=920189 | CARD=************6789 | AMOUNT=100.00 | CURRENCY=ETB | STATUS=APPROVED | AUTH=790254
2026-06-05 16:33:07 | ATM-001 | TID001 | TXN | WITHDRAWAL | SEQ=364596 | CARD=************1234 | AMOUNT=2000.00 | CURRENCY=ETB | STATUS=APPROVED | AUTH=890604
2026-06-05 16:36:00 | ATM-001 | TID001 | TXN | WITHDRAWAL | SEQ=285651 | CARD=************2345 | AMOUNT=200.00 | CURRENCY=ETB | STATUS=APPROVED | AUTH=350796
2026-06-05 16:38:53 | ATM-001 | TID001 | TXN | WITHDRAWAL | SEQ=738097 | CARD=************0123 | AMOUNT=1000.00 | CURRENCY=ETB | STATUS=APPROVED | AUTH=899859
2026-06-05 16:41:46 | ATM-001 | TID001 | TXN | WITHDRAWAL | SEQ=328824 | CARD=************0123 | AMOUNT=500.00 | CURRENCY=ETB | STATUS=TIMEOUT
2026-06-05 16:44:39 | ATM-001 | TID001 | TXN | WITHDRAWAL | SEQ=693673 | CARD=************9012 | AMOUNT=500.00 | CURRENCY=ETB | STATUS=TIMEOUT
2026-06-05 16:47:31 | ATM-001 | TID001 | TXN | WITHDRAWAL | SEQ=170426 | CARD=************2345 | AMOUNT=1000.00 | CURRENCY=ETB | STATUS=APPROVED | AUTH=661735
2026-06-05 16:50:24 | ATM-001 | TID001 | TXN | WITHDRAWAL | SEQ=261620 | CARD=************6789 | AMOUNT=5000.00 | CURRENCY=ETB | STATUS=APPROVED | AUTH=647950
2026-06-05 16:53:17 | ATM-001 | TID001 | TXN | WITHDRAWAL | SEQ=728289 | CARD=************2345 | AMOUNT=5000.00 | CURRENCY=ETB | STATUS=APPROVED | AUTH=115463
2026-06-05 16:56:10 | ATM-001 | TID001 | TXN | WITHDRAWAL | SEQ=794830 | CARD=************6789 | AMOUNT=100.00 | CURRENCY=ETB | STATUS=APPROVED | AUTH=232926
2026-06-05 16:59:03 | ATM-001 | TID001 | TXN | WITHDRAWAL | SEQ=416142 | CARD=************7890 | AMOUNT=200.00 | CURRENCY=ETB | STATUS=APPROVED | AUTH=518890
2026-06-05 17:01:55 | ATM-001 | TID001 | TXN | WITHDRAWAL | SEQ=681815 | CARD=************7890 | AMOUNT=5000.00 | CURRENCY=ETB | STATUS=APPROVED | AUTH=758289
2026-06-05 17:04:48 | ATM-001 | TID001 | TXN | WITHDRAWAL | SEQ=527735 | CARD=************1234 | AMOUNT=500.00 | CURRENCY=ETB | STATUS=APPROVED | AUTH=884052
2026-06-05 17:07:41 | ATM-001 | TID001 | TXN | WITHDRAWAL | SEQ=978573 | CARD=************1234 | AMOUNT=2000.00 | CURRENCY=ETB | STATUS=APPROVED | AUTH=927746
2026-06-05 17:10:34 | ATM-001 | TID001 | TXN | WITHDRAWAL | SEQ=610205 | CARD=************1234 | AMOUNT=2000.00 | CURRENCY=ETB | STATUS=APPROVED | AUTH=761206
2026-06-05 17:13:27 | ATM-001 | TID001 | TXN | WITHDRAWAL | SEQ=955727 | CARD=************8901 | AMOUNT=100.00 | CURRENCY=ETB | STATUS=APPROVED | AUTH=238008
2026-06-05 17:16:19 | ATM-001 | TID001 | TXN | WITHDRAWAL | SEQ=887733 | CARD=************7890 | AMOUNT=2000.00 | CURRENCY=ETB | STATUS=APPROVED | AUTH=468676
2026-06-05 17:19:12 | ATM-001 | TID001 | TXN | WITHDRAWAL | SEQ=467080 | CARD=************8901 | AMOUNT=200.00 | CURRENCY=ETB | STATUS=APPROVED | AUTH=120091
2026-06-05 17:22:05 | ATM-001 | TID001 | TXN | WITHDRAWAL | SEQ=586028 | CARD=************8901 | AMOUNT=200.00 | CURRENCY=ETB | STATUS=APPROVED | AUTH=386068
2026-06-05 17:24:58 | ATM-001 | TID001 | TXN | WITHDRAWAL | SEQ=894072 | CARD=************2345 | AMOUNT=100.00 | CURRENCY=ETB | STATUS=APPROVED | AUTH=578787
2026-06-05 17:27:51 | ATM-001 | TID001 | TXN | WITHDRAWAL | SEQ=743999 | CARD=************9012 | AMOUNT=200.00 | CURRENCY=ETB | STATUS=APPROVED | AUTH=621462
2026-06-05 17:30:43 | ATM-001 | TID001 | TXN | WITHDRAWAL | SEQ=788045 | CARD=************8901 | AMOUNT=200.00 | CURRENCY=ETB | STATUS=APPROVED | AUTH=557197
2026-06-05 17:33:36 | ATM-001 | TID001 | TXN | WITHDRAWAL | SEQ=569689 | CARD=************8901 | AMOUNT=500.00 | CURRENCY=ETB | STATUS=TIMEOUT
2026-06-05 17:36:29 | ATM-001 | TID001 | TXN | WITHDRAWAL | SEQ=976614 | CARD=************1234 | AMOUNT=500.00 | CURRENCY=ETB | STATUS=APPROVED | AUTH=766716
2026-06-05 17:39:22 | ATM-001 | TID001 | TXN | WITHDRAWAL | SEQ=276378 | CARD=************2345 | AMOUNT=1000.00 | CURRENCY=ETB | STATUS=APPROVED | AUTH=866129
2026-06-05 17:42:15 | ATM-001 | TID001 | TXN | WITHDRAWAL | SEQ=121765 | CARD=************5678 | AMOUNT=2000.00 | CURRENCY=ETB | STATUS=TIMEOUT
2026-06-05 17:45:07 | ATM-001 | TID001 | TXN | WITHDRAWAL | SEQ=119583 | CARD=************7890 | AMOUNT=500.00 | CURRENCY=ETB | STATUS=APPROVED | AUTH=735767
2026-06-05 17:48:00 | ATM-001 | TID001 | TXN | WITHDRAWAL | SEQ=915438 | CARD=************4567 | AMOUNT=1000.00 | CURRENCY=ETB | STATUS=APPROVED | AUTH=507625
2026-06-05 17:50:53 | ATM-001 | TID001 | TXN | WITHDRAWAL | SEQ=197495 | CARD=************6789 | AMOUNT=5000.00 | CURRENCY=ETB | STATUS=APPROVED | AUTH=178819
2026-06-05 17:53:46 | ATM-001 | TID001 | TXN | WITHDRAWAL | SEQ=134171 | CARD=************5678 | AMOUNT=500.00 | CURRENCY=ETB | STATUS=APPROVED | AUTH=718783
2026-06-05 17:56:39 | ATM-001 | TID001 | TXN | WITHDRAWAL | SEQ=103779 | CARD=************1234 | AMOUNT=200.00 | CURRENCY=ETB | STATUS=APPROVED | AUTH=582547
2026-06-05 17:59:31 | ATM-001 | TID001 | TXN | WITHDRAWAL | SEQ=724052 | CARD=************3456 | AMOUNT=5000.00 | CURRENCY=ETB | STATUS=TIMEOUT
2026-06-05 18:02:24 | ATM-001 | TID001 | TXN | WITHDRAWAL | SEQ=758570 | CARD=************5678 | AMOUNT=100.00 | CURRENCY=ETB | STATUS=APPROVED | AUTH=572103
2026-06-05 18:05:17 | ATM-001 | TID001 | TXN | WITHDRAWAL | SEQ=535883 | CARD=************2345 | AMOUNT=200.00 | CURRENCY=ETB | STATUS=APPROVED | AUTH=734222
2026-06-05 18:08:10 | ATM-001 | TID001 | TXN | WITHDRAWAL | SEQ=525465 | CARD=************2345 | AMOUNT=200.00 | CURRENCY=ETB | STATUS=APPROVED | AUTH=763910
2026-06-05 18:11:03 | ATM-001 | TID001 | TXN | WITHDRAWAL | SEQ=674875 | CARD=************4567 | AMOUNT=1000.00 | CURRENCY=ETB | STATUS=APPROVED | AUTH=754263
2026-06-05 18:13:55 | ATM-001 | TID001 | TXN | WITHDRAWAL | SEQ=364104 | CARD=************0123 | AMOUNT=2000.00 | CURRENCY=ETB | STATUS=APPROVED | AUTH=377908
2026-06-05 18:16:48 | ATM-001 | TID001 | TXN | WITHDRAWAL | SEQ=480420 | CARD=************1234 | AMOUNT=1000.00 | CURRENCY=ETB | STATUS=APPROVED | AUTH=241300
2026-06-05 18:19:41 | ATM-001 | TID001 | TXN | WITHDRAWAL | SEQ=301955 | CARD=************3456 | AMOUNT=2000.00 | CURRENCY=ETB | STATUS=APPROVED | AUTH=271601
2026-06-05 18:22:34 | ATM-001 | TID001 | TXN | WITHDRAWAL | SEQ=893769 | CARD=************5678 | AMOUNT=1000.00 | CURRENCY=ETB | STATUS=DECLINED
2026-06-05 18:25:27 | ATM-001 | TID001 | TXN | WITHDRAWAL | SEQ=671887 | CARD=************5678 | AMOUNT=1000.00 | CURRENCY=ETB | STATUS=APPROVED | AUTH=176825
2026-06-05 18:28:19 | ATM-001 | TID001 | TXN | WITHDRAWAL | SEQ=595349 | CARD=************3456 | AMOUNT=1000.00 | CURRENCY=ETB | STATUS=APPROVED | AUTH=388897
2026-06-05 18:31:12 | ATM-001 | TID001 | TXN | WITHDRAWAL | SEQ=768812 | CARD=************8901 | AMOUNT=100.00 | CURRENCY=ETB | STATUS=DECLINED
2026-06-05 18:34:05 | ATM-001 | TID001 | TXN | WITHDRAWAL | SEQ=977377 | CARD=************7890 | AMOUNT=100.00 | CURRENCY=ETB | STATUS=APPROVED | AUTH=401127
2026-06-05 18:36:58 | ATM-001 | TID001 | TXN | WITHDRAWAL | SEQ=461556 | CARD=************4567 | AMOUNT=500.00 | CURRENCY=ETB | STATUS=APPROVED | AUTH=749633
2026-06-05 18:39:51 | ATM-001 | TID001 | TXN | WITHDRAWAL | SEQ=913057 | CARD=************5678 | AMOUNT=500.00 | CURRENCY=ETB | STATUS=APPROVED | AUTH=383752
2026-06-05 18:42:43 | ATM-001 | TID001 | TXN | WITHDRAWAL | SEQ=396121 | CARD=************9012 | AMOUNT=200.00 | CURRENCY=ETB | STATUS=APPROVED | AUTH=140908
2026-06-05 18:45:36 | ATM-001 | TID001 | TXN | WITHDRAWAL | SEQ=122973 | CARD=************9012 | AMOUNT=100.00 | CURRENCY=ETB | STATUS=APPROVED | AUTH=993971
2026-06-05 18:48:29 | ATM-001 | TID001 | TXN | WITHDRAWAL | SEQ=969171 | CARD=************6789 | AMOUNT=200.00 | CURRENCY=ETB | STATUS=APPROVED | AUTH=445586
2026-06-05 18:51:22 | ATM-001 | TID001 | TXN | WITHDRAWAL | SEQ=521356 | CARD=************7890 | AMOUNT=1000.00 | CURRENCY=ETB | STATUS=APPROVED | AUTH=922578
2026-06-05 18:54:15 | ATM-001 | TID001 | TXN | WITHDRAWAL | SEQ=717924 | CARD=************7890 | AMOUNT=2000.00 | CURRENCY=ETB | STATUS=APPROVED | AUTH=853563
2026-06-05 18:57:07 | ATM-001 | TID001 | TXN | WITHDRAWAL | SEQ=789527 | CARD=************8901 | AMOUNT=500.00 | CURRENCY=ETB | STATUS=APPROVED | AUTH=794605
2026-06-05 19:00:00 | ATM-001 | TID001 | TXN | WITHDRAWAL | SEQ=875736 | CARD=************3456 | AMOUNT=200.00 | CURRENCY=ETB | STATUS=APPROVED | AUTH=860072
2026-06-05 19:02:53 | ATM-001 | TID001 | TXN | WITHDRAWAL | SEQ=527381 | CARD=************0123 | AMOUNT=1000.00 | CURRENCY=ETB | STATUS=APPROVED | AUTH=277257
2026-06-05 19:05:46 | ATM-001 | TID001 | TXN | WITHDRAWAL | SEQ=119433 | CARD=************2345 | AMOUNT=5000.00 | CURRENCY=ETB | STATUS=APPROVED | AUTH=667365
2026-06-05 19:08:39 | ATM-001 | TID001 | TXN | WITHDRAWAL | SEQ=861741 | CARD=************3456 | AMOUNT=200.00 | CURRENCY=ETB | STATUS=APPROVED | AUTH=344216
2026-06-05 19:11:31 | ATM-001 | TID001 | TXN | WITHDRAWAL | SEQ=975323 | CARD=************3456 | AMOUNT=5000.00 | CURRENCY=ETB | STATUS=APPROVED | AUTH=573563
2026-06-05 19:14:24 | ATM-001 | TID001 | TXN | WITHDRAWAL | SEQ=465972 | CARD=************6789 | AMOUNT=1000.00 | CURRENCY=ETB | STATUS=APPROVED | AUTH=781076
2026-06-05 19:17:17 | ATM-001 | TID001 | TXN | WITHDRAWAL | SEQ=938693 | CARD=************5678 | AMOUNT=2000.00 | CURRENCY=ETB | STATUS=APPROVED | AUTH=416221
2026-06-05 19:20:10 | ATM-001 | TID001 | TXN | WITHDRAWAL | SEQ=753597 | CARD=************8901 | AMOUNT=1000.00 | CURRENCY=ETB | STATUS=APPROVED | AUTH=734871
2026-06-05 19:23:03 | ATM-001 | TID001 | TXN | WITHDRAWAL | SEQ=420865 | CARD=************6789 | AMOUNT=500.00 | CURRENCY=ETB | STATUS=DECLINED
2026-06-05 19:25:55 | ATM-001 | TID001 | TXN | WITHDRAWAL | SEQ=602737 | CARD=************9012 | AMOUNT=2000.00 | CURRENCY=ETB | STATUS=APPROVED | AUTH=597867
2026-06-05 19:28:48 | ATM-001 | TID001 | TXN | WITHDRAWAL | SEQ=383668 | CARD=************7890 | AMOUNT=100.00 | CURRENCY=ETB | STATUS=DECLINED
2026-06-05 19:31:41 | ATM-001 | TID001 | TXN | WITHDRAWAL | SEQ=978896 | CARD=************4567 | AMOUNT=5000.00 | CURRENCY=ETB | STATUS=DECLINED
2026-06-05 19:34:34 | ATM-001 | TID001 | TXN | WITHDRAWAL | SEQ=479621 | CARD=************8901 | AMOUNT=2000.00 | CURRENCY=ETB | STATUS=APPROVED | AUTH=994576
2026-06-05 19:37:27 | ATM-001 | TID001 | TXN | WITHDRAWAL | SEQ=999260 | CARD=************3456 | AMOUNT=200.00 | CURRENCY=ETB | STATUS=APPROVED | AUTH=574299
2026-06-05 19:40:19 | ATM-001 | TID001 | TXN | WITHDRAWAL | SEQ=861735 | CARD=************7890 | AMOUNT=100.00 | CURRENCY=ETB | STATUS=APPROVED | AUTH=677544
2026-06-05 19:43:12 | ATM-001 | TID001 | TXN | WITHDRAWAL | SEQ=107699 | CARD=************9012 | AMOUNT=200.00 | CURRENCY=ETB | STATUS=APPROVED | AUTH=927070
2026-06-05 19:46:05 | ATM-001 | TID001 | TXN | WITHDRAWAL | SEQ=673956 | CARD=************4567 | AMOUNT=200.00 | CURRENCY=ETB | STATUS=APPROVED | AUTH=122142
2026-06-05 19:48:58 | ATM-001 | TID001 | TXN | WITHDRAWAL | SEQ=852882 | CARD=************0123 | AMOUNT=200.00 | CURRENCY=ETB | STATUS=APPROVED | AUTH=887883
2026-06-05 19:51:51 | ATM-001 | TID001 | TXN | WITHDRAWAL | SEQ=462904 | CARD=************8901 | AMOUNT=100.00 | CURRENCY=ETB | STATUS=APPROVED | AUTH=492577
2026-06-05 19:54:43 | ATM-001 | TID001 | TXN | WITHDRAWAL | SEQ=488512 | CARD=************4567 | AMOUNT=1000.00 | CURRENCY=ETB | STATUS=APPROVED | AUTH=234764
2026-06-05 19:57:36 | ATM-001 | TID001 | TXN | WITHDRAWAL | SEQ=243912 | CARD=************6789 | AMOUNT=100.00 | CURRENCY=ETB | STATUS=DECLINED
2026-06-05 20:00:29 | ATM-001 | TID001 | TXN | WITHDRAWAL | SEQ=447433 | CARD=************7890 | AMOUNT=200.00 | CURRENCY=ETB | STATUS=APPROVED | AUTH=362096
2026-06-05 20:03:22 | ATM-001 | TID001 | TXN | WITHDRAWAL | SEQ=763727 | CARD=************6789 | AMOUNT=200.00 | CURRENCY=ETB | STATUS=APPROVED | AUTH=594499
2026-06-05 20:06:15 | ATM-001 | TID001 | TXN | WITHDRAWAL | SEQ=945281 | CARD=************5678 | AMOUNT=5000.00 | CURRENCY=ETB | STATUS=APPROVED | AUTH=204464
2026-06-05 20:09:07 | ATM-001 | TID001 | TXN | WITHDRAWAL | SEQ=589912 | CARD=************4567 | AMOUNT=1000.00 | CURRENCY=ETB | STATUS=APPROVED | AUTH=445619
2026-06-05 20:12:00 | ATM-001 | TID001 | TXN | WITHDRAWAL | SEQ=624018 | CARD=************5678 | AMOUNT=2000.00 | CURRENCY=ETB | STATUS=APPROVED | AUTH=840280
2026-06-05 20:14:53 | ATM-001 | TID001 | TXN | WITHDRAWAL | SEQ=814177 | CARD=************4567 | AMOUNT=200.00 | CURRENCY=ETB | STATUS=TIMEOUT
2026-06-05 20:17:46 | ATM-001 | TID001 | TXN | WITHDRAWAL | SEQ=781327 | CARD=************3456 | AMOUNT=500.00 | CURRENCY=ETB | STATUS=APPROVED | AUTH=610643
2026-06-05 20:20:39 | ATM-001 | TID001 | TXN | WITHDRAWAL | SEQ=418923 | CARD=************1234 | AMOUNT=200.00 | CURRENCY=ETB | STATUS=APPROVED | AUTH=641760
2026-06-05 20:23:31 | ATM-001 | TID001 | TXN | WITHDRAWAL | SEQ=681377 | CARD=************8901 | AMOUNT=2000.00 | CURRENCY=ETB | STATUS=APPROVED | AUTH=939831
2026-06-05 20:26:24 | ATM-001 | TID001 | TXN | WITHDRAWAL | SEQ=769732 | CARD=************3456 | AMOUNT=100.00 | CURRENCY=ETB | STATUS=APPROVED | AUTH=875685
2026-06-05 20:29:17 | ATM-001 | TID001 | TXN | WITHDRAWAL | SEQ=583499 | CARD=************9012 | AMOUNT=5000.00 | CURRENCY=ETB | STATUS=APPROVED | AUTH=737263
2026-06-05 20:32:10 | ATM-001 | TID001 | TXN | WITHDRAWAL | SEQ=340134 | CARD=************9012 | AMOUNT=100.00 | CURRENCY=ETB | STATUS=APPROVED | AUTH=278717
2026-06-05 20:35:03 | ATM-001 | TID001 | TXN | WITHDRAWAL | SEQ=663413 | CARD=************3456 | AMOUNT=200.00 | CURRENCY=ETB | STATUS=APPROVED | AUTH=752334
2026-06-05 20:37:55 | ATM-001 | TID001 | TXN | WITHDRAWAL | SEQ=938361 | CARD=************8901 | AMOUNT=500.00 | CURRENCY=ETB | STATUS=DECLINED
2026-06-05 20:40:48 | ATM-001 | TID001 | TXN | WITHDRAWAL | SEQ=135422 | CARD=************6789 | AMOUNT=1000.00 | CURRENCY=ETB | STATUS=APPROVED | AUTH=187481
2026-06-05 20:43:41 | ATM-001 | TID001 | TXN | WITHDRAWAL | SEQ=942717 | CARD=************7890 | AMOUNT=500.00 | CURRENCY=ETB | STATUS=APPROVED | AUTH=464794
2026-06-05 20:46:34 | ATM-001 | TID001 | TXN | WITHDRAWAL | SEQ=141574 | CARD=************7890 | AMOUNT=500.00 | CURRENCY=ETB | STATUS=APPROVED | AUTH=835187
2026-06-05 20:49:27 | ATM-001 | TID001 | TXN | WITHDRAWAL | SEQ=547836 | CARD=************3456 | AMOUNT=500.00 | CURRENCY=ETB | STATUS=APPROVED | AUTH=325019
2026-06-05 20:52:19 | ATM-001 | TID001 | TXN | WITHDRAWAL | SEQ=369382 | CARD=************6789 | AMOUNT=200.00 | CURRENCY=ETB | STATUS=APPROVED | AUTH=552283
2026-06-05 20:55:12 | ATM-001 | TID001 | TXN | WITHDRAWAL | SEQ=479793 | CARD=************1234 | AMOUNT=100.00 | CURRENCY=ETB | STATUS=APPROVED | AUTH=545540
2026-06-05 20:58:05 | ATM-001 | TID001 | TXN | WITHDRAWAL | SEQ=155381 | CARD=************7890 | AMOUNT=200.00 | CURRENCY=ETB | STATUS=APPROVED | AUTH=965862
2026-06-05 21:00:58 | ATM-001 | TID001 | TXN | WITHDRAWAL | SEQ=651328 | CARD=************4567 | AMOUNT=100.00 | CURRENCY=ETB | STATUS=APPROVED | AUTH=757767
2026-06-05 21:03:51 | ATM-001 | TID001 | TXN | WITHDRAWAL | SEQ=508542 | CARD=************1234 | AMOUNT=5000.00 | CURRENCY=ETB | STATUS=APPROVED | AUTH=861021
2026-06-05 21:06:43 | ATM-001 | TID001 | TXN | WITHDRAWAL | SEQ=559652 | CARD=************9012 | AMOUNT=200.00 | CURRENCY=ETB | STATUS=APPROVED | AUTH=203054
2026-06-05 21:09:36 | ATM-001 | TID001 | TXN | WITHDRAWAL | SEQ=922844 | CARD=************4567 | AMOUNT=200.00 | CURRENCY=ETB | STATUS=APPROVED | AUTH=121769
2026-06-05 21:12:29 | ATM-001 | TID001 | TXN | WITHDRAWAL | SEQ=622611 | CARD=************9012 | AMOUNT=1000.00 | CURRENCY=ETB | STATUS=APPROVED | AUTH=423676
2026-06-05 21:15:22 | ATM-001 | TID001 | TXN | WITHDRAWAL | SEQ=414134 | CARD=************8901 | AMOUNT=200.00 | CURRENCY=ETB | STATUS=APPROVED | AUTH=107343
2026-06-05 21:18:15 | ATM-001 | TID001 | TXN | WITHDRAWAL | SEQ=582938 | CARD=************9012 | AMOUNT=200.00 | CURRENCY=ETB | STATUS=APPROVED | AUTH=596320
2026-06-05 21:21:07 | ATM-001 | TID001 | TXN | WITHDRAWAL | SEQ=537880 | CARD=************5678 | AMOUNT=1000.00 | CURRENCY=ETB | STATUS=DECLINED
2026-06-05 21:24:00 | ATM-001 | TID001 | TXN | WITHDRAWAL | SEQ=660556 | CARD=************1234 | AMOUNT=100.00 | CURRENCY=ETB | STATUS=DECLINED
2026-06-05 21:26:53 | ATM-001 | TID001 | TXN | WITHDRAWAL | SEQ=830849 | CARD=************1234 | AMOUNT=5000.00 | CURRENCY=ETB | STATUS=APPROVED | AUTH=484835
2026-06-05 21:29:46 | ATM-001 | TID001 | TXN | WITHDRAWAL | SEQ=180219 | CARD=************4567 | AMOUNT=1000.00 | CURRENCY=ETB | STATUS=APPROVED | AUTH=602279
2026-06-05 21:32:39 | ATM-001 | TID001 | TXN | WITHDRAWAL | SEQ=664120 | CARD=************1234 | AMOUNT=100.00 | CURRENCY=ETB | STATUS=DECLINED
2026-06-05 21:35:31 | ATM-001 | TID001 | TXN | WITHDRAWAL | SEQ=889446 | CARD=************3456 | AMOUNT=1000.00 | CURRENCY=ETB | STATUS=APPROVED | AUTH=880277
2026-06-05 21:38:24 | ATM-001 | TID001 | TXN | WITHDRAWAL | SEQ=966194 | CARD=************3456 | AMOUNT=500.00 | CURRENCY=ETB | STATUS=DECLINED
2026-06-05 21:41:17 | ATM-001 | TID001 | TXN | WITHDRAWAL | SEQ=850528 | CARD=************5678 | AMOUNT=500.00 | CURRENCY=ETB | STATUS=DECLINED
2026-06-05 21:44:10 | ATM-001 | TID001 | TXN | WITHDRAWAL | SEQ=870217 | CARD=************7890 | AMOUNT=500.00 | CURRENCY=ETB | STATUS=APPROVED | AUTH=634495
2026-06-05 21:47:03 | ATM-001 | TID001 | TXN | WITHDRAWAL | SEQ=843393 | CARD=************3456 | AMOUNT=100.00 | CURRENCY=ETB | STATUS=DECLINED
2026-06-05 21:49:55 | ATM-001 | TID001 | TXN | WITHDRAWAL | SEQ=857295 | CARD=************3456 | AMOUNT=200.00 | CURRENCY=ETB | STATUS=APPROVED | AUTH=237660
2026-06-05 21:52:48 | ATM-001 | TID001 | TXN | WITHDRAWAL | SEQ=581795 | CARD=************0123 | AMOUNT=2000.00 | CURRENCY=ETB | STATUS=APPROVED | AUTH=588726
2026-06-05 21:55:41 | ATM-001 | TID001 | TXN | WITHDRAWAL | SEQ=704014 | CARD=************4567 | AMOUNT=1000.00 | CURRENCY=ETB | STATUS=APPROVED | AUTH=626671
2026-06-05 21:58:34 | ATM-001 | TID001 | TXN | WITHDRAWAL | SEQ=927373 | CARD=************8901 | AMOUNT=100.00 | CURRENCY=ETB | STATUS=APPROVED | AUTH=642030
2026-06-05 22:01:27 | ATM-001 | TID001 | TXN | WITHDRAWAL | SEQ=510160 | CARD=************3456 | AMOUNT=200.00 | CURRENCY=ETB | STATUS=TIMEOUT
2026-06-05 22:04:19 | ATM-001 | TID001 | TXN | WITHDRAWAL | SEQ=879410 | CARD=************2345 | AMOUNT=200.00 | CURRENCY=ETB | STATUS=APPROVED | AUTH=274842
2026-06-05 22:07:12 | ATM-001 | TID001 | TXN | WITHDRAWAL | SEQ=765531 | CARD=************8901 | AMOUNT=500.00 | CURRENCY=ETB | STATUS=APPROVED | AUTH=737128
2026-06-05 22:10:05 | ATM-001 | TID001 | TXN | WITHDRAWAL | SEQ=824301 | CARD=************1234 | AMOUNT=500.00 | CURRENCY=ETB | STATUS=APPROVED | AUTH=476270
2026-06-05 22:12:58 | ATM-001 | TID001 | TXN | WITHDRAWAL | SEQ=975124 | CARD=************7890 | AMOUNT=2000.00 | CURRENCY=ETB | STATUS=APPROVED | AUTH=387096
2026-06-05 22:15:51 | ATM-001 | TID001 | TXN | WITHDRAWAL | SEQ=316684 | CARD=************6789 | AMOUNT=2000.00 | CURRENCY=ETB | STATUS=APPROVED | AUTH=349032
2026-06-05 22:18:43 | ATM-001 | TID001 | TXN | WITHDRAWAL | SEQ=960724 | CARD=************1234 | AMOUNT=2000.00 | CURRENCY=ETB | STATUS=APPROVED | AUTH=694196
2026-06-05 22:21:36 | ATM-001 | TID001 | TXN | WITHDRAWAL | SEQ=321141 | CARD=************7890 | AMOUNT=5000.00 | CURRENCY=ETB | STATUS=APPROVED | AUTH=565084
2026-06-05 22:24:29 | ATM-001 | TID001 | TXN | WITHDRAWAL | SEQ=898821 | CARD=************4567 | AMOUNT=2000.00 | CURRENCY=ETB | STATUS=APPROVED | AUTH=479045
2026-06-05 22:27:22 | ATM-001 | TID001 | TXN | WITHDRAWAL | SEQ=411989 | CARD=************4567 | AMOUNT=100.00 | CURRENCY=ETB | STATUS=APPROVED | AUTH=578085
2026-06-05 22:30:15 | ATM-001 | TID001 | TXN | WITHDRAWAL | SEQ=359072 | CARD=************5678 | AMOUNT=200.00 | CURRENCY=ETB | STATUS=APPROVED | AUTH=727346
2026-06-05 22:33:07 | ATM-001 | TID001 | TXN | WITHDRAWAL | SEQ=826573 | CARD=************0123 | AMOUNT=2000.00 | CURRENCY=ETB | STATUS=APPROVED | AUTH=432244
2026-06-05 22:36:00 | ATM-001 | TID001 | TXN | WITHDRAWAL | SEQ=977182 | CARD=************7890 | AMOUNT=5000.00 | CURRENCY=ETB | STATUS=APPROVED | AUTH=592914
2026-06-05 22:38:53 | ATM-001 | TID001 | TXN | WITHDRAWAL | SEQ=770079 | CARD=************1234 | AMOUNT=1000.00 | CURRENCY=ETB | STATUS=APPROVED | AUTH=551783
2026-06-05 22:41:46 | ATM-001 | TID001 | TXN | WITHDRAWAL | SEQ=944938 | CARD=************2345 | AMOUNT=200.00 | CURRENCY=ETB | STATUS=APPROVED | AUTH=385628
2026-06-05 22:44:39 | ATM-001 | TID001 | TXN | WITHDRAWAL | SEQ=757368 | CARD=************1234 | AMOUNT=200.00 | CURRENCY=ETB | STATUS=APPROVED | AUTH=574898
2026-06-05 22:47:31 | ATM-001 | TID001 | TXN | WITHDRAWAL | SEQ=659485 | CARD=************7890 | AMOUNT=200.00 | CURRENCY=ETB | STATUS=APPROVED | AUTH=923209
2026-06-05 22:50:24 | ATM-001 | TID001 | TXN | WITHDRAWAL | SEQ=831373 | CARD=************7890 | AMOUNT=1000.00 | CURRENCY=ETB | STATUS=DECLINED
2026-06-05 22:53:17 | ATM-001 | TID001 | TXN | WITHDRAWAL | SEQ=986601 | CARD=************6789 | AMOUNT=200.00 | CURRENCY=ETB | STATUS=APPROVED | AUTH=463185
2026-06-05 22:56:10 | ATM-001 | TID001 | TXN | WITHDRAWAL | SEQ=190582 | CARD=************9012 | AMOUNT=100.00 | CURRENCY=ETB | STATUS=APPROVED | AUTH=692410
2026-06-05 22:59:03 | ATM-001 | TID001 | TXN | WITHDRAWAL | SEQ=789789 | CARD=************2345 | AMOUNT=2000.00 | CURRENCY=ETB | STATUS=APPROVED | AUTH=400742
2026-06-05 23:01:55 | ATM-001 | TID001 | TXN | WITHDRAWAL | SEQ=382749 | CARD=************9012 | AMOUNT=1000.00 | CURRENCY=ETB | STATUS=APPROVED | AUTH=711135
2026-06-05 23:04:48 | ATM-001 | TID001 | TXN | WITHDRAWAL | SEQ=879741 | CARD=************0123 | AMOUNT=200.00 | CURRENCY=ETB | STATUS=APPROVED | AUTH=670708
2026-06-05 23:07:41 | ATM-001 | TID001 | TXN | WITHDRAWAL | SEQ=460061 | CARD=************5678 | AMOUNT=200.00 | CURRENCY=ETB | STATUS=APPROVED | AUTH=674367
2026-06-05 23:10:34 | ATM-001 | TID001 | TXN | WITHDRAWAL | SEQ=461465 | CARD=************0123 | AMOUNT=500.00 | CURRENCY=ETB | STATUS=APPROVED | AUTH=127063
2026-06-05 23:13:27 | ATM-001 | TID001 | TXN | WITHDRAWAL | SEQ=876848 | CARD=************0123 | AMOUNT=200.00 | CURRENCY=ETB | STATUS=APPROVED | AUTH=260986
2026-06-05 23:16:19 | ATM-001 | TID001 | TXN | WITHDRAWAL | SEQ=537753 | CARD=************7890 | AMOUNT=500.00 | CURRENCY=ETB | STATUS=APPROVED | AUTH=917447
2026-06-05 23:19:12 | ATM-001 | TID001 | TXN | WITHDRAWAL | SEQ=158304 | CARD=************1234 | AMOUNT=1000.00 | CURRENCY=ETB | STATUS=DECLINED
2026-06-05 23:22:05 | ATM-001 | TID001 | TXN | WITHDRAWAL | SEQ=908747 | CARD=************0123 | AMOUNT=2000.00 | CURRENCY=ETB | STATUS=APPROVED | AUTH=689083
2026-06-05 23:24:58 | ATM-001 | TID001 | TXN | WITHDRAWAL | SEQ=885495 | CARD=************1234 | AMOUNT=200.00 | CURRENCY=ETB | STATUS=APPROVED | AUTH=586865
2026-06-05 23:27:51 | ATM-001 | TID001 | TXN | WITHDRAWAL | SEQ=896106 | CARD=************8901 | AMOUNT=200.00 | CURRENCY=ETB | STATUS=APPROVED | AUTH=721916
2026-06-05 23:30:43 | ATM-001 | TID001 | TXN | WITHDRAWAL | SEQ=294411 | CARD=************3456 | AMOUNT=200.00 | CURRENCY=ETB | STATUS=APPROVED | AUTH=255504
2026-06-05 23:33:36 | ATM-001 | TID001 | TXN | WITHDRAWAL | SEQ=551092 | CARD=************9012 | AMOUNT=1000.00 | CURRENCY=ETB | STATUS=APPROVED | AUTH=609947
2026-06-05 23:36:29 | ATM-001 | TID001 | TXN | WITHDRAWAL | SEQ=435002 | CARD=************2345 | AMOUNT=200.00 | CURRENCY=ETB | STATUS=DECLINED
2026-06-05 23:39:22 | ATM-001 | TID001 | TXN | WITHDRAWAL | SEQ=569218 | CARD=************6789 | AMOUNT=500.00 | CURRENCY=ETB | STATUS=APPROVED | AUTH=831106
2026-06-05 23:42:15 | ATM-001 | TID001 | TXN | WITHDRAWAL | SEQ=495037 | CARD=************9012 | AMOUNT=5000.00 | CURRENCY=ETB | STATUS=APPROVED | AUTH=847809
2026-06-05 23:45:07 | ATM-001 | TID001 | TXN | WITHDRAWAL | SEQ=590630 | CARD=************6789 | AMOUNT=500.00 | CURRENCY=ETB | STATUS=APPROVED | AUTH=509447
2026-06-05 23:48:00 | ATM-001 | TID001 | TXN | WITHDRAWAL | SEQ=116641 | CARD=************7890 | AMOUNT=5000.00 | CURRENCY=ETB | STATUS=APPROVED | AUTH=932706
2026-06-05 23:50:53 | ATM-001 | TID001 | TXN | WITHDRAWAL | SEQ=508734 | CARD=************3456 | AMOUNT=5000.00 | CURRENCY=ETB | STATUS=APPROVED | AUTH=557104
2026-06-05 23:53:46 | ATM-001 | TID001 | TXN | WITHDRAWAL | SEQ=214899 | CARD=************3456 | AMOUNT=1000.00 | CURRENCY=ETB | STATUS=APPROVED | AUTH=328397
2026-06-05 23:56:39 | ATM-001 | TID001 | TXN | WITHDRAWAL | SEQ=933332 | CARD=************1234 | AMOUNT=2000.00 | CURRENCY=ETB | STATUS=APPROVED | AUTH=832116
2026-06-05 23:59:31 | ATM-001 | TID001 | TXN | WITHDRAWAL | SEQ=687035 | CARD=************5678 | AMOUNT=200.00 | CURRENCY=ETB | STATUS=APPROVED | AUTH=297654
2026-06-06 00:02:24 | ATM-001 | TID001 | TXN | WITHDRAWAL | SEQ=717995 | CARD=************4567 | AMOUNT=1000.00 | CURRENCY=ETB | STATUS=APPROVED | AUTH=988910
2026-06-06 00:05:17 | ATM-001 | TID001 | TXN | WITHDRAWAL | SEQ=592715 | CARD=************2345 | AMOUNT=100.00 | CURRENCY=ETB | STATUS=APPROVED | AUTH=736271
2026-06-06 00:08:10 | ATM-001 | TID001 | TXN | WITHDRAWAL | SEQ=452815 | CARD=************9012 | AMOUNT=5000.00 | CURRENCY=ETB | STATUS=TIMEOUT
2026-06-06 00:11:03 | ATM-001 | TID001 | TXN | WITHDRAWAL | SEQ=436936 | CARD=************4567 | AMOUNT=2000.00 | CURRENCY=ETB | STATUS=APPROVED | AUTH=985727
2026-06-06 00:13:55 | ATM-001 | TID001 | TXN | WITHDRAWAL | SEQ=878497 | CARD=************3456 | AMOUNT=1000.00 | CURRENCY=ETB | STATUS=APPROVED | AUTH=681112
2026-06-06 00:16:48 | ATM-001 | TID001 | TXN | WITHDRAWAL | SEQ=617125 | CARD=************0123 | AMOUNT=500.00 | CURRENCY=ETB | STATUS=APPROVED | AUTH=746136
2026-06-06 00:19:41 | ATM-001 | TID001 | TXN | WITHDRAWAL | SEQ=929001 | CARD=************1234 | AMOUNT=200.00 | CURRENCY=ETB | STATUS=APPROVED | AUTH=277170
2026-06-06 00:22:34 | ATM-001 | TID001 | TXN | WITHDRAWAL | SEQ=563564 | CARD=************1234 | AMOUNT=200.00 | CURRENCY=ETB | STATUS=APPROVED | AUTH=153295
2026-06-06 00:25:27 | ATM-001 | TID001 | TXN | WITHDRAWAL | SEQ=942094 | CARD=************7890 | AMOUNT=100.00 | CURRENCY=ETB | STATUS=APPROVED | AUTH=135188
2026-06-06 00:28:19 | ATM-001 | TID001 | TXN | WITHDRAWAL | SEQ=833681 | CARD=************8901 | AMOUNT=2000.00 | CURRENCY=ETB | STATUS=APPROVED | AUTH=366945
2026-06-06 00:31:12 | ATM-001 | TID001 | TXN | WITHDRAWAL | SEQ=726004 | CARD=************1234 | AMOUNT=5000.00 | CURRENCY=ETB | STATUS=APPROVED | AUTH=297706
2026-06-06 00:34:05 | ATM-001 | TID001 | TXN | WITHDRAWAL | SEQ=311171 | CARD=************5678 | AMOUNT=500.00 | CURRENCY=ETB | STATUS=APPROVED | AUTH=959601
2026-06-06 00:36:58 | ATM-001 | TID001 | TXN | WITHDRAWAL | SEQ=318927 | CARD=************3456 | AMOUNT=100.00 | CURRENCY=ETB | STATUS=APPROVED | AUTH=480324
2026-06-06 00:39:51 | ATM-001 | TID001 | TXN | WITHDRAWAL | SEQ=708029 | CARD=************4567 | AMOUNT=1000.00 | CURRENCY=ETB | STATUS=APPROVED | AUTH=239796
2026-06-06 00:42:43 | ATM-001 | TID001 | TXN | WITHDRAWAL | SEQ=249979 | CARD=************6789 | AMOUNT=1000.00 | CURRENCY=ETB | STATUS=APPROVED | AUTH=273185
2026-06-06 00:45:36 | ATM-001 | TID001 | TXN | WITHDRAWAL | SEQ=170499 | CARD=************7890 | AMOUNT=100.00 | CURRENCY=ETB | STATUS=APPROVED | AUTH=552221
2026-06-06 00:48:29 | ATM-001 | TID001 | TXN | WITHDRAWAL | SEQ=313687 | CARD=************1234 | AMOUNT=500.00 | CURRENCY=ETB | STATUS=APPROVED | AUTH=171524
2026-06-06 00:51:22 | ATM-001 | TID001 | TXN | WITHDRAWAL | SEQ=842502 | CARD=************9012 | AMOUNT=5000.00 | CURRENCY=ETB | STATUS=APPROVED | AUTH=457273
2026-06-06 00:54:15 | ATM-001 | TID001 | TXN | WITHDRAWAL | SEQ=346472 | CARD=************7890 | AMOUNT=2000.00 | CURRENCY=ETB | STATUS=APPROVED | AUTH=923031
2026-06-06 00:57:07 | ATM-001 | TID001 | TXN | WITHDRAWAL | SEQ=131023 | CARD=************1234 | AMOUNT=100.00 | CURRENCY=ETB | STATUS=APPROVED | AUTH=677701
2026-06-06 01:00:00 | ATM-001 | TID001 | TXN | WITHDRAWAL | SEQ=684027 | CARD=************6789 | AMOUNT=200.00 | CURRENCY=ETB | STATUS=APPROVED | AUTH=850239
2026-06-06 01:02:53 | ATM-001 | TID001 | TXN | WITHDRAWAL | SEQ=131829 | CARD=************8901 | AMOUNT=100.00 | CURRENCY=ETB | STATUS=APPROVED | AUTH=843458
2026-06-06 01:05:46 | ATM-001 | TID001 | TXN | WITHDRAWAL | SEQ=577555 | CARD=************7890 | AMOUNT=500.00 | CURRENCY=ETB | STATUS=DECLINED
2026-06-06 01:08:39 | ATM-001 | TID001 | TXN | WITHDRAWAL | SEQ=297766 | CARD=************4567 | AMOUNT=1000.00 | CURRENCY=ETB | STATUS=APPROVED | AUTH=623872
2026-06-06 01:11:31 | ATM-001 | TID001 | TXN | WITHDRAWAL | SEQ=231226 | CARD=************8901 | AMOUNT=200.00 | CURRENCY=ETB | STATUS=APPROVED | AUTH=840301
2026-06-06 01:14:24 | ATM-001 | TID001 | TXN | WITHDRAWAL | SEQ=971929 | CARD=************9012 | AMOUNT=200.00 | CURRENCY=ETB | STATUS=TIMEOUT
2026-06-06 01:17:17 | ATM-001 | TID001 | TXN | WITHDRAWAL | SEQ=139783 | CARD=************8901 | AMOUNT=2000.00 | CURRENCY=ETB | STATUS=APPROVED | AUTH=264297
2026-06-06 01:20:10 | ATM-001 | TID001 | TXN | WITHDRAWAL | SEQ=363630 | CARD=************6789 | AMOUNT=5000.00 | CURRENCY=ETB | STATUS=APPROVED | AUTH=783477
2026-06-06 01:23:03 | ATM-001 | TID001 | TXN | WITHDRAWAL | SEQ=685894 | CARD=************8901 | AMOUNT=1000.00 | CURRENCY=ETB | STATUS=DECLINED
2026-06-06 01:25:55 | ATM-001 | TID001 | TXN | WITHDRAWAL | SEQ=282375 | CARD=************8901 | AMOUNT=5000.00 | CURRENCY=ETB | STATUS=DECLINED
2026-06-06 01:28:48 | ATM-001 | TID001 | TXN | WITHDRAWAL | SEQ=621730 | CARD=************6789 | AMOUNT=200.00 | CURRENCY=ETB | STATUS=APPROVED | AUTH=938837
2026-06-06 01:31:41 | ATM-001 | TID001 | TXN | WITHDRAWAL | SEQ=842998 | CARD=************4567 | AMOUNT=5000.00 | CURRENCY=ETB | STATUS=DECLINED
2026-06-06 01:34:34 | ATM-001 | TID001 | TXN | WITHDRAWAL | SEQ=972726 | CARD=************6789 | AMOUNT=5000.00 | CURRENCY=ETB | STATUS=APPROVED | AUTH=773168
2026-06-06 01:37:27 | ATM-001 | TID001 | TXN | WITHDRAWAL | SEQ=653967 | CARD=************6789 | AMOUNT=500.00 | CURRENCY=ETB | STATUS=DECLINED
2026-06-06 01:40:19 | ATM-001 | TID001 | TXN | WITHDRAWAL | SEQ=403354 | CARD=************7890 | AMOUNT=2000.00 | CURRENCY=ETB | STATUS=APPROVED | AUTH=123710
2026-06-06 01:43:12 | ATM-001 | TID001 | TXN | WITHDRAWAL | SEQ=612689 | CARD=************2345 | AMOUNT=100.00 | CURRENCY=ETB | STATUS=APPROVED | AUTH=646930
2026-06-06 01:46:05 | ATM-001 | TID001 | TXN | WITHDRAWAL | SEQ=865838 | CARD=************8901 | AMOUNT=5000.00 | CURRENCY=ETB | STATUS=APPROVED | AUTH=450114
2026-06-06 01:48:58 | ATM-001 | TID001 | TXN | WITHDRAWAL | SEQ=734327 | CARD=************9012 | AMOUNT=100.00 | CURRENCY=ETB | STATUS=APPROVED | AUTH=437208
2026-06-06 01:51:51 | ATM-001 | TID001 | TXN | WITHDRAWAL | SEQ=775801 | CARD=************2345 | AMOUNT=5000.00 | CURRENCY=ETB | STATUS=APPROVED | AUTH=485846
2026-06-06 01:54:43 | ATM-001 | TID001 | TXN | WITHDRAWAL | SEQ=316516 | CARD=************8901 | AMOUNT=1000.00 | CURRENCY=ETB | STATUS=APPROVED | AUTH=652357
2026-06-06 01:57:36 | ATM-001 | TID001 | TXN | WITHDRAWAL | SEQ=162330 | CARD=************9012 | AMOUNT=1000.00 | CURRENCY=ETB | STATUS=APPROVED | AUTH=763559
2026-06-06 02:00:29 | ATM-001 | TID001 | TXN | WITHDRAWAL | SEQ=215605 | CARD=************6789 | AMOUNT=500.00 | CURRENCY=ETB | STATUS=APPROVED | AUTH=644815
2026-06-06 02:03:22 | ATM-001 | TID001 | TXN | WITHDRAWAL | SEQ=271951 | CARD=************8901 | AMOUNT=100.00 | CURRENCY=ETB | STATUS=APPROVED | AUTH=619948
2026-06-06 02:06:15 | ATM-001 | TID001 | TXN | WITHDRAWAL | SEQ=287212 | CARD=************4567 | AMOUNT=100.00 | CURRENCY=ETB | STATUS=APPROVED | AUTH=184685
2026-06-06 02:09:07 | ATM-001 | TID001 | TXN | WITHDRAWAL | SEQ=298904 | CARD=************0123 | AMOUNT=100.00 | CURRENCY=ETB | STATUS=APPROVED | AUTH=266343
2026-06-06 02:12:00 | ATM-001 | TID001 | TXN | WITHDRAWAL | SEQ=477555 | CARD=************4567 | AMOUNT=500.00 | CURRENCY=ETB | STATUS=TIMEOUT
2026-06-06 02:14:53 | ATM-001 | TID001 | TXN | WITHDRAWAL | SEQ=875550 | CARD=************8901 | AMOUNT=200.00 | CURRENCY=ETB | STATUS=APPROVED | AUTH=628384
2026-06-06 02:17:46 | ATM-001 | TID001 | TXN | WITHDRAWAL | SEQ=855780 | CARD=************7890 | AMOUNT=200.00 | CURRENCY=ETB | STATUS=DECLINED
2026-06-06 02:20:39 | ATM-001 | TID001 | TXN | WITHDRAWAL | SEQ=660511 | CARD=************2345 | AMOUNT=100.00 | CURRENCY=ETB | STATUS=APPROVED | AUTH=877725
2026-06-06 02:23:31 | ATM-001 | TID001 | TXN | WITHDRAWAL | SEQ=331533 | CARD=************5678 | AMOUNT=200.00 | CURRENCY=ETB | STATUS=APPROVED | AUTH=816001
2026-06-06 02:26:24 | ATM-001 | TID001 | TXN | WITHDRAWAL | SEQ=615721 | CARD=************4567 | AMOUNT=1000.00 | CURRENCY=ETB | STATUS=APPROVED | AUTH=524034
2026-06-06 02:29:17 | ATM-001 | TID001 | TXN | WITHDRAWAL | SEQ=931753 | CARD=************1234 | AMOUNT=100.00 | CURRENCY=ETB | STATUS=DECLINED
2026-06-06 02:32:10 | ATM-001 | TID001 | TXN | WITHDRAWAL | SEQ=717261 | CARD=************3456 | AMOUNT=200.00 | CURRENCY=ETB | STATUS=APPROVED | AUTH=672217
2026-06-06 02:35:03 | ATM-001 | TID001 | TXN | WITHDRAWAL | SEQ=494323 | CARD=************0123 | AMOUNT=200.00 | CURRENCY=ETB | STATUS=APPROVED | AUTH=276466
2026-06-06 02:37:55 | ATM-001 | TID001 | TXN | WITHDRAWAL | SEQ=985434 | CARD=************9012 | AMOUNT=200.00 | CURRENCY=ETB | STATUS=APPROVED | AUTH=507258
2026-06-06 02:40:48 | ATM-001 | TID001 | TXN | WITHDRAWAL | SEQ=878116 | CARD=************5678 | AMOUNT=1000.00 | CURRENCY=ETB | STATUS=APPROVED | AUTH=971890
2026-06-06 02:43:41 | ATM-001 | TID001 | TXN | WITHDRAWAL | SEQ=297057 | CARD=************5678 | AMOUNT=1000.00 | CURRENCY=ETB | STATUS=APPROVED | AUTH=530474
2026-06-06 02:46:34 | ATM-001 | TID001 | TXN | WITHDRAWAL | SEQ=292590 | CARD=************8901 | AMOUNT=2000.00 | CURRENCY=ETB | STATUS=APPROVED | AUTH=393281
2026-06-06 02:49:27 | ATM-001 | TID001 | TXN | WITHDRAWAL | SEQ=865736 | CARD=************2345 | AMOUNT=5000.00 | CURRENCY=ETB | STATUS=APPROVED | AUTH=331883
2026-06-06 02:52:19 | ATM-001 | TID001 | TXN | WITHDRAWAL | SEQ=614941 | CARD=************6789 | AMOUNT=1000.00 | CURRENCY=ETB | STATUS=APPROVED | AUTH=357446
2026-06-06 02:55:12 | ATM-001 | TID001 | TXN | WITHDRAWAL | SEQ=307213 | CARD=************8901 | AMOUNT=5000.00 | CURRENCY=ETB | STATUS=APPROVED | AUTH=313256
2026-06-06 02:58:05 | ATM-001 | TID001 | TXN | WITHDRAWAL | SEQ=373587 | CARD=************9012 | AMOUNT=500.00 | CURRENCY=ETB | STATUS=APPROVED | AUTH=264558
2026-06-06 03:00:58 | ATM-001 | TID001 | TXN | WITHDRAWAL | SEQ=448563 | CARD=************8901 | AMOUNT=200.00 | CURRENCY=ETB | STATUS=APPROVED | AUTH=543979
2026-06-06 03:03:51 | ATM-001 | TID001 | TXN | WITHDRAWAL | SEQ=441653 | CARD=************3456 | AMOUNT=1000.00 | CURRENCY=ETB | STATUS=APPROVED | AUTH=217082
2026-06-06 03:06:43 | ATM-001 | TID001 | TXN | WITHDRAWAL | SEQ=111918 | CARD=************9012 | AMOUNT=5000.00 | CURRENCY=ETB | STATUS=APPROVED | AUTH=803536
2026-06-06 03:09:36 | ATM-001 | TID001 | TXN | WITHDRAWAL | SEQ=304934 | CARD=************4567 | AMOUNT=200.00 | CURRENCY=ETB | STATUS=APPROVED | AUTH=664684
2026-06-06 03:12:29 | ATM-001 | TID001 | TXN | WITHDRAWAL | SEQ=263874 | CARD=************2345 | AMOUNT=2000.00 | CURRENCY=ETB | STATUS=APPROVED | AUTH=831324
2026-06-06 03:15:22 | ATM-001 | TID001 | TXN | WITHDRAWAL | SEQ=620930 | CARD=************7890 | AMOUNT=1000.00 | CURRENCY=ETB | STATUS=APPROVED | AUTH=862782
2026-06-06 03:18:15 | ATM-001 | TID001 | TXN | WITHDRAWAL | SEQ=299349 | CARD=************1234 | AMOUNT=2000.00 | CURRENCY=ETB | STATUS=APPROVED | AUTH=337476
2026-06-06 03:21:07 | ATM-001 | TID001 | TXN | WITHDRAWAL | SEQ=695382 | CARD=************8901 | AMOUNT=2000.00 | CURRENCY=ETB | STATUS=APPROVED | AUTH=348777
2026-06-06 03:24:00 | ATM-001 | TID001 | TXN | WITHDRAWAL | SEQ=347524 | CARD=************0123 | AMOUNT=500.00 | CURRENCY=ETB | STATUS=APPROVED | AUTH=690936
2026-06-06 03:26:53 | ATM-001 | TID001 | TXN | WITHDRAWAL | SEQ=191967 | CARD=************0123 | AMOUNT=2000.00 | CURRENCY=ETB | STATUS=TIMEOUT
2026-06-06 03:29:46 | ATM-001 | TID001 | TXN | WITHDRAWAL | SEQ=841290 | CARD=************0123 | AMOUNT=1000.00 | CURRENCY=ETB | STATUS=APPROVED | AUTH=925222
2026-06-06 03:32:39 | ATM-001 | TID001 | TXN | WITHDRAWAL | SEQ=237550 | CARD=************8901 | AMOUNT=200.00 | CURRENCY=ETB | STATUS=APPROVED | AUTH=751272
2026-06-06 03:35:31 | ATM-001 | TID001 | TXN | WITHDRAWAL | SEQ=645068 | CARD=************8901 | AMOUNT=200.00 | CURRENCY=ETB | STATUS=APPROVED | AUTH=527362
2026-06-06 03:38:24 | ATM-001 | TID001 | TXN | WITHDRAWAL | SEQ=934479 | CARD=************5678 | AMOUNT=2000.00 | CURRENCY=ETB | STATUS=APPROVED | AUTH=831813
2026-06-06 03:41:17 | ATM-001 | TID001 | TXN | WITHDRAWAL | SEQ=803545 | CARD=************3456 | AMOUNT=100.00 | CURRENCY=ETB | STATUS=APPROVED | AUTH=634990
2026-06-06 03:44:10 | ATM-001 | TID001 | TXN | WITHDRAWAL | SEQ=370296 | CARD=************5678 | AMOUNT=500.00 | CURRENCY=ETB | STATUS=APPROVED | AUTH=902627
2026-06-06 03:47:03 | ATM-001 | TID001 | TXN | WITHDRAWAL | SEQ=941304 | CARD=************4567 | AMOUNT=5000.00 | CURRENCY=ETB | STATUS=APPROVED | AUTH=897944
2026-06-06 03:49:55 | ATM-001 | TID001 | TXN | WITHDRAWAL | SEQ=475627 | CARD=************4567 | AMOUNT=2000.00 | CURRENCY=ETB | STATUS=APPROVED | AUTH=722577
2026-06-06 03:52:48 | ATM-001 | TID001 | TXN | WITHDRAWAL | SEQ=217826 | CARD=************1234 | AMOUNT=1000.00 | CURRENCY=ETB | STATUS=DECLINED
2026-06-06 03:55:41 | ATM-001 | TID001 | TXN | WITHDRAWAL | SEQ=279399 | CARD=************8901 | AMOUNT=200.00 | CURRENCY=ETB | STATUS=APPROVED | AUTH=624159
2026-06-06 03:58:34 | ATM-001 | TID001 | TXN | WITHDRAWAL | SEQ=654636 | CARD=************2345 | AMOUNT=5000.00 | CURRENCY=ETB | STATUS=APPROVED | AUTH=267043
2026-06-06 04:01:27 | ATM-001 | TID001 | TXN | WITHDRAWAL | SEQ=941460 | CARD=************2345 | AMOUNT=200.00 | CURRENCY=ETB | STATUS=DECLINED
2026-06-06 04:04:19 | ATM-001 | TID001 | TXN | WITHDRAWAL | SEQ=286993 | CARD=************8901 | AMOUNT=1000.00 | CURRENCY=ETB | STATUS=DECLINED
2026-06-06 04:07:12 | ATM-001 | TID001 | TXN | WITHDRAWAL | SEQ=380378 | CARD=************8901 | AMOUNT=200.00 | CURRENCY=ETB | STATUS=APPROVED | AUTH=539961
2026-06-06 04:10:05 | ATM-001 | TID001 | TXN | WITHDRAWAL | SEQ=610390 | CARD=************6789 | AMOUNT=100.00 | CURRENCY=ETB | STATUS=APPROVED | AUTH=583731
2026-06-06 04:12:58 | ATM-001 | TID001 | TXN | WITHDRAWAL | SEQ=102248 | CARD=************4567 | AMOUNT=500.00 | CURRENCY=ETB | STATUS=APPROVED | AUTH=474934
2026-06-06 04:15:51 | ATM-001 | TID001 | TXN | WITHDRAWAL | SEQ=507495 | CARD=************3456 | AMOUNT=1000.00 | CURRENCY=ETB | STATUS=APPROVED | AUTH=783800
2026-06-06 04:18:43 | ATM-001 | TID001 | TXN | WITHDRAWAL | SEQ=758198 | CARD=************0123 | AMOUNT=2000.00 | CURRENCY=ETB | STATUS=APPROVED | AUTH=839063
2026-06-06 04:21:36 | ATM-001 | TID001 | TXN | WITHDRAWAL | SEQ=232327 | CARD=************8901 | AMOUNT=100.00 | CURRENCY=ETB | STATUS=TIMEOUT
2026-06-06 04:24:29 | ATM-001 | TID001 | TXN | WITHDRAWAL | SEQ=945271 | CARD=************5678 | AMOUNT=2000.00 | CURRENCY=ETB | STATUS=APPROVED | AUTH=827861
2026-06-06 04:27:22 | ATM-001 | TID001 | TXN | WITHDRAWAL | SEQ=799044 | CARD=************3456 | AMOUNT=500.00 | CURRENCY=ETB | STATUS=APPROVED | AUTH=146662
2026-06-06 04:30:15 | ATM-001 | TID001 | TXN | WITHDRAWAL | SEQ=961337 | CARD=************4567 | AMOUNT=500.00 | CURRENCY=ETB | STATUS=APPROVED | AUTH=217152
2026-06-06 04:33:07 | ATM-001 | TID001 | TXN | WITHDRAWAL | SEQ=232856 | CARD=************2345 | AMOUNT=500.00 | CURRENCY=ETB | STATUS=APPROVED | AUTH=440255
2026-06-06 04:36:00 | ATM-001 | TID001 | TXN | WITHDRAWAL | SEQ=787116 | CARD=************4567 | AMOUNT=200.00 | CURRENCY=ETB | STATUS=APPROVED | AUTH=473301
2026-06-06 04:38:53 | ATM-001 | TID001 | TXN | WITHDRAWAL | SEQ=942135 | CARD=************7890 | AMOUNT=200.00 | CURRENCY=ETB | STATUS=APPROVED | AUTH=742837
2026-06-06 04:41:46 | ATM-001 | TID001 | TXN | WITHDRAWAL | SEQ=962876 | CARD=************0123 | AMOUNT=200.00 | CURRENCY=ETB | STATUS=APPROVED | AUTH=675098
2026-06-06 04:44:39 | ATM-001 | TID001 | TXN | WITHDRAWAL | SEQ=340667 | CARD=************0123 | AMOUNT=100.00 | CURRENCY=ETB | STATUS=APPROVED | AUTH=580075
2026-06-06 04:47:31 | ATM-001 | TID001 | TXN | WITHDRAWAL | SEQ=461830 | CARD=************7890 | AMOUNT=100.00 | CURRENCY=ETB | STATUS=APPROVED | AUTH=161588
2026-06-06 04:50:24 | ATM-001 | TID001 | TXN | WITHDRAWAL | SEQ=388944 | CARD=************8901 | AMOUNT=200.00 | CURRENCY=ETB | STATUS=APPROVED | AUTH=354452
2026-06-06 04:53:17 | ATM-001 | TID001 | TXN | WITHDRAWAL | SEQ=475692 | CARD=************6789 | AMOUNT=200.00 | CURRENCY=ETB | STATUS=APPROVED | AUTH=820195
2026-06-06 04:56:10 | ATM-001 | TID001 | TXN | WITHDRAWAL | SEQ=608395 | CARD=************6789 | AMOUNT=5000.00 | CURRENCY=ETB | STATUS=APPROVED | AUTH=882115
2026-06-06 04:59:03 | ATM-001 | TID001 | TXN | WITHDRAWAL | SEQ=151455 | CARD=************4567 | AMOUNT=200.00 | CURRENCY=ETB | STATUS=APPROVED | AUTH=284229
2026-06-06 05:01:55 | ATM-001 | TID001 | TXN | WITHDRAWAL | SEQ=200902 | CARD=************0123 | AMOUNT=500.00 | CURRENCY=ETB | STATUS=APPROVED | AUTH=290068
2026-06-06 05:04:48 | ATM-001 | TID001 | TXN | WITHDRAWAL | SEQ=763608 | CARD=************1234 | AMOUNT=2000.00 | CURRENCY=ETB | STATUS=APPROVED | AUTH=444905
2026-06-06 05:07:41 | ATM-001 | TID001 | TXN | WITHDRAWAL | SEQ=991811 | CARD=************0123 | AMOUNT=100.00 | CURRENCY=ETB | STATUS=DECLINED
2026-06-06 05:10:34 | ATM-001 | TID001 | TXN | WITHDRAWAL | SEQ=780381 | CARD=************4567 | AMOUNT=500.00 | CURRENCY=ETB | STATUS=APPROVED | AUTH=238749
2026-06-06 05:13:27 | ATM-001 | TID001 | TXN | WITHDRAWAL | SEQ=935013 | CARD=************4567 | AMOUNT=1000.00 | CURRENCY=ETB | STATUS=APPROVED | AUTH=958228
2026-06-06 05:16:19 | ATM-001 | TID001 | TXN | WITHDRAWAL | SEQ=240586 | CARD=************9012 | AMOUNT=200.00 | CURRENCY=ETB | STATUS=APPROVED | AUTH=175583
2026-06-06 05:19:12 | ATM-001 | TID001 | TXN | WITHDRAWAL | SEQ=665571 | CARD=************9012 | AMOUNT=500.00 | CURRENCY=ETB | STATUS=APPROVED | AUTH=710529
2026-06-06 05:22:05 | ATM-001 | TID001 | TXN | WITHDRAWAL | SEQ=890785 | CARD=************0123 | AMOUNT=100.00 | CURRENCY=ETB | STATUS=APPROVED | AUTH=247797
2026-06-06 05:24:58 | ATM-001 | TID001 | TXN | WITHDRAWAL | SEQ=141982 | CARD=************2345 | AMOUNT=5000.00 | CURRENCY=ETB | STATUS=APPROVED | AUTH=322333
2026-06-06 05:27:51 | ATM-001 | TID001 | TXN | WITHDRAWAL | SEQ=475952 | CARD=************9012 | AMOUNT=2000.00 | CURRENCY=ETB | STATUS=APPROVED | AUTH=664677
2026-06-06 05:30:43 | ATM-001 | TID001 | TXN | WITHDRAWAL | SEQ=272171 | CARD=************3456 | AMOUNT=100.00 | CURRENCY=ETB | STATUS=APPROVED | AUTH=240876
2026-06-06 05:33:36 | ATM-001 | TID001 | TXN | WITHDRAWAL | SEQ=746315 | CARD=************8901 | AMOUNT=2000.00 | CURRENCY=ETB | STATUS=APPROVED | AUTH=960040
2026-06-06 05:36:29 | ATM-001 | TID001 | TXN | WITHDRAWAL | SEQ=828677 | CARD=************2345 | AMOUNT=100.00 | CURRENCY=ETB | STATUS=APPROVED | AUTH=543816
2026-06-06 05:39:22 | ATM-001 | TID001 | TXN | WITHDRAWAL | SEQ=437199 | CARD=************4567 | AMOUNT=100.00 | CURRENCY=ETB | STATUS=APPROVED | AUTH=706804
2026-06-06 05:42:15 | ATM-001 | TID001 | TXN | WITHDRAWAL | SEQ=295425 | CARD=************4567 | AMOUNT=1000.00 | CURRENCY=ETB | STATUS=APPROVED | AUTH=915155
2026-06-06 05:45:07 | ATM-001 | TID001 | TXN | WITHDRAWAL | SEQ=125383 | CARD=************3456 | AMOUNT=100.00 | CURRENCY=ETB | STATUS=APPROVED | AUTH=352718
2026-06-06 05:48:00 | ATM-001 | TID001 | TXN | WITHDRAWAL | SEQ=938048 | CARD=************5678 | AMOUNT=2000.00 | CURRENCY=ETB | STATUS=APPROVED | AUTH=334458
2026-06-06 05:50:53 | ATM-001 | TID001 | TXN | WITHDRAWAL | SEQ=150106 | CARD=************7890 | AMOUNT=1000.00 | CURRENCY=ETB | STATUS=APPROVED | AUTH=204796
2026-06-06 05:53:46 | ATM-001 | TID001 | TXN | WITHDRAWAL | SEQ=262912 | CARD=************7890 | AMOUNT=500.00 | CURRENCY=ETB | STATUS=APPROVED | AUTH=529118
2026-06-06 05:56:39 | ATM-001 | TID001 | TXN | WITHDRAWAL | SEQ=933668 | CARD=************3456 | AMOUNT=2000.00 | CURRENCY=ETB | STATUS=APPROVED | AUTH=215102
2026-06-06 05:59:31 | ATM-001 | TID001 | TXN | WITHDRAWAL | SEQ=624318 | CARD=************7890 | AMOUNT=2000.00 | CURRENCY=ETB | STATUS=APPROVED | AUTH=433077
2026-06-06 06:02:24 | ATM-001 | TID001 | TXN | WITHDRAWAL | SEQ=575005 | CARD=************5678 | AMOUNT=2000.00 | CURRENCY=ETB | STATUS=APPROVED | AUTH=662350
2026-06-06 06:05:17 | ATM-001 | TID001 | TXN | WITHDRAWAL | SEQ=199610 | CARD=************9012 | AMOUNT=500.00 | CURRENCY=ETB | STATUS=APPROVED | AUTH=884732
2026-06-06 06:08:10 | ATM-001 | TID001 | TXN | WITHDRAWAL | SEQ=488008 | CARD=************3456 | AMOUNT=200.00 | CURRENCY=ETB | STATUS=APPROVED | AUTH=114338
2026-06-06 06:11:03 | ATM-001 | TID001 | TXN | WITHDRAWAL | SEQ=759179 | CARD=************5678 | AMOUNT=5000.00 | CURRENCY=ETB | STATUS=APPROVED | AUTH=656529
2026-06-06 06:13:55 | ATM-001 | TID001 | TXN | WITHDRAWAL | SEQ=421891 | CARD=************6789 | AMOUNT=1000.00 | CURRENCY=ETB | STATUS=DECLINED
2026-06-06 06:16:48 | ATM-001 | TID001 | TXN | WITHDRAWAL | SEQ=113850 | CARD=************4567 | AMOUNT=200.00 | CURRENCY=ETB | STATUS=APPROVED | AUTH=401941
2026-06-06 06:19:41 | ATM-001 | TID001 | TXN | WITHDRAWAL | SEQ=866318 | CARD=************7890 | AMOUNT=200.00 | CURRENCY=ETB | STATUS=APPROVED | AUTH=777908
2026-06-06 06:22:34 | ATM-001 | TID001 | TXN | WITHDRAWAL | SEQ=130933 | CARD=************3456 | AMOUNT=2000.00 | CURRENCY=ETB | STATUS=APPROVED | AUTH=740881
2026-06-06 06:25:27 | ATM-001 | TID001 | TXN | WITHDRAWAL | SEQ=743777 | CARD=************2345 | AMOUNT=1000.00 | CURRENCY=ETB | STATUS=DECLINED
2026-06-06 06:28:19 | ATM-001 | TID001 | TXN | WITHDRAWAL | SEQ=894607 | CARD=************1234 | AMOUNT=500.00 | CURRENCY=ETB | STATUS=APPROVED | AUTH=124300
2026-06-06 06:31:12 | ATM-001 | TID001 | TXN | WITHDRAWAL | SEQ=462172 | CARD=************7890 | AMOUNT=200.00 | CURRENCY=ETB | STATUS=APPROVED | AUTH=608296
2026-06-06 06:34:05 | ATM-001 | TID001 | TXN | WITHDRAWAL | SEQ=536674 | CARD=************5678 | AMOUNT=1000.00 | CURRENCY=ETB | STATUS=APPROVED | AUTH=192788
2026-06-06 06:36:58 | ATM-001 | TID001 | TXN | WITHDRAWAL | SEQ=188247 | CARD=************9012 | AMOUNT=1000.00 | CURRENCY=ETB | STATUS=APPROVED | AUTH=335038
2026-06-06 06:39:51 | ATM-001 | TID001 | TXN | WITHDRAWAL | SEQ=273881 | CARD=************6789 | AMOUNT=1000.00 | CURRENCY=ETB | STATUS=APPROVED | AUTH=656752
2026-06-06 06:42:43 | ATM-001 | TID001 | TXN | WITHDRAWAL | SEQ=972804 | CARD=************9012 | AMOUNT=200.00 | CURRENCY=ETB | STATUS=APPROVED | AUTH=430694
2026-06-06 06:45:36 | ATM-001 | TID001 | TXN | WITHDRAWAL | SEQ=424273 | CARD=************6789 | AMOUNT=500.00 | CURRENCY=ETB | STATUS=APPROVED | AUTH=579262
2026-06-06 06:48:29 | ATM-001 | TID001 | TXN | WITHDRAWAL | SEQ=343076 | CARD=************6789 | AMOUNT=1000.00 | CURRENCY=ETB | STATUS=DECLINED
2026-06-06 06:51:22 | ATM-001 | TID001 | TXN | WITHDRAWAL | SEQ=244742 | CARD=************9012 | AMOUNT=500.00 | CURRENCY=ETB | STATUS=APPROVED | AUTH=507042
2026-06-06 06:54:15 | ATM-001 | TID001 | TXN | WITHDRAWAL | SEQ=497271 | CARD=************6789 | AMOUNT=1000.00 | CURRENCY=ETB | STATUS=APPROVED | AUTH=137537
2026-06-06 06:57:07 | ATM-001 | TID001 | TXN | WITHDRAWAL | SEQ=737813 | CARD=************6789 | AMOUNT=200.00 | CURRENCY=ETB | STATUS=APPROVED | AUTH=892640
2026-06-06 07:00:00 | ATM-001 | TID001 | TXN | WITHDRAWAL | SEQ=993842 | CARD=************9012 | AMOUNT=500.00 | CURRENCY=ETB | STATUS=APPROVED | AUTH=685459
2026-06-06 07:02:53 | ATM-001 | TID001 | TXN | WITHDRAWAL | SEQ=923193 | CARD=************9012 | AMOUNT=500.00 | CURRENCY=ETB | STATUS=APPROVED | AUTH=172262
2026-06-06 07:05:46 | ATM-001 | TID001 | TXN | WITHDRAWAL | SEQ=618421 | CARD=************5678 | AMOUNT=1000.00 | CURRENCY=ETB | STATUS=APPROVED | AUTH=230543
2026-06-06 07:08:39 | ATM-001 | TID001 | TXN | WITHDRAWAL | SEQ=166896 | CARD=************8901 | AMOUNT=5000.00 | CURRENCY=ETB | STATUS=APPROVED | AUTH=116297
2026-06-06 07:11:31 | ATM-001 | TID001 | TXN | WITHDRAWAL | SEQ=851008 | CARD=************7890 | AMOUNT=100.00 | CURRENCY=ETB | STATUS=APPROVED | AUTH=252816
2026-06-06 07:14:24 | ATM-001 | TID001 | TXN | WITHDRAWAL | SEQ=184153 | CARD=************5678 | AMOUNT=500.00 | CURRENCY=ETB | STATUS=APPROVED | AUTH=787093
2026-06-06 07:17:17 | ATM-001 | TID001 | TXN | WITHDRAWAL | SEQ=612504 | CARD=************8901 | AMOUNT=2000.00 | CURRENCY=ETB | STATUS=APPROVED | AUTH=263579
2026-06-06 07:20:10 | ATM-001 | TID001 | TXN | WITHDRAWAL | SEQ=421683 | CARD=************8901 | AMOUNT=500.00 | CURRENCY=ETB | STATUS=APPROVED | AUTH=349755
2026-06-06 07:23:03 | ATM-001 | TID001 | TXN | WITHDRAWAL | SEQ=930167 | CARD=************9012 | AMOUNT=5000.00 | CURRENCY=ETB | STATUS=APPROVED | AUTH=868480
2026-06-06 07:25:55 | ATM-001 | TID001 | TXN | WITHDRAWAL | SEQ=191027 | CARD=************3456 | AMOUNT=5000.00 | CURRENCY=ETB | STATUS=APPROVED | AUTH=204780
2026-06-06 07:28:48 | ATM-001 | TID001 | TXN | WITHDRAWAL | SEQ=298025 | CARD=************9012 | AMOUNT=2000.00 | CURRENCY=ETB | STATUS=APPROVED | AUTH=102663
2026-06-06 07:31:41 | ATM-001 | TID001 | TXN | WITHDRAWAL | SEQ=259257 | CARD=************5678 | AMOUNT=200.00 | CURRENCY=ETB | STATUS=APPROVED | AUTH=199756
2026-06-06 07:34:34 | ATM-001 | TID001 | TXN | WITHDRAWAL | SEQ=903288 | CARD=************7890 | AMOUNT=1000.00 | CURRENCY=ETB | STATUS=APPROVED | AUTH=862294
2026-06-06 07:37:27 | ATM-001 | TID001 | TXN | WITHDRAWAL | SEQ=328480 | CARD=************9012 | AMOUNT=500.00 | CURRENCY=ETB | STATUS=APPROVED | AUTH=440950
2026-06-06 07:40:19 | ATM-001 | TID001 | TXN | WITHDRAWAL | SEQ=516257 | CARD=************6789 | AMOUNT=5000.00 | CURRENCY=ETB | STATUS=APPROVED | AUTH=338413
2026-06-06 07:43:12 | ATM-001 | TID001 | TXN | WITHDRAWAL | SEQ=985045 | CARD=************0123 | AMOUNT=1000.00 | CURRENCY=ETB | STATUS=APPROVED | AUTH=243264
2026-06-06 07:46:05 | ATM-001 | TID001 | TXN | WITHDRAWAL | SEQ=854627 | CARD=************2345 | AMOUNT=200.00 | CURRENCY=ETB | STATUS=APPROVED | AUTH=421225
2026-06-06 07:48:58 | ATM-001 | TID001 | TXN | WITHDRAWAL | SEQ=552041 | CARD=************4567 | AMOUNT=100.00 | CURRENCY=ETB | STATUS=APPROVED | AUTH=161204
2026-06-06 07:51:51 | ATM-001 | TID001 | TXN | WITHDRAWAL | SEQ=990956 | CARD=************2345 | AMOUNT=200.00 | CURRENCY=ETB | STATUS=APPROVED | AUTH=722577
2026-06-06 07:54:43 | ATM-001 | TID001 | TXN | WITHDRAWAL | SEQ=480602 | CARD=************3456 | AMOUNT=200.00 | CURRENCY=ETB | STATUS=APPROVED | AUTH=385470
2026-06-06 07:57:36 | ATM-001 | TID001 | TXN | WITHDRAWAL | SEQ=150277 | CARD=************7890 | AMOUNT=5000.00 | CURRENCY=ETB | STATUS=APPROVED | AUTH=351923
2026-06-06 08:00:29 | ATM-001 | TID001 | TXN | WITHDRAWAL | SEQ=477976 | CARD=************4567 | AMOUNT=5000.00 | CURRENCY=ETB | STATUS=APPROVED | AUTH=186407
2026-06-06 08:03:22 | ATM-001 | TID001 | TXN | WITHDRAWAL | SEQ=844801 | CARD=************9012 | AMOUNT=500.00 | CURRENCY=ETB | STATUS=APPROVED | AUTH=883264
2026-06-06 08:06:15 | ATM-001 | TID001 | TXN | WITHDRAWAL | SEQ=403773 | CARD=************2345 | AMOUNT=100.00 | CURRENCY=ETB | STATUS=DECLINED
2026-06-06 08:09:07 | ATM-001 | TID001 | TXN | WITHDRAWAL | SEQ=645731 | CARD=************6789 | AMOUNT=5000.00 | CURRENCY=ETB | STATUS=APPROVED | AUTH=870237
2026-06-06 08:12:00 | ATM-001 | TID001 | TXN | WITHDRAWAL | SEQ=107579 | CARD=************7890 | AMOUNT=1000.00 | CURRENCY=ETB | STATUS=APPROVED | AUTH=600605
2026-06-06 08:14:53 | ATM-001 | TID001 | TXN | WITHDRAWAL | SEQ=836572 | CARD=************7890 | AMOUNT=100.00 | CURRENCY=ETB | STATUS=APPROVED | AUTH=137026
2026-06-06 08:17:46 | ATM-001 | TID001 | TXN | WITHDRAWAL | SEQ=560796 | CARD=************8901 | AMOUNT=1000.00 | CURRENCY=ETB | STATUS=APPROVED | AUTH=568000
2026-06-06 08:20:39 | ATM-001 | TID001 | TXN | WITHDRAWAL | SEQ=568883 | CARD=************9012 | AMOUNT=100.00 | CURRENCY=ETB | STATUS=APPROVED | AUTH=466697
2026-06-06 08:23:31 | ATM-001 | TID001 | TXN | WITHDRAWAL | SEQ=957358 | CARD=************3456 | AMOUNT=100.00 | CURRENCY=ETB | STATUS=TIMEOUT
2026-06-06 08:26:24 | ATM-001 | TID001 | TXN | WITHDRAWAL | SEQ=924367 | CARD=************1234 | AMOUNT=2000.00 | CURRENCY=ETB | STATUS=APPROVED | AUTH=461574
2026-06-06 08:29:17 | ATM-001 | TID001 | TXN | WITHDRAWAL | SEQ=262163 | CARD=************9012 | AMOUNT=500.00 | CURRENCY=ETB | STATUS=APPROVED | AUTH=414409
2026-06-06 08:32:10 | ATM-001 | TID001 | TXN | WITHDRAWAL | SEQ=763932 | CARD=************8901 | AMOUNT=100.00 | CURRENCY=ETB | STATUS=APPROVED | AUTH=951888
2026-06-06 08:35:03 | ATM-001 | TID001 | TXN | WITHDRAWAL | SEQ=144681 | CARD=************1234 | AMOUNT=2000.00 | CURRENCY=ETB | STATUS=APPROVED | AUTH=613265
2026-06-06 08:37:55 | ATM-001 | TID001 | TXN | WITHDRAWAL | SEQ=725781 | CARD=************1234 | AMOUNT=5000.00 | CURRENCY=ETB | STATUS=APPROVED | AUTH=326853
2026-06-06 08:40:48 | ATM-001 | TID001 | TXN | WITHDRAWAL | SEQ=863305 | CARD=************9012 | AMOUNT=500.00 | CURRENCY=ETB | STATUS=DECLINED
2026-06-06 08:43:41 | ATM-001 | TID001 | TXN | WITHDRAWAL | SEQ=171169 | CARD=************8901 | AMOUNT=500.00 | CURRENCY=ETB | STATUS=APPROVED | AUTH=836562
2026-06-06 08:46:34 | ATM-001 | TID001 | TXN | WITHDRAWAL | SEQ=946902 | CARD=************7890 | AMOUNT=200.00 | CURRENCY=ETB | STATUS=APPROVED | AUTH=296630
2026-06-06 08:49:27 | ATM-001 | TID001 | TXN | WITHDRAWAL | SEQ=561758 | CARD=************8901 | AMOUNT=500.00 | CURRENCY=ETB | STATUS=APPROVED | AUTH=159375
2026-06-06 08:52:19 | ATM-001 | TID001 | TXN | WITHDRAWAL | SEQ=180080 | CARD=************4567 | AMOUNT=5000.00 | CURRENCY=ETB | STATUS=TIMEOUT
2026-06-06 08:55:12 | ATM-001 | TID001 | TXN | WITHDRAWAL | SEQ=125214 | CARD=************7890 | AMOUNT=5000.00 | CURRENCY=ETB | STATUS=APPROVED | AUTH=766922
2026-06-06 08:58:05 | ATM-001 | TID001 | TXN | WITHDRAWAL | SEQ=656994 | CARD=************7890 | AMOUNT=500.00 | CURRENCY=ETB | STATUS=APPROVED | AUTH=138732
2026-06-06 09:00:58 | ATM-001 | TID001 | TXN | WITHDRAWAL | SEQ=862810 | CARD=************9012 | AMOUNT=500.00 | CURRENCY=ETB | STATUS=APPROVED | AUTH=477559
2026-06-06 09:03:51 | ATM-001 | TID001 | TXN | WITHDRAWAL | SEQ=266197 | CARD=************1234 | AMOUNT=2000.00 | CURRENCY=ETB | STATUS=APPROVED | AUTH=843901
2026-06-06 09:06:43 | ATM-001 | TID001 | TXN | WITHDRAWAL | SEQ=804996 | CARD=************5678 | AMOUNT=5000.00 | CURRENCY=ETB | STATUS=APPROVED | AUTH=969264
2026-06-06 09:09:36 | ATM-001 | TID001 | TXN | WITHDRAWAL | SEQ=267242 | CARD=************2345 | AMOUNT=5000.00 | CURRENCY=ETB | STATUS=APPROVED | AUTH=406940
2026-06-06 09:12:29 | ATM-001 | TID001 | TXN | WITHDRAWAL | SEQ=805492 | CARD=************3456 | AMOUNT=2000.00 | CURRENCY=ETB | STATUS=APPROVED | AUTH=713927
2026-06-06 09:15:22 | ATM-001 | TID001 | TXN | WITHDRAWAL | SEQ=231322 | CARD=************5678 | AMOUNT=2000.00 | CURRENCY=ETB | STATUS=APPROVED | AUTH=485836
2026-06-06 09:18:15 | ATM-001 | TID001 | TXN | WITHDRAWAL | SEQ=786705 | CARD=************3456 | AMOUNT=1000.00 | CURRENCY=ETB | STATUS=APPROVED | AUTH=402948
2026-06-06 09:21:07 | ATM-001 | TID001 | TXN | WITHDRAWAL | SEQ=683993 | CARD=************6789 | AMOUNT=200.00 | CURRENCY=ETB | STATUS=APPROVED | AUTH=458787
2026-06-06 09:24:00 | ATM-001 | TID001 | TXN | WITHDRAWAL | SEQ=115549 | CARD=************7890 | AMOUNT=2000.00 | CURRENCY=ETB | STATUS=APPROVED | AUTH=665353
2026-06-06 09:26:53 | ATM-001 | TID001 | TXN | WITHDRAWAL | SEQ=651468 | CARD=************0123 | AMOUNT=1000.00 | CURRENCY=ETB | STATUS=APPROVED | AUTH=893774
2026-06-06 09:29:46 | ATM-001 | TID001 | TXN | WITHDRAWAL | SEQ=669622 | CARD=************6789 | AMOUNT=100.00 | CURRENCY=ETB | STATUS=APPROVED | AUTH=829913
2026-06-06 09:32:39 | ATM-001 | TID001 | TXN | WITHDRAWAL | SEQ=647095 | CARD=************3456 | AMOUNT=2000.00 | CURRENCY=ETB | STATUS=APPROVED | AUTH=740052
2026-06-06 09:35:31 | ATM-001 | TID001 | TXN | WITHDRAWAL | SEQ=277157 | CARD=************3456 | AMOUNT=5000.00 | CURRENCY=ETB | STATUS=APPROVED | AUTH=213551
2026-06-06 09:38:24 | ATM-001 | TID001 | TXN | WITHDRAWAL | SEQ=186732 | CARD=************6789 | AMOUNT=1000.00 | CURRENCY=ETB | STATUS=APPROVED | AUTH=686518
2026-06-06 09:41:17 | ATM-001 | TID001 | TXN | WITHDRAWAL | SEQ=999391 | CARD=************0123 | AMOUNT=500.00 | CURRENCY=ETB | STATUS=APPROVED | AUTH=342490
2026-06-06 09:44:10 | ATM-001 | TID001 | TXN | WITHDRAWAL | SEQ=117978 | CARD=************6789 | AMOUNT=1000.00 | CURRENCY=ETB | STATUS=APPROVED | AUTH=370253
2026-06-06 09:47:03 | ATM-001 | TID001 | TXN | WITHDRAWAL | SEQ=813474 | CARD=************2345 | AMOUNT=500.00 | CURRENCY=ETB | STATUS=DECLINED
2026-06-06 09:49:55 | ATM-001 | TID001 | TXN | WITHDRAWAL | SEQ=761187 | CARD=************2345 | AMOUNT=1000.00 | CURRENCY=ETB | STATUS=APPROVED | AUTH=659739
2026-06-06 09:52:48 | ATM-001 | TID001 | TXN | WITHDRAWAL | SEQ=833711 | CARD=************9012 | AMOUNT=1000.00 | CURRENCY=ETB | STATUS=APPROVED | AUTH=840330
2026-06-06 09:55:41 | ATM-001 | TID001 | TXN | WITHDRAWAL | SEQ=355642 | CARD=************1234 | AMOUNT=2000.00 | CURRENCY=ETB | STATUS=APPROVED | AUTH=332057
2026-06-06 09:58:34 | ATM-001 | TID001 | TXN | WITHDRAWAL | SEQ=381114 | CARD=************3456 | AMOUNT=500.00 | CURRENCY=ETB | STATUS=APPROVED | AUTH=721624
2026-06-06 10:01:27 | ATM-001 | TID001 | TXN | WITHDRAWAL | SEQ=516485 | CARD=************1234 | AMOUNT=200.00 | CURRENCY=ETB | STATUS=APPROVED | AUTH=341053
2026-06-06 10:04:19 | ATM-001 | TID001 | TXN | WITHDRAWAL | SEQ=567814 | CARD=************7890 | AMOUNT=2000.00 | CURRENCY=ETB | STATUS=APPROVED | AUTH=203454
2026-06-06 10:07:12 | ATM-001 | TID001 | TXN | WITHDRAWAL | SEQ=584235 | CARD=************1234 | AMOUNT=100.00 | CURRENCY=ETB | STATUS=APPROVED | AUTH=867131
2026-06-06 10:10:05 | ATM-001 | TID001 | TXN | WITHDRAWAL | SEQ=714822 | CARD=************2345 | AMOUNT=200.00 | CURRENCY=ETB | STATUS=APPROVED | AUTH=994169
2026-06-06 10:12:58 | ATM-001 | TID001 | TXN | WITHDRAWAL | SEQ=154059 | CARD=************2345 | AMOUNT=100.00 | CURRENCY=ETB | STATUS=DECLINED
2026-06-06 10:15:51 | ATM-001 | TID001 | TXN | WITHDRAWAL | SEQ=322653 | CARD=************4567 | AMOUNT=2000.00 | CURRENCY=ETB | STATUS=DECLINED
2026-06-06 10:18:43 | ATM-001 | TID001 | TXN | WITHDRAWAL | SEQ=903943 | CARD=************2345 | AMOUNT=100.00 | CURRENCY=ETB | STATUS=TIMEOUT
2026-06-06 10:21:36 | ATM-001 | TID001 | TXN | WITHDRAWAL | SEQ=363355 | CARD=************1234 | AMOUNT=2000.00 | CURRENCY=ETB | STATUS=APPROVED | AUTH=200775
2026-06-06 10:24:29 | ATM-001 | TID001 | TXN | WITHDRAWAL | SEQ=826987 | CARD=************9012 | AMOUNT=100.00 | CURRENCY=ETB | STATUS=DECLINED
2026-06-06 10:27:22 | ATM-001 | TID001 | TXN | WITHDRAWAL | SEQ=458428 | CARD=************2345 | AMOUNT=1000.00 | CURRENCY=ETB | STATUS=APPROVED | AUTH=849544
2026-06-06 10:30:15 | ATM-001 | TID001 | TXN | WITHDRAWAL | SEQ=654925 | CARD=************5678 | AMOUNT=100.00 | CURRENCY=ETB | STATUS=APPROVED | AUTH=245481
2026-06-06 10:33:07 | ATM-001 | TID001 | TXN | WITHDRAWAL | SEQ=335485 | CARD=************9012 | AMOUNT=500.00 | CURRENCY=ETB | STATUS=TIMEOUT
2026-06-06 10:36:00 | ATM-001 | TID001 | TXN | WITHDRAWAL | SEQ=582775 | CARD=************5678 | AMOUNT=100.00 | CURRENCY=ETB | STATUS=APPROVED | AUTH=823952
2026-06-06 10:38:53 | ATM-001 | TID001 | TXN | WITHDRAWAL | SEQ=693355 | CARD=************5678 | AMOUNT=100.00 | CURRENCY=ETB | STATUS=APPROVED | AUTH=574432
2026-06-06 10:41:46 | ATM-001 | TID001 | TXN | WITHDRAWAL | SEQ=439505 | CARD=************6789 | AMOUNT=1000.00 | CURRENCY=ETB | STATUS=APPROVED | AUTH=490882
2026-06-06 10:44:39 | ATM-001 | TID001 | TXN | WITHDRAWAL | SEQ=442024 | CARD=************2345 | AMOUNT=2000.00 | CURRENCY=ETB | STATUS=APPROVED | AUTH=672974
2026-06-06 10:47:31 | ATM-001 | TID001 | TXN | WITHDRAWAL | SEQ=554553 | CARD=************1234 | AMOUNT=5000.00 | CURRENCY=ETB | STATUS=APPROVED | AUTH=396170
2026-06-06 10:50:24 | ATM-001 | TID001 | TXN | WITHDRAWAL | SEQ=630247 | CARD=************9012 | AMOUNT=100.00 | CURRENCY=ETB | STATUS=APPROVED | AUTH=255429
2026-06-06 10:53:17 | ATM-001 | TID001 | TXN | WITHDRAWAL | SEQ=186384 | CARD=************9012 | AMOUNT=1000.00 | CURRENCY=ETB | STATUS=APPROVED | AUTH=792376
2026-06-06 10:56:10 | ATM-001 | TID001 | TXN | WITHDRAWAL | SEQ=125517 | CARD=************0123 | AMOUNT=2000.00 | CURRENCY=ETB | STATUS=APPROVED | AUTH=770401
2026-06-06 10:59:03 | ATM-001 | TID001 | TXN | WITHDRAWAL | SEQ=830585 | CARD=************6789 | AMOUNT=100.00 | CURRENCY=ETB | STATUS=APPROVED | AUTH=560051
2026-06-06 11:01:55 | ATM-001 | TID001 | TXN | WITHDRAWAL | SEQ=887963 | CARD=************9012 | AMOUNT=1000.00 | CURRENCY=ETB | STATUS=APPROVED | AUTH=610870
2026-06-06 11:04:48 | ATM-001 | TID001 | TXN | WITHDRAWAL | SEQ=254869 | CARD=************7890 | AMOUNT=200.00 | CURRENCY=ETB | STATUS=APPROVED | AUTH=690525
2026-06-06 11:07:41 | ATM-001 | TID001 | TXN | WITHDRAWAL | SEQ=174375 | CARD=************8901 | AMOUNT=500.00 | CURRENCY=ETB | STATUS=APPROVED | AUTH=232063
2026-06-06 11:10:34 | ATM-001 | TID001 | TXN | WITHDRAWAL | SEQ=845982 | CARD=************4567 | AMOUNT=200.00 | CURRENCY=ETB | STATUS=DECLINED
2026-06-06 11:13:27 | ATM-001 | TID001 | TXN | WITHDRAWAL | SEQ=585706 | CARD=************2345 | AMOUNT=500.00 | CURRENCY=ETB | STATUS=APPROVED | AUTH=615633
2026-06-06 11:16:19 | ATM-001 | TID001 | TXN | WITHDRAWAL | SEQ=229351 | CARD=************4567 | AMOUNT=200.00 | CURRENCY=ETB | STATUS=APPROVED | AUTH=113108
2026-06-06 11:19:12 | ATM-001 | TID001 | TXN | WITHDRAWAL | SEQ=634347 | CARD=************2345 | AMOUNT=1000.00 | CURRENCY=ETB | STATUS=APPROVED | AUTH=288832
2026-06-06 11:22:05 | ATM-001 | TID001 | TXN | WITHDRAWAL | SEQ=883597 | CARD=************9012 | AMOUNT=5000.00 | CURRENCY=ETB | STATUS=APPROVED | AUTH=226280
2026-06-06 11:24:58 | ATM-001 | TID001 | TXN | WITHDRAWAL | SEQ=239847 | CARD=************4567 | AMOUNT=500.00 | CURRENCY=ETB | STATUS=TIMEOUT
2026-06-06 11:27:51 | ATM-001 | TID001 | TXN | WITHDRAWAL | SEQ=153855 | CARD=************9012 | AMOUNT=5000.00 | CURRENCY=ETB | STATUS=DECLINED
2026-06-06 11:30:43 | ATM-001 | TID001 | TXN | WITHDRAWAL | SEQ=373769 | CARD=************1234 | AMOUNT=1000.00 | CURRENCY=ETB | STATUS=APPROVED | AUTH=875668
2026-06-06 11:33:36 | ATM-001 | TID001 | TXN | WITHDRAWAL | SEQ=394111 | CARD=************1234 | AMOUNT=200.00 | CURRENCY=ETB | STATUS=APPROVED | AUTH=689088
2026-06-06 11:36:29 | ATM-001 | TID001 | TXN | WITHDRAWAL | SEQ=119278 | CARD=************9012 | AMOUNT=2000.00 | CURRENCY=ETB | STATUS=APPROVED | AUTH=143514
2026-06-06 11:39:22 | ATM-001 | TID001 | TXN | WITHDRAWAL | SEQ=736767 | CARD=************6789 | AMOUNT=5000.00 | CURRENCY=ETB | STATUS=APPROVED | AUTH=486666
2026-06-06 11:42:15 | ATM-001 | TID001 | TXN | WITHDRAWAL | SEQ=487425 | CARD=************4567 | AMOUNT=500.00 | CURRENCY=ETB | STATUS=APPROVED | AUTH=436167
2026-06-06 11:45:07 | ATM-001 | TID001 | TXN | WITHDRAWAL | SEQ=557560 | CARD=************5678 | AMOUNT=2000.00 | CURRENCY=ETB | STATUS=APPROVED | AUTH=313893
2026-06-06 11:48:00 | ATM-001 | TID001 | TXN | WITHDRAWAL | SEQ=874921 | CARD=************8901 | AMOUNT=1000.00 | CURRENCY=ETB | STATUS=APPROVED | AUTH=527624
2026-06-06 11:50:53 | ATM-001 | TID001 | TXN | WITHDRAWAL | SEQ=199509 | CARD=************4567 | AMOUNT=5000.00 | CURRENCY=ETB | STATUS=APPROVED | AUTH=427315
2026-06-06 11:53:46 | ATM-001 | TID001 | TXN | WITHDRAWAL | SEQ=985324 | CARD=************8901 | AMOUNT=500.00 | CURRENCY=ETB | STATUS=APPROVED | AUTH=272248
2026-06-06 11:56:39 | ATM-001 | TID001 | TXN | WITHDRAWAL | SEQ=842272 | CARD=************9012 | AMOUNT=2000.00 | CURRENCY=ETB | STATUS=TIMEOUT
2026-06-06 11:59:31 | ATM-001 | TID001 | TXN | WITHDRAWAL | SEQ=368169 | CARD=************2345 | AMOUNT=200.00 | CURRENCY=ETB | STATUS=APPROVED | AUTH=224809
2026-06-06 12:02:24 | ATM-001 | TID001 | TXN | WITHDRAWAL | SEQ=694774 | CARD=************1234 | AMOUNT=200.00 | CURRENCY=ETB | STATUS=TIMEOUT
2026-06-06 12:05:17 | ATM-001 | TID001 | TXN | WITHDRAWAL | SEQ=864698 | CARD=************2345 | AMOUNT=100.00 | CURRENCY=ETB | STATUS=APPROVED | AUTH=396459
2026-06-06 12:08:10 | ATM-001 | TID001 | TXN | WITHDRAWAL | SEQ=661507 | CARD=************8901 | AMOUNT=100.00 | CURRENCY=ETB | STATUS=APPROVED | AUTH=515031
2026-06-06 12:11:03 | ATM-001 | TID001 | TXN | WITHDRAWAL | SEQ=730220 | CARD=************4567 | AMOUNT=1000.00 | CURRENCY=ETB | STATUS=APPROVED | AUTH=517711
2026-06-06 12:13:55 | ATM-001 | TID001 | TXN | WITHDRAWAL | SEQ=418719 | CARD=************4567 | AMOUNT=5000.00 | CURRENCY=ETB | STATUS=APPROVED | AUTH=444097
2026-06-06 12:16:48 | ATM-001 | TID001 | TXN | WITHDRAWAL | SEQ=727957 | CARD=************8901 | AMOUNT=500.00 | CURRENCY=ETB | STATUS=APPROVED | AUTH=239866
2026-06-06 12:19:41 | ATM-001 | TID001 | TXN | WITHDRAWAL | SEQ=721975 | CARD=************0123 | AMOUNT=2000.00 | CURRENCY=ETB | STATUS=APPROVED | AUTH=405789
2026-06-06 12:22:34 | ATM-001 | TID001 | TXN | WITHDRAWAL | SEQ=218835 | CARD=************4567 | AMOUNT=100.00 | CURRENCY=ETB | STATUS=APPROVED | AUTH=211259
2026-06-06 12:25:27 | ATM-001 | TID001 | TXN | WITHDRAWAL | SEQ=298474 | CARD=************3456 | AMOUNT=1000.00 | CURRENCY=ETB | STATUS=DECLINED
2026-06-06 12:28:19 | ATM-001 | TID001 | TXN | WITHDRAWAL | SEQ=698066 | CARD=************9012 | AMOUNT=500.00 | CURRENCY=ETB | STATUS=APPROVED | AUTH=910960
2026-06-06 12:31:12 | ATM-001 | TID001 | TXN | WITHDRAWAL | SEQ=679913 | CARD=************5678 | AMOUNT=2000.00 | CURRENCY=ETB | STATUS=APPROVED | AUTH=602636
2026-06-06 12:34:05 | ATM-001 | TID001 | TXN | WITHDRAWAL | SEQ=425069 | CARD=************8901 | AMOUNT=1000.00 | CURRENCY=ETB | STATUS=APPROVED | AUTH=537374
2026-06-06 12:36:58 | ATM-001 | TID001 | TXN | WITHDRAWAL | SEQ=864922 | CARD=************0123 | AMOUNT=1000.00 | CURRENCY=ETB | STATUS=APPROVED | AUTH=847262
2026-06-06 12:39:51 | ATM-001 | TID001 | TXN | WITHDRAWAL | SEQ=331146 | CARD=************9012 | AMOUNT=2000.00 | CURRENCY=ETB | STATUS=APPROVED | AUTH=710207
2026-06-06 12:42:43 | ATM-001 | TID001 | TXN | WITHDRAWAL | SEQ=373373 | CARD=************8901 | AMOUNT=2000.00 | CURRENCY=ETB | STATUS=APPROVED | AUTH=642606
2026-06-06 12:45:36 | ATM-001 | TID001 | TXN | WITHDRAWAL | SEQ=556536 | CARD=************0123 | AMOUNT=100.00 | CURRENCY=ETB | STATUS=APPROVED | AUTH=545054
2026-06-06 12:48:29 | ATM-001 | TID001 | TXN | WITHDRAWAL | SEQ=754267 | CARD=************8901 | AMOUNT=1000.00 | CURRENCY=ETB | STATUS=APPROVED | AUTH=779786
2026-06-06 12:51:22 | ATM-001 | TID001 | TXN | WITHDRAWAL | SEQ=670900 | CARD=************1234 | AMOUNT=1000.00 | CURRENCY=ETB | STATUS=APPROVED | AUTH=194613
2026-06-06 12:54:15 | ATM-001 | TID001 | TXN | WITHDRAWAL | SEQ=897068 | CARD=************4567 | AMOUNT=2000.00 | CURRENCY=ETB | STATUS=DECLINED
2026-06-06 12:57:07 | ATM-001 | TID001 | TXN | WITHDRAWAL | SEQ=206235 | CARD=************7890 | AMOUNT=500.00 | CURRENCY=ETB | STATUS=DECLINED
2026-06-06 13:00:00 | ATM-001 | TID001 | TXN | WITHDRAWAL | SEQ=476644 | CARD=************3456 | AMOUNT=5000.00 | CURRENCY=ETB | STATUS=APPROVED | AUTH=141332
2026-06-06 13:02:53 | ATM-001 | TID001 | TXN | WITHDRAWAL | SEQ=226031 | CARD=************5678 | AMOUNT=200.00 | CURRENCY=ETB | STATUS=TIMEOUT
2026-06-06 13:05:46 | ATM-001 | TID001 | TXN | WITHDRAWAL | SEQ=732313 | CARD=************1234 | AMOUNT=500.00 | CURRENCY=ETB | STATUS=APPROVED | AUTH=432365
2026-06-06 13:08:39 | ATM-001 | TID001 | TXN | WITHDRAWAL | SEQ=413938 | CARD=************6789 | AMOUNT=500.00 | CURRENCY=ETB | STATUS=APPROVED | AUTH=731347
2026-06-06 13:11:31 | ATM-001 | TID001 | TXN | WITHDRAWAL | SEQ=491107 | CARD=************4567 | AMOUNT=5000.00 | CURRENCY=ETB | STATUS=APPROVED | AUTH=283768
2026-06-06 13:14:24 | ATM-001 | TID001 | TXN | WITHDRAWAL | SEQ=278189 | CARD=************8901 | AMOUNT=200.00 | CURRENCY=ETB | STATUS=DECLINED
2026-06-06 13:17:17 | ATM-001 | TID001 | TXN | WITHDRAWAL | SEQ=246907 | CARD=************9012 | AMOUNT=200.00 | CURRENCY=ETB | STATUS=APPROVED | AUTH=373628
2026-06-06 13:20:10 | ATM-001 | TID001 | TXN | WITHDRAWAL | SEQ=800582 | CARD=************8901 | AMOUNT=100.00 | CURRENCY=ETB | STATUS=APPROVED | AUTH=426707
2026-06-06 13:23:03 | ATM-001 | TID001 | TXN | WITHDRAWAL | SEQ=542934 | CARD=************6789 | AMOUNT=5000.00 | CURRENCY=ETB | STATUS=APPROVED | AUTH=932992
2026-06-06 13:25:55 | ATM-001 | TID001 | TXN | WITHDRAWAL | SEQ=690357 | CARD=************2345 | AMOUNT=1000.00 | CURRENCY=ETB | STATUS=DECLINED
2026-06-06 13:28:48 | ATM-001 | TID001 | TXN | WITHDRAWAL | SEQ=644264 | CARD=************3456 | AMOUNT=100.00 | CURRENCY=ETB | STATUS=APPROVED | AUTH=146160
2026-06-06 13:31:41 | ATM-001 | TID001 | TXN | WITHDRAWAL | SEQ=777831 | CARD=************6789 | AMOUNT=1000.00 | CURRENCY=ETB | STATUS=TIMEOUT
2026-06-06 13:34:34 | ATM-001 | TID001 | TXN | WITHDRAWAL | SEQ=846512 | CARD=************5678 | AMOUNT=1000.00 | CURRENCY=ETB | STATUS=APPROVED | AUTH=252986
2026-06-06 13:37:27 | ATM-001 | TID001 | TXN | WITHDRAWAL | SEQ=398883 | CARD=************9012 | AMOUNT=5000.00 | CURRENCY=ETB | STATUS=APPROVED | AUTH=657512
2026-06-06 13:40:19 | ATM-001 | TID001 | TXN | WITHDRAWAL | SEQ=996042 | CARD=************9012 | AMOUNT=2000.00 | CURRENCY=ETB | STATUS=APPROVED | AUTH=310257
2026-06-06 13:43:12 | ATM-001 | TID001 | TXN | WITHDRAWAL | SEQ=276684 | CARD=************0123 | AMOUNT=100.00 | CURRENCY=ETB | STATUS=APPROVED | AUTH=514054
2026-06-06 13:46:05 | ATM-001 | TID001 | TXN | WITHDRAWAL | SEQ=317655 | CARD=************4567 | AMOUNT=1000.00 | CURRENCY=ETB | STATUS=DECLINED
2026-06-06 13:48:58 | ATM-001 | TID001 | TXN | WITHDRAWAL | SEQ=337183 | CARD=************5678 | AMOUNT=200.00 | CURRENCY=ETB | STATUS=APPROVED | AUTH=459228
2026-06-06 13:51:51 | ATM-001 | TID001 | TXN | WITHDRAWAL | SEQ=222373 | CARD=************4567 | AMOUNT=5000.00 | CURRENCY=ETB | STATUS=APPROVED | AUTH=105740
2026-06-06 13:54:43 | ATM-001 | TID001 | TXN | WITHDRAWAL | SEQ=146938 | CARD=************0123 | AMOUNT=100.00 | CURRENCY=ETB | STATUS=APPROVED | AUTH=137736
2026-06-06 13:57:36 | ATM-001 | TID001 | TXN | WITHDRAWAL | SEQ=485320 | CARD=************8901 | AMOUNT=2000.00 | CURRENCY=ETB | STATUS=APPROVED | AUTH=317243
2026-06-06 14:00:29 | ATM-001 | TID001 | TXN | WITHDRAWAL | SEQ=685607 | CARD=************9012 | AMOUNT=100.00 | CURRENCY=ETB | STATUS=APPROVED | AUTH=653350
2026-06-06 14:03:22 | ATM-001 | TID001 | TXN | WITHDRAWAL | SEQ=118400 | CARD=************5678 | AMOUNT=100.00 | CURRENCY=ETB | STATUS=APPROVED | AUTH=606561
2026-06-06 14:06:15 | ATM-001 | TID001 | TXN | WITHDRAWAL | SEQ=192852 | CARD=************4567 | AMOUNT=200.00 | CURRENCY=ETB | STATUS=APPROVED | AUTH=466483
2026-06-06 14:09:07 | ATM-001 | TID001 | TXN | WITHDRAWAL | SEQ=458980 | CARD=************7890 | AMOUNT=500.00 | CURRENCY=ETB | STATUS=APPROVED | AUTH=434176
2026-06-06 14:12:00 | ATM-001 | TID001 | TXN | WITHDRAWAL | SEQ=646060 | CARD=************9012 | AMOUNT=5000.00 | CURRENCY=ETB | STATUS=APPROVED | AUTH=527119
2026-06-06 14:14:53 | ATM-001 | TID001 | TXN | WITHDRAWAL | SEQ=510015 | CARD=************1234 | AMOUNT=500.00 | CURRENCY=ETB | STATUS=APPROVED | AUTH=650768
2026-06-06 14:17:46 | ATM-001 | TID001 | TXN | WITHDRAWAL | SEQ=364053 | CARD=************5678 | AMOUNT=200.00 | CURRENCY=ETB | STATUS=APPROVED | AUTH=767156
2026-06-06 14:20:39 | ATM-001 | TID001 | TXN | WITHDRAWAL | SEQ=426830 | CARD=************1234 | AMOUNT=2000.00 | CURRENCY=ETB | STATUS=APPROVED | AUTH=313048
2026-06-06 14:23:31 | ATM-001 | TID001 | TXN | WITHDRAWAL | SEQ=828329 | CARD=************0123 | AMOUNT=2000.00 | CURRENCY=ETB | STATUS=APPROVED | AUTH=600632
2026-06-06 14:26:24 | ATM-001 | TID001 | TXN | WITHDRAWAL | SEQ=664598 | CARD=************5678 | AMOUNT=1000.00 | CURRENCY=ETB | STATUS=APPROVED | AUTH=392390
2026-06-06 14:29:17 | ATM-001 | TID001 | TXN | WITHDRAWAL | SEQ=888280 | CARD=************9012 | AMOUNT=1000.00 | CURRENCY=ETB | STATUS=APPROVED | AUTH=252297
2026-06-06 14:32:10 | ATM-001 | TID001 | TXN | WITHDRAWAL | SEQ=344164 | CARD=************5678 | AMOUNT=100.00 | CURRENCY=ETB | STATUS=DECLINED
2026-06-06 14:35:03 | ATM-001 | TID001 | TXN | WITHDRAWAL | SEQ=100243 | CARD=************1234 | AMOUNT=2000.00 | CURRENCY=ETB | STATUS=APPROVED | AUTH=687902
2026-06-06 14:37:55 | ATM-001 | TID001 | TXN | WITHDRAWAL | SEQ=241381 | CARD=************7890 | AMOUNT=1000.00 | CURRENCY=ETB | STATUS=APPROVED | AUTH=386641
2026-06-06 14:40:48 | ATM-001 | TID001 | TXN | WITHDRAWAL | SEQ=555661 | CARD=************0123 | AMOUNT=2000.00 | CURRENCY=ETB | STATUS=APPROVED | AUTH=695956
2026-06-06 14:43:41 | ATM-001 | TID001 | TXN | WITHDRAWAL | SEQ=242585 | CARD=************4567 | AMOUNT=500.00 | CURRENCY=ETB | STATUS=APPROVED | AUTH=745514
2026-06-06 14:46:34 | ATM-001 | TID001 | TXN | WITHDRAWAL | SEQ=410177 | CARD=************9012 | AMOUNT=2000.00 | CURRENCY=ETB | STATUS=DECLINED
2026-06-06 14:49:27 | ATM-001 | TID001 | TXN | WITHDRAWAL | SEQ=897560 | CARD=************9012 | AMOUNT=1000.00 | CURRENCY=ETB | STATUS=APPROVED | AUTH=269833
2026-06-06 14:52:19 | ATM-001 | TID001 | TXN | WITHDRAWAL | SEQ=434360 | CARD=************1234 | AMOUNT=1000.00 | CURRENCY=ETB | STATUS=APPROVED | AUTH=945049
2026-06-06 14:55:12 | ATM-001 | TID001 | TXN | WITHDRAWAL | SEQ=374212 | CARD=************3456 | AMOUNT=2000.00 | CURRENCY=ETB | STATUS=APPROVED | AUTH=588067
2026-06-06 14:58:05 | ATM-001 | TID001 | TXN | WITHDRAWAL | SEQ=857288 | CARD=************6789 | AMOUNT=100.00 | CURRENCY=ETB | STATUS=APPROVED | AUTH=702847
2026-06-06 15:00:58 | ATM-001 | TID001 | TXN | WITHDRAWAL | SEQ=857392 | CARD=************2345 | AMOUNT=500.00 | CURRENCY=ETB | STATUS=APPROVED | AUTH=266051
2026-06-06 15:03:51 | ATM-001 | TID001 | TXN | WITHDRAWAL | SEQ=127706 | CARD=************5678 | AMOUNT=100.00 | CURRENCY=ETB | STATUS=APPROVED | AUTH=606024
2026-06-06 15:06:43 | ATM-001 | TID001 | TXN | WITHDRAWAL | SEQ=560997 | CARD=************0123 | AMOUNT=5000.00 | CURRENCY=ETB | STATUS=APPROVED | AUTH=136823
2026-06-06 15:09:36 | ATM-001 | TID001 | TXN | WITHDRAWAL | SEQ=389128 | CARD=************7890 | AMOUNT=1000.00 | CURRENCY=ETB | STATUS=APPROVED | AUTH=159800
2026-06-06 15:12:29 | ATM-001 | TID001 | TXN | WITHDRAWAL | SEQ=543724 | CARD=************4567 | AMOUNT=200.00 | CURRENCY=ETB | STATUS=APPROVED | AUTH=141189
2026-06-06 15:15:22 | ATM-001 | TID001 | TXN | WITHDRAWAL | SEQ=599026 | CARD=************0123 | AMOUNT=2000.00 | CURRENCY=ETB | STATUS=APPROVED | AUTH=359705
2026-06-06 15:18:15 | ATM-001 | TID001 | TXN | WITHDRAWAL | SEQ=976234 | CARD=************0123 | AMOUNT=500.00 | CURRENCY=ETB | STATUS=APPROVED | AUTH=219188
2026-06-06 15:21:07 | ATM-001 | TID001 | TXN | WITHDRAWAL | SEQ=394775 | CARD=************3456 | AMOUNT=500.00 | CURRENCY=ETB | STATUS=DECLINED
2026-06-06 15:24:00 | ATM-001 | TID001 | TXN | WITHDRAWAL | SEQ=161467 | CARD=************3456 | AMOUNT=500.00 | CURRENCY=ETB | STATUS=APPROVED | AUTH=428792
2026-06-06 15:26:53 | ATM-001 | TID001 | TXN | WITHDRAWAL | SEQ=522093 | CARD=************3456 | AMOUNT=200.00 | CURRENCY=ETB | STATUS=APPROVED | AUTH=543109
2026-06-06 15:29:46 | ATM-001 | TID001 | TXN | WITHDRAWAL | SEQ=990708 | CARD=************9012 | AMOUNT=200.00 | CURRENCY=ETB | STATUS=APPROVED | AUTH=858108
2026-06-06 15:32:39 | ATM-001 | TID001 | TXN | WITHDRAWAL | SEQ=546770 | CARD=************0123 | AMOUNT=5000.00 | CURRENCY=ETB | STATUS=APPROVED | AUTH=987125
2026-06-06 15:35:31 | ATM-001 | TID001 | TXN | WITHDRAWAL | SEQ=304747 | CARD=************0123 | AMOUNT=2000.00 | CURRENCY=ETB | STATUS=APPROVED | AUTH=550104
2026-06-06 15:38:24 | ATM-001 | TID001 | TXN | WITHDRAWAL | SEQ=744366 | CARD=************8901 | AMOUNT=1000.00 | CURRENCY=ETB | STATUS=APPROVED | AUTH=904446
2026-06-06 15:41:17 | ATM-001 | TID001 | TXN | WITHDRAWAL | SEQ=356036 | CARD=************3456 | AMOUNT=5000.00 | CURRENCY=ETB | STATUS=APPROVED | AUTH=540827
2026-06-06 15:44:10 | ATM-001 | TID001 | TXN | WITHDRAWAL | SEQ=530117 | CARD=************3456 | AMOUNT=2000.00 | CURRENCY=ETB | STATUS=APPROVED | AUTH=167136
2026-06-06 15:47:03 | ATM-001 | TID001 | TXN | WITHDRAWAL | SEQ=772214 | CARD=************3456 | AMOUNT=200.00 | CURRENCY=ETB | STATUS=APPROVED | AUTH=671961
2026-06-06 15:49:55 | ATM-001 | TID001 | TXN | WITHDRAWAL | SEQ=562612 | CARD=************3456 | AMOUNT=2000.00 | CURRENCY=ETB | STATUS=APPROVED | AUTH=879910
2026-06-06 15:52:48 | ATM-001 | TID001 | TXN | WITHDRAWAL | SEQ=770521 | CARD=************6789 | AMOUNT=2000.00 | CURRENCY=ETB | STATUS=APPROVED | AUTH=773822
2026-06-06 15:55:41 | ATM-001 | TID001 | TXN | WITHDRAWAL | SEQ=934526 | CARD=************7890 | AMOUNT=200.00 | CURRENCY=ETB | STATUS=APPROVED | AUTH=248870
2026-06-06 15:58:34 | ATM-001 | TID001 | TXN | WITHDRAWAL | SEQ=737088 | CARD=************3456 | AMOUNT=500.00 | CURRENCY=ETB | STATUS=APPROVED | AUTH=282382
2026-06-06 16:01:27 | ATM-001 | TID001 | TXN | WITHDRAWAL | SEQ=679664 | CARD=************8901 | AMOUNT=2000.00 | CURRENCY=ETB | STATUS=APPROVED | AUTH=953413
2026-06-06 16:04:19 | ATM-001 | TID001 | TXN | WITHDRAWAL | SEQ=551060 | CARD=************6789 | AMOUNT=500.00 | CURRENCY=ETB | STATUS=APPROVED | AUTH=113540
2026-06-06 16:07:12 | ATM-001 | TID001 | TXN | WITHDRAWAL | SEQ=124186 | CARD=************2345 | AMOUNT=5000.00 | CURRENCY=ETB | STATUS=APPROVED | AUTH=509215
2026-06-06 16:10:05 | ATM-001 | TID001 | TXN | WITHDRAWAL | SEQ=564839 | CARD=************3456 | AMOUNT=2000.00 | CURRENCY=ETB | STATUS=DECLINED
2026-06-06 16:12:58 | ATM-001 | TID001 | TXN | WITHDRAWAL | SEQ=579156 | CARD=************2345 | AMOUNT=5000.00 | CURRENCY=ETB | STATUS=APPROVED | AUTH=260517
2026-06-06 16:15:51 | ATM-001 | TID001 | TXN | WITHDRAWAL | SEQ=529254 | CARD=************4567 | AMOUNT=2000.00 | CURRENCY=ETB | STATUS=APPROVED | AUTH=441113
2026-06-06 16:18:43 | ATM-001 | TID001 | TXN | WITHDRAWAL | SEQ=210697 | CARD=************5678 | AMOUNT=500.00 | CURRENCY=ETB | STATUS=APPROVED | AUTH=331164
2026-06-06 16:21:36 | ATM-001 | TID001 | TXN | WITHDRAWAL | SEQ=421902 | CARD=************3456 | AMOUNT=100.00 | CURRENCY=ETB | STATUS=APPROVED | AUTH=906149
2026-06-06 16:24:29 | ATM-001 | TID001 | TXN | WITHDRAWAL | SEQ=802861 | CARD=************5678 | AMOUNT=2000.00 | CURRENCY=ETB | STATUS=APPROVED | AUTH=449791
2026-06-06 16:27:22 | ATM-001 | TID001 | TXN | WITHDRAWAL | SEQ=672749 | CARD=************8901 | AMOUNT=2000.00 | CURRENCY=ETB | STATUS=APPROVED | AUTH=428231
2026-06-06 16:28:10 | ATM-001 | TID001 | TXN | WITHDRAWAL | SEQ=899967 | CARD=************8901 | AMOUNT=5000.00 | CURRENCY=ETB | STATUS=DECLINED
2026-06-06 16:28:53 | ATM-001 | TID001 | TXN | BALANCE_INQ | SEQ=460590 | CARD=************5678 | STATUS=APPROVED
2026-06-06 16:29:51 | ATM-001 | TID001 | TXN | CARDLESS_TXN | SEQ=275759 | CARD=************5678 | STATUS=DECLINED
2026-06-06 16:30:44 | ATM-001 | TID001 | TXN | WITHDRAWAL | SEQ=156907 | CARD=************1234 | AMOUNT=5000.00 | CURRENCY=ETB | STATUS=TIMEOUT
2026-06-06 16:31:17 | ATM-001 | TID001 | TXN | BALANCE_INQ | SEQ=648127 | CARD=************6789 | STATUS=APPROVED
2026-06-06 16:32:14 | ATM-001 | TID001 | TXN | CARDLESS_TXN | SEQ=300145 | CARD=************0123 | STATUS=APPROVED
2026-06-06 16:32:47 | ATM-001 | TID001 | CASH | CASSETTE_LOADED | CASSETTE=1 | AMOUNT=250000.00 | OPERATOR=OP001
2026-06-06 16:33:22 | ATM-001 | TID001 | TXN | WITHDRAWAL | SEQ=326433 | CARD=************9012 | AMOUNT=100.00 | CURRENCY=ETB | STATUS=APPROVED | AUTH=296231
2026-06-06 16:34:20 | ATM-001 | TID001 | TXN | WITHDRAWAL | SEQ=101846 | CARD=************8901 | AMOUNT=1000.00 | CURRENCY=ETB | STATUS=APPROVED | AUTH=943516
2026-06-06 16:34:52 | ATM-001 | TID001 | TXN | WITHDRAWAL | SEQ=333561 | CARD=************1234 | AMOUNT=100.00 | CURRENCY=ETB | STATUS=APPROVED | AUTH=571662
2026-06-06 16:35:32 | ATM-001 | TID001 | TXN | WITHDRAWAL | SEQ=247239 | CARD=************9012 | AMOUNT=100.00 | CURRENCY=ETB | STATUS=APPROVED | AUTH=707940
2026-06-06 16:36:28 | ATM-001 | TID001 | TXN | WITHDRAWAL | SEQ=112096 | CARD=************5678 | AMOUNT=5000.00 | CURRENCY=ETB | STATUS=APPROVED | AUTH=957130
2026-06-06 16:37:23 | ATM-001 | TID001 | TXN | WITHDRAWAL | SEQ=213870 | CARD=************6789 | AMOUNT=1000.00 | CURRENCY=ETB | STATUS=APPROVED | AUTH=577139
2026-06-06 16:38:01 | ATM-001 | TID001 | TXN | WITHDRAWAL | SEQ=654722 | CARD=************0123 | AMOUNT=5000.00 | CURRENCY=ETB | STATUS=DECLINED
2026-06-06 16:38:54 | ATM-001 | TID001 | TXN | WITHDRAWAL | SEQ=801070 | CARD=************0123 | AMOUNT=500.00 | CURRENCY=ETB | STATUS=APPROVED | AUTH=606591
2026-06-06 16:39:27 | ATM-001 | TID001 | TXN | WITHDRAWAL | SEQ=570283 | CARD=************1234 | AMOUNT=1000.00 | CURRENCY=ETB | STATUS=APPROVED | AUTH=392808
2026-06-06 16:40:12 | ATM-001 | TID001 | TXN | BALANCE_INQ | SEQ=466188 | CARD=************5678 | STATUS=APPROVED
2026-06-06 16:40:49 | ATM-001 | TID001 | TXN | BALANCE_INQ | SEQ=779990 | CARD=************2345 | STATUS=APPROVED
2026-06-06 16:41:45 | ATM-001 | TID001 | TXN | WITHDRAWAL | SEQ=571389 | CARD=************3456 | AMOUNT=1000.00 | CURRENCY=ETB | STATUS=APPROVED | AUTH=264750
2026-06-06 16:42:39 | ATM-001 | TID001 | TXN | WITHDRAWAL | SEQ=888905 | CARD=************1234 | AMOUNT=100.00 | CURRENCY=ETB | STATUS=ERROR
2026-06-06 16:43:18 | ATM-001 | TID001 | TXN | BALANCE_INQ | SEQ=258521 | CARD=************9012 | STATUS=APPROVED
2026-06-06 16:44:06 | ATM-001 | TID001 | TXN | MINI_STATEMENT | SEQ=468367 | CARD=************7890 | STATUS=APPROVED
2026-06-06 16:44:52 | ATM-001 | TID001 | TXN | WITHDRAWAL | SEQ=694890 | CARD=************0123 | AMOUNT=200.00 | CURRENCY=ETB | STATUS=APPROVED | AUTH=511588
2026-06-06 16:45:28 | ATM-001 | TID001 | TXN | BALANCE_INQ | SEQ=984184 | CARD=************7890 | STATUS=APPROVED
2026-06-06 16:46:14 | ATM-001 | TID001 | TXN | BALANCE_INQ | SEQ=530097 | CARD=************7890 | STATUS=APPROVED
2026-06-06 16:46:50 | ATM-001 | TID001 | TXN | BALANCE_INQ | SEQ=371865 | CARD=************7890 | STATUS=APPROVED
2026-06-06 16:47:26 | ATM-001 | TID001 | TXN | WITHDRAWAL | SEQ=825139 | CARD=************7890 | AMOUNT=200.00 | CURRENCY=ETB | STATUS=APPROVED | AUTH=699442
2026-06-06 16:47:56 | ATM-001 | TID001 | TXN | WITHDRAWAL | SEQ=505751 | CARD=************4567 | AMOUNT=2000.00 | CURRENCY=ETB | STATUS=APPROVED | AUTH=189004
2026-06-06 16:48:34 | ATM-001 | TID001 | TXN | WITHDRAWAL | SEQ=930343 | CARD=************4567 | AMOUNT=2000.00 | CURRENCY=ETB | STATUS=APPROVED | AUTH=486783
2026-06-06 16:49:05 | ATM-001 | TID001 | TXN | WITHDRAWAL | SEQ=271058 | CARD=************2345 | AMOUNT=100.00 | CURRENCY=ETB | STATUS=APPROVED | AUTH=556361
2026-06-06 16:49:40 | ATM-001 | TID001 | TXN | MINI_STATEMENT | SEQ=655977 | CARD=************5678 | STATUS=APPROVED
2026-06-06 16:50:31 | ATM-001 | TID001 | TXN | WITHDRAWAL | SEQ=684836 | CARD=************0123 | AMOUNT=5000.00 | CURRENCY=ETB | STATUS=APPROVED | AUTH=902633
2026-06-06 16:51:19 | ATM-001 | TID001 | CASH | CASSETTE_LOADED | CASSETTE=4 | AMOUNT=250000.00 | OPERATOR=OP009
2026-06-06 16:52:02 | ATM-001 | TID001 | TXN | WITHDRAWAL | SEQ=150692 | CARD=************5678 | AMOUNT=200.00 | CURRENCY=ETB | STATUS=APPROVED | AUTH=612709
2026-06-06 16:52:57 | ATM-001 | TID001 | ERROR | NETWORK_TIMEOUT | CODE=44AA | CASSETTE=2
2026-06-06 16:53:47 | ATM-001 | TID001 | TXN | WITHDRAWAL | SEQ=631491 | CARD=************7890 | AMOUNT=2000.00 | CURRENCY=ETB | STATUS=APPROVED | AUTH=203870
2026-06-06 16:54:46 | ATM-001 | TID001 | TXN | TRANSFER | SEQ=912488 | CARD=************6789 | AMOUNT=500.00 | CURRENCY=ETB | STATUS=APPROVED | AUTH=531966
2026-06-06 16:55:40 | ATM-001 | TID001 | TXN | WITHDRAWAL | SEQ=251944 | CARD=************2345 | AMOUNT=100.00 | CURRENCY=ETB | STATUS=APPROVED | AUTH=609554
2026-06-06 16:56:37 | ATM-001 | TID001 | TXN | WITHDRAWAL | SEQ=309493 | CARD=************9012 | AMOUNT=100.00 | CURRENCY=ETB | STATUS=APPROVED | AUTH=528917
2026-06-06 16:57:11 | ATM-001 | TID001 | TXN | BALANCE_INQ | SEQ=762702 | CARD=************5678 | STATUS=DECLINED
2026-06-06 16:57:59 | ATM-001 | TID001 | CASH | CASSETTE_LOADED | CASSETTE=1 | AMOUNT=200000.00 | OPERATOR=OP008
2026-06-06 16:58:45 | ATM-001 | TID001 | TXN | MINI_STATEMENT | SEQ=721238 | CARD=************0123 | STATUS=TIMEOUT
2026-06-06 16:59:20 | ATM-001 | TID001 | ERROR | CARD_READ_ERROR | CODE=B2C1 | CASSETTE=3
2026-06-06 16:59:53 | ATM-001 | TID001 | TXN | WITHDRAWAL | SEQ=808599 | CARD=************6789 | AMOUNT=100.00 | CURRENCY=ETB | STATUS=APPROVED | AUTH=977420
2026-06-06 17:00:47 | ATM-001 | TID001 | TXN | WITHDRAWAL | SEQ=332652 | CARD=************5678 | AMOUNT=2000.00 | CURRENCY=ETB | STATUS=APPROVED | AUTH=915559
2026-06-06 17:01:05 | ATM-001 | TID001 | TXN | BALANCE_INQ | SEQ=726304 | CARD=************6789 | STATUS=APPROVED
2026-06-06 17:01:18 | ATM-001 | TID001 | CASH | CASSETTE_LOADED | CASSETTE=2 | AMOUNT=250000.00 | OPERATOR=OP003
2026-06-06 17:01:27 | ATM-001 | TID001 | TXN | WITHDRAWAL | SEQ=794213 | CARD=************4567 | AMOUNT=500.00 | CURRENCY=ETB | STATUS=APPROVED | AUTH=826045
2026-06-06 17:01:38 | ATM-001 | TID001 | CASH | CASSETTE_LOADED | CASSETTE=3 | AMOUNT=100000.00 | OPERATOR=OP003
2026-06-06 17:01:55 | ATM-001 | TID001 | TXN | CARDLESS_TXN | SEQ=933030 | CARD=************6789 | STATUS=APPROVED
2026-06-06 17:02:05 | ATM-001 | TID001 | ERROR | CARD_READ_ERROR | CODE=B2C1 | CASSETTE=2
2026-06-06 17:02:22 | ATM-001 | TID001 | TXN | WITHDRAWAL | SEQ=953566 | CARD=************2345 | AMOUNT=100.00 | CURRENCY=ETB | STATUS=ERROR
2026-06-06 17:02:37 | ATM-001 | TID001 | TXN | MINI_STATEMENT | SEQ=755049 | CARD=************4567 | STATUS=APPROVED
2026-06-06 17:02:46 | ATM-001 | TID001 | TXN | BALANCE_INQ | SEQ=915398 | CARD=************2345 | STATUS=APPROVED
2026-06-06 17:03:05 | ATM-001 | TID001 | TXN | WITHDRAWAL | SEQ=279957 | CARD=************6789 | AMOUNT=5000.00 | CURRENCY=ETB | STATUS=APPROVED | AUTH=427334
2026-06-06 17:03:24 | ATM-001 | TID001 | TXN | BALANCE_INQ | SEQ=309243 | CARD=************9012 | STATUS=APPROVED
2026-06-06 17:03:35 | ATM-001 | TID001 | TXN | WITHDRAWAL | SEQ=219653 | CARD=************1234 | AMOUNT=5000.00 | CURRENCY=ETB | STATUS=APPROVED | AUTH=669351
2026-06-06 17:03:53 | ATM-001 | TID001 | TXN | TRANSFER | SEQ=978118 | CARD=************4567 | AMOUNT=2000.00 | CURRENCY=ETB | STATUS=APPROVED | AUTH=100695
2026-06-06 17:04:11 | ATM-001 | TID001 | TXN | WITHDRAWAL | SEQ=322359 | CARD=************9012 | AMOUNT=10000.00 | CURRENCY=ETB | STATUS=APPROVED | AUTH=638622
2026-06-06 17:04:26 | ATM-001 | TID001 | TXN | TRANSFER | SEQ=857671 | CARD=************8901 | AMOUNT=2000.00 | CURRENCY=ETB | STATUS=APPROVED | AUTH=720276
2026-06-06 17:04:42 | ATM-001 | TID001 | TXN | BALANCE_INQ | SEQ=543901 | CARD=************7890 | STATUS=APPROVED
2026-06-06 17:04:55 | ATM-001 | TID001 | TXN | WITHDRAWAL | SEQ=656798 | CARD=************1234 | AMOUNT=100.00 | CURRENCY=ETB | STATUS=APPROVED | AUTH=512989
2026-06-06 17:05:13 | ATM-001 | TID001 | TXN | MINI_STATEMENT | SEQ=996769 | CARD=************5678 | STATUS=APPROVED
2026-06-06 17:05:23 | ATM-001 | TID001 | CASH | CASSETTE_LOADED | CASSETTE=1 | AMOUNT=100000.00 | OPERATOR=OP005
2026-06-06 17:05:39 | ATM-001 | TID001 | TXN | BALANCE_INQ | SEQ=209055 | CARD=************4567 | STATUS=APPROVED
2026-06-06 17:05:57 | ATM-001 | TID001 | TXN | WITHDRAWAL | SEQ=448528 | CARD=************4567 | AMOUNT=10000.00 | CURRENCY=ETB | STATUS=APPROVED | AUTH=421426
2026-06-06 17:06:13 | ATM-001 | TID001 | TXN | WITHDRAWAL | SEQ=914984 | CARD=************5678 | AMOUNT=500.00 | CURRENCY=ETB | STATUS=APPROVED | AUTH=942092
2026-06-06 17:06:32 | ATM-001 | TID001 | TXN | WITHDRAWAL | SEQ=691187 | CARD=************5678 | AMOUNT=1000.00 | CURRENCY=ETB | STATUS=APPROVED | AUTH=364845
2026-06-06 17:06:46 | ATM-001 | TID001 | TXN | MINI_STATEMENT | SEQ=599263 | CARD=************1234 | STATUS=DECLINED
2026-06-06 17:06:54 | ATM-001 | TID001 | TXN | WITHDRAWAL | SEQ=761793 | CARD=************2345 | AMOUNT=10000.00 | CURRENCY=ETB | STATUS=DECLINED
2026-06-06 17:07:14 | ATM-001 | TID001 | TXN | MINI_STATEMENT | SEQ=154729 | CARD=************9012 | STATUS=APPROVED
2026-06-06 17:07:25 | ATM-001 | TID001 | TXN | WITHDRAWAL | SEQ=726894 | CARD=************5678 | AMOUNT=500.00 | CURRENCY=ETB | STATUS=APPROVED | AUTH=959572
2026-06-06 17:07:39 | ATM-001 | TID001 | TXN | CARDLESS_TXN | SEQ=117175 | CARD=************3456 | STATUS=APPROVED
2026-06-06 17:07:56 | ATM-001 | TID001 | TXN | BALANCE_INQ | SEQ=443353 | CARD=************3456 | STATUS=APPROVED
2026-06-06 17:08:05 | ATM-001 | TID001 | TXN | WITHDRAWAL | SEQ=541245 | CARD=************3456 | AMOUNT=100.00 | CURRENCY=ETB | STATUS=APPROVED | AUTH=682442
2026-06-06 17:08:23 | ATM-001 | TID001 | TXN | MINI_STATEMENT | SEQ=349893 | CARD=************4567 | STATUS=APPROVED
2026-06-06 17:08:32 | ATM-001 | TID001 | TXN | WITHDRAWAL | SEQ=378039 | CARD=************7890 | AMOUNT=2000.00 | CURRENCY=ETB | STATUS=DECLINED
2026-06-06 17:08:47 | ATM-001 | TID001 | TXN | WITHDRAWAL | SEQ=965115 | CARD=************5678 | AMOUNT=200.00 | CURRENCY=ETB | STATUS=ERROR
2026-06-06 17:09:00 | ATM-001 | TID001 | ERROR | CASH_JAM_CASSETTE | CODE=3A7F | CASSETTE=2
2026-06-06 17:09:12 | ATM-001 | TID001 | TXN | WITHDRAWAL | SEQ=606755 | CARD=************1234 | AMOUNT=200.00 | CURRENCY=ETB | STATUS=APPROVED | AUTH=432280
2026-06-06 17:09:27 | ATM-001 | TID001 | TXN | WITHDRAWAL | SEQ=875945 | CARD=************8901 | AMOUNT=5000.00 | CURRENCY=ETB | STATUS=APPROVED | AUTH=212385
2026-06-06 17:09:38 | ATM-001 | TID001 | TXN | MINI_STATEMENT | SEQ=922696 | CARD=************2345 | STATUS=DECLINED
2026-06-06 17:09:48 | ATM-001 | TID001 | TXN | WITHDRAWAL | SEQ=752320 | CARD=************0123 | AMOUNT=500.00 | CURRENCY=ETB | STATUS=APPROVED | AUTH=614329
2026-06-06 17:10:04 | ATM-001 | TID001 | TXN | WITHDRAWAL | SEQ=731980 | CARD=************8901 | AMOUNT=200.00 | CURRENCY=ETB | STATUS=APPROVED | AUTH=867167
2026-06-06 17:10:15 | ATM-001 | TID001 | TXN | WITHDRAWAL | SEQ=431265 | CARD=************3456 | AMOUNT=5000.00 | CURRENCY=ETB | STATUS=TIMEOUT
2026-06-06 17:10:29 | ATM-001 | TID001 | TXN | BALANCE_INQ | SEQ=196021 | CARD=************0123 | STATUS=DECLINED
2026-06-06 17:10:45 | ATM-001 | TID001 | TXN | WITHDRAWAL | SEQ=148513 | CARD=************3456 | AMOUNT=2000.00 | CURRENCY=ETB | STATUS=APPROVED | AUTH=790552
2026-06-06 17:10:57 | ATM-001 | TID001 | ERROR | CASH_JAM_CASSETTE | CODE=3A7F | CASSETTE=3
2026-06-06 17:11:06 | ATM-001 | TID001 | TXN | BALANCE_INQ | SEQ=514369 | CARD=************3456 | STATUS=TIMEOUT
2026-06-06 17:11:24 | ATM-001 | TID001 | CASH | CASSETTE_LOADED | CASSETTE=3 | AMOUNT=250000.00 | OPERATOR=OP006
2026-06-06 17:11:34 | ATM-001 | TID001 | TXN | WITHDRAWAL | SEQ=765324 | CARD=************0123 | AMOUNT=100.00 | CURRENCY=ETB | STATUS=APPROVED | AUTH=816467
2026-06-06 17:11:45 | ATM-001 | TID001 | TXN | BALANCE_INQ | SEQ=906533 | CARD=************5678 | STATUS=APPROVED
2026-06-06 17:11:53 | ATM-001 | TID001 | TXN | CARDLESS_TXN | SEQ=768766 | CARD=************7890 | STATUS=TIMEOUT
2026-06-06 17:12:09 | ATM-001 | TID001 | TXN | WITHDRAWAL | SEQ=222342 | CARD=************6789 | AMOUNT=100.00 | CURRENCY=ETB | STATUS=APPROVED | AUTH=235949
2026-06-06 17:12:17 | ATM-001 | TID001 | TXN | WITHDRAWAL | SEQ=829565 | CARD=************0123 | AMOUNT=5000.00 | CURRENCY=ETB | STATUS=APPROVED | AUTH=686387
2026-06-06 17:12:33 | ATM-001 | TID001 | TXN | MINI_STATEMENT | SEQ=790244 | CARD=************6789 | STATUS=ERROR
2026-06-06 17:12:46 | ATM-001 | TID001 | TXN | WITHDRAWAL | SEQ=170377 | CARD=************8901 | AMOUNT=5000.00 | CURRENCY=ETB | STATUS=APPROVED | AUTH=970729
2026-06-06 17:13:00 | ATM-001 | TID001 | TXN | WITHDRAWAL | SEQ=941686 | CARD=************4567 | AMOUNT=200.00 | CURRENCY=ETB | STATUS=APPROVED | AUTH=741076
2026-06-06 17:13:19 | ATM-001 | TID001 | TXN | WITHDRAWAL | SEQ=744744 | CARD=************4567 | AMOUNT=1000.00 | CURRENCY=ETB | STATUS=APPROVED | AUTH=272000
2026-06-06 17:13:37 | ATM-001 | TID001 | TXN | WITHDRAWAL | SEQ=444823 | CARD=************7890 | AMOUNT=2000.00 | CURRENCY=ETB | STATUS=APPROVED | AUTH=997690
2026-06-06 17:13:48 | ATM-001 | TID001 | TXN | MINI_STATEMENT | SEQ=769715 | CARD=************1234 | STATUS=APPROVED
2026-06-06 17:14:08 | ATM-001 | TID001 | TXN | MINI_STATEMENT | SEQ=393911 | CARD=************4567 | STATUS=APPROVED
2026-06-06 17:14:17 | ATM-001 | TID001 | TXN | WITHDRAWAL | SEQ=573160 | CARD=************1234 | AMOUNT=200.00 | CURRENCY=ETB | STATUS=APPROVED | AUTH=537460
2026-06-06 17:14:36 | ATM-001 | TID001 | TXN | WITHDRAWAL | SEQ=267766 | CARD=************9012 | AMOUNT=500.00 | CURRENCY=ETB | STATUS=APPROVED | AUTH=601458
2026-06-06 17:14:55 | ATM-001 | TID001 | TXN | WITHDRAWAL | SEQ=972080 | CARD=************7890 | AMOUNT=10000.00 | CURRENCY=ETB | STATUS=APPROVED | AUTH=800423
2026-06-06 17:15:08 | ATM-001 | TID001 | ERROR | RECEIPT_PAPER_LOW | CODE=FF01 | CASSETTE=2
2026-06-06 17:15:19 | ATM-001 | TID001 | TXN | TRANSFER | SEQ=829913 | CARD=************6789 | AMOUNT=200.00 | CURRENCY=ETB | STATUS=APPROVED | AUTH=220493
2026-06-06 17:15:34 | ATM-001 | TID001 | TXN | BALANCE_INQ | SEQ=522083 | CARD=************7890 | STATUS=APPROVED
2026-06-06 17:15:49 | ATM-001 | TID001 | TXN | BALANCE_INQ | SEQ=872449 | CARD=************6789 | STATUS=APPROVED
2026-06-06 17:15:59 | ATM-001 | TID001 | TXN | BALANCE_INQ | SEQ=322872 | CARD=************4567 | STATUS=APPROVED
2026-06-06 17:16:14 | ATM-001 | TID001 | TXN | WITHDRAWAL | SEQ=669298 | CARD=************3456 | AMOUNT=100.00 | CURRENCY=ETB | STATUS=APPROVED | AUTH=618025
2026-06-06 17:16:28 | ATM-001 | TID001 | TXN | WITHDRAWAL | SEQ=105795 | CARD=************5678 | AMOUNT=200.00 | CURRENCY=ETB | STATUS=APPROVED | AUTH=769245
2026-06-06 17:16:36 | ATM-001 | TID001 | TXN | WITHDRAWAL | SEQ=844297 | CARD=************5678 | AMOUNT=500.00 | CURRENCY=ETB | STATUS=APPROVED | AUTH=838819
2026-06-06 17:16:51 | ATM-001 | TID001 | TXN | WITHDRAWAL | SEQ=178527 | CARD=************0123 | AMOUNT=100.00 | CURRENCY=ETB | STATUS=APPROVED | AUTH=336922
2026-06-06 17:17:00 | ATM-001 | TID001 | TXN | BALANCE_INQ | SEQ=426695 | CARD=************6789 | STATUS=APPROVED
2026-06-06 17:17:13 | ATM-001 | TID001 | TXN | MINI_STATEMENT | SEQ=201331 | CARD=************2345 | STATUS=APPROVED
2026-06-06 17:17:23 | ATM-001 | TID001 | TXN | BALANCE_INQ | SEQ=767421 | CARD=************3456 | STATUS=APPROVED
2026-06-06 17:17:42 | ATM-001 | TID001 | TXN | WITHDRAWAL | SEQ=223935 | CARD=************3456 | AMOUNT=1000.00 | CURRENCY=ETB | STATUS=APPROVED | AUTH=501788
2026-06-06 17:17:57 | ATM-001 | TID001 | TXN | MINI_STATEMENT | SEQ=539615 | CARD=************0123 | STATUS=APPROVED
2026-06-06 17:18:15 | ATM-001 | TID001 | TXN | WITHDRAWAL | SEQ=721777 | CARD=************2345 | AMOUNT=1000.00 | CURRENCY=ETB | STATUS=APPROVED | AUTH=612438
2026-06-06 17:18:32 | ATM-001 | TID001 | TXN | BALANCE_INQ | SEQ=371306 | CARD=************6789 | STATUS=APPROVED
2026-06-06 17:18:43 | ATM-001 | TID001 | TXN | WITHDRAWAL | SEQ=870550 | CARD=************4567 | AMOUNT=1000.00 | CURRENCY=ETB | STATUS=APPROVED | AUTH=830262
2026-06-06 17:19:02 | ATM-001 | TID001 | TXN | BALANCE_INQ | SEQ=819370 | CARD=************5678 | STATUS=APPROVED
2026-06-06 17:19:15 | ATM-001 | TID001 | TXN | WITHDRAWAL | SEQ=376253 | CARD=************8901 | AMOUNT=10000.00 | CURRENCY=ETB | STATUS=APPROVED | AUTH=413862
2026-06-06 17:19:31 | ATM-001 | TID001 | TXN | WITHDRAWAL | SEQ=221754 | CARD=************8901 | AMOUNT=500.00 | CURRENCY=ETB | STATUS=APPROVED | AUTH=174791
2026-06-06 17:19:47 | ATM-001 | TID001 | TXN | BALANCE_INQ | SEQ=717069 | CARD=************0123 | STATUS=APPROVED
2026-06-06 17:19:59 | ATM-001 | TID001 | TXN | BALANCE_INQ | SEQ=801419 | CARD=************5678 | STATUS=DECLINED
2026-06-06 17:20:09 | ATM-001 | TID001 | TXN | WITHDRAWAL | SEQ=280761 | CARD=************8901 | AMOUNT=5000.00 | CURRENCY=ETB | STATUS=APPROVED | AUTH=648616
2026-06-06 17:20:18 | ATM-001 | TID001 | TXN | BALANCE_INQ | SEQ=481386 | CARD=************6789 | STATUS=APPROVED
2026-06-06 17:20:36 | ATM-001 | TID001 | TXN | MINI_STATEMENT | SEQ=561838 | CARD=************7890 | STATUS=APPROVED
2026-06-06 17:20:50 | ATM-001 | TID001 | TXN | WITHDRAWAL | SEQ=585148 | CARD=************5678 | AMOUNT=500.00 | CURRENCY=ETB | STATUS=APPROVED | AUTH=358677
2026-06-06 17:21:04 | ATM-001 | TID001 | TXN | WITHDRAWAL | SEQ=964860 | CARD=************5678 | AMOUNT=2000.00 | CURRENCY=ETB | STATUS=APPROVED | AUTH=945279
2026-06-06 17:21:15 | ATM-001 | TID001 | TXN | BALANCE_INQ | SEQ=558928 | CARD=************6789 | STATUS=APPROVED
2026-06-06 17:21:26 | ATM-001 | TID001 | TXN | WITHDRAWAL | SEQ=249121 | CARD=************1234 | AMOUNT=5000.00 | CURRENCY=ETB | STATUS=TIMEOUT
2026-06-06 17:21:41 | ATM-001 | TID001 | TXN | WITHDRAWAL | SEQ=271226 | CARD=************7890 | AMOUNT=5000.00 | CURRENCY=ETB | STATUS=APPROVED | AUTH=670895
2026-06-06 17:21:49 | ATM-001 | TID001 | TXN | TRANSFER | SEQ=882682 | CARD=************3456 | AMOUNT=500.00 | CURRENCY=ETB | STATUS=APPROVED | AUTH=554443
2026-06-06 17:22:02 | ATM-001 | TID001 | TXN | BALANCE_INQ | SEQ=537175 | CARD=************4567 | STATUS=APPROVED
2026-06-06 17:22:20 | ATM-001 | TID001 | TXN | WITHDRAWAL | SEQ=672943 | CARD=************0123 | AMOUNT=100.00 | CURRENCY=ETB | STATUS=APPROVED | AUTH=838823
2026-06-06 17:22:37 | ATM-001 | TID001 | TXN | WITHDRAWAL | SEQ=375190 | CARD=************5678 | AMOUNT=200.00 | CURRENCY=ETB | STATUS=APPROVED | AUTH=566717
2026-06-06 17:22:56 | ATM-001 | TID001 | TXN | TRANSFER | SEQ=642359 | CARD=************7890 | AMOUNT=1000.00 | CURRENCY=ETB | STATUS=APPROVED | AUTH=220823
2026-06-06 17:23:13 | ATM-001 | TID001 | TXN | WITHDRAWAL | SEQ=415383 | CARD=************9012 | AMOUNT=1000.00 | CURRENCY=ETB | STATUS=APPROVED | AUTH=676381
2026-06-06 17:23:32 | ATM-001 | TID001 | TXN | WITHDRAWAL | SEQ=296916 | CARD=************6789 | AMOUNT=5000.00 | CURRENCY=ETB | STATUS=APPROVED | AUTH=965588
2026-06-06 17:23:43 | ATM-001 | TID001 | TXN | WITHDRAWAL | SEQ=466714 | CARD=************4567 | AMOUNT=5000.00 | CURRENCY=ETB | STATUS=APPROVED | AUTH=960520
2026-06-06 17:23:54 | ATM-001 | TID001 | TXN | WITHDRAWAL | SEQ=105253 | CARD=************1234 | AMOUNT=10000.00 | CURRENCY=ETB | STATUS=APPROVED | AUTH=623923
2026-06-06 17:24:06 | ATM-001 | TID001 | TXN | TRANSFER | SEQ=335414 | CARD=************5678 | AMOUNT=100.00 | CURRENCY=ETB | STATUS=APPROVED | AUTH=252453
2026-06-06 17:24:17 | ATM-001 | TID001 | TXN | WITHDRAWAL | SEQ=699686 | CARD=************4567 | AMOUNT=100.00 | CURRENCY=ETB | STATUS=DECLINED
2026-06-06 17:24:35 | ATM-001 | TID001 | TXN | BALANCE_INQ | SEQ=643614 | CARD=************9012 | STATUS=APPROVED
2026-06-06 17:24:54 | ATM-001 | TID001 | TXN | WITHDRAWAL | SEQ=518103 | CARD=************9012 | AMOUNT=5000.00 | CURRENCY=ETB | STATUS=APPROVED | AUTH=780223
2026-06-06 17:25:07 | ATM-001 | TID001 | TXN | BALANCE_INQ | SEQ=148632 | CARD=************9012 | STATUS=APPROVED
2026-06-06 17:25:26 | ATM-001 | TID001 | TXN | BALANCE_INQ | SEQ=706695 | CARD=************8901 | STATUS=APPROVED
2026-06-06 17:25:43 | ATM-001 | TID001 | TXN | WITHDRAWAL | SEQ=975170 | CARD=************2345 | AMOUNT=500.00 | CURRENCY=ETB | STATUS=APPROVED | AUTH=360762
2026-06-06 17:26:03 | ATM-001 | TID001 | TXN | WITHDRAWAL | SEQ=406348 | CARD=************0123 | AMOUNT=5000.00 | CURRENCY=ETB | STATUS=APPROVED | AUTH=321163
2026-06-06 17:26:19 | ATM-001 | TID001 | TXN | BALANCE_INQ | SEQ=890210 | CARD=************2345 | STATUS=APPROVED
2026-06-06 17:26:32 | ATM-001 | TID001 | TXN | WITHDRAWAL | SEQ=806161 | CARD=************7890 | AMOUNT=200.00 | CURRENCY=ETB | STATUS=APPROVED | AUTH=167950
2026-06-06 17:26:41 | ATM-001 | TID001 | TXN | WITHDRAWAL | SEQ=241236 | CARD=************3456 | AMOUNT=100.00 | CURRENCY=ETB | STATUS=APPROVED | AUTH=736043
2026-06-06 17:26:54 | ATM-001 | TID001 | TXN | WITHDRAWAL | SEQ=209832 | CARD=************5678 | AMOUNT=2000.00 | CURRENCY=ETB | STATUS=TIMEOUT
2026-06-06 17:27:09 | ATM-001 | TID001 | TXN | WITHDRAWAL | SEQ=743589 | CARD=************7890 | AMOUNT=100.00 | CURRENCY=ETB | STATUS=DECLINED
2026-06-06 17:27:23 | ATM-001 | TID001 | TXN | BALANCE_INQ | SEQ=637192 | CARD=************3456 | STATUS=APPROVED
2026-06-06 17:27:37 | ATM-001 | TID001 | TXN | WITHDRAWAL | SEQ=965038 | CARD=************7890 | AMOUNT=100.00 | CURRENCY=ETB | STATUS=DECLINED
2026-06-06 17:27:53 | ATM-001 | TID001 | TXN | BALANCE_INQ | SEQ=355755 | CARD=************6789 | STATUS=APPROVED
2026-06-06 17:28:09 | ATM-001 | TID001 | TXN | WITHDRAWAL | SEQ=824109 | CARD=************3456 | AMOUNT=1000.00 | CURRENCY=ETB | STATUS=APPROVED | AUTH=987354
2026-06-06 17:28:23 | ATM-001 | TID001 | TXN | WITHDRAWAL | SEQ=655182 | CARD=************5678 | AMOUNT=200.00 | CURRENCY=ETB | STATUS=APPROVED | AUTH=397004
2026-06-06 17:28:43 | ATM-001 | TID001 | TXN | BALANCE_INQ | SEQ=652286 | CARD=************9012 | STATUS=APPROVED
2026-06-06 17:28:54 | ATM-001 | TID001 | TXN | WITHDRAWAL | SEQ=540268 | CARD=************7890 | AMOUNT=5000.00 | CURRENCY=ETB | STATUS=APPROVED | AUTH=718073
2026-06-06 17:29:10 | ATM-001 | TID001 | TXN | WITHDRAWAL | SEQ=669696 | CARD=************6789 | AMOUNT=1000.00 | CURRENCY=ETB | STATUS=TIMEOUT
2026-06-06 17:29:28 | ATM-001 | TID001 | TXN | WITHDRAWAL | SEQ=580710 | CARD=************3456 | AMOUNT=1000.00 | CURRENCY=ETB | STATUS=APPROVED | AUTH=689241
2026-06-06 17:29:42 | ATM-001 | TID001 | TXN | WITHDRAWAL | SEQ=589165 | CARD=************2345 | AMOUNT=10000.00 | CURRENCY=ETB | STATUS=APPROVED | AUTH=672921
2026-06-06 17:29:57 | ATM-001 | TID001 | TXN | MINI_STATEMENT | SEQ=875130 | CARD=************8901 | STATUS=APPROVED
2026-06-06 17:30:08 | ATM-001 | TID001 | TXN | WITHDRAWAL | SEQ=775754 | CARD=************5678 | AMOUNT=10000.00 | CURRENCY=ETB | STATUS=APPROVED | AUTH=799969
2026-06-06 17:30:22 | ATM-001 | TID001 | TXN | WITHDRAWAL | SEQ=133216 | CARD=************7890 | AMOUNT=100.00 | CURRENCY=ETB | STATUS=APPROVED | AUTH=481842
2026-06-06 17:30:37 | ATM-001 | TID001 | TXN | BALANCE_INQ | SEQ=483383 | CARD=************3456 | STATUS=APPROVED
2026-06-06 17:30:53 | ATM-001 | TID001 | TXN | BALANCE_INQ | SEQ=691905 | CARD=************1234 | STATUS=APPROVED
2026-06-06 17:31:06 | ATM-001 | TID001 | TXN | BALANCE_INQ | SEQ=288196 | CARD=************2345 | STATUS=APPROVED
2026-06-06 17:31:19 | ATM-001 | TID001 | TXN | WITHDRAWAL | SEQ=962339 | CARD=************0123 | AMOUNT=200.00 | CURRENCY=ETB | STATUS=APPROVED | AUTH=598056
2026-06-06 17:31:32 | ATM-001 | TID001 | CASH | CASSETTE_LOADED | CASSETTE=1 | AMOUNT=200000.00 | OPERATOR=OP003
2026-06-06 17:31:45 | ATM-001 | TID001 | TXN | WITHDRAWAL | SEQ=457140 | CARD=************1234 | AMOUNT=500.00 | CURRENCY=ETB | STATUS=APPROVED | AUTH=945630
2026-06-06 17:32:01 | ATM-001 | TID001 | TXN | WITHDRAWAL | SEQ=428023 | CARD=************7890 | AMOUNT=2000.00 | CURRENCY=ETB | STATUS=APPROVED | AUTH=404420
2026-06-06 17:32:14 | ATM-001 | TID001 | TXN | WITHDRAWAL | SEQ=492697 | CARD=************5678 | AMOUNT=500.00 | CURRENCY=ETB | STATUS=APPROVED | AUTH=962512
2026-06-06 17:32:33 | ATM-001 | TID001 | TXN | BALANCE_INQ | SEQ=168556 | CARD=************3456 | STATUS=DECLINED
2026-06-06 17:32:52 | ATM-001 | TID001 | TXN | WITHDRAWAL | SEQ=679285 | CARD=************9012 | AMOUNT=200.00 | CURRENCY=ETB | STATUS=DECLINED
2026-06-06 17:33:12 | ATM-001 | TID001 | TXN | WITHDRAWAL | SEQ=924648 | CARD=************9012 | AMOUNT=200.00 | CURRENCY=ETB | STATUS=APPROVED | AUTH=829935
2026-06-06 17:33:28 | ATM-001 | TID001 | TXN | BALANCE_INQ | SEQ=101026 | CARD=************0123 | STATUS=APPROVED
2026-06-06 17:33:47 | ATM-001 | TID001 | TXN | MINI_STATEMENT | SEQ=226350 | CARD=************4567 | STATUS=APPROVED
2026-06-06 17:34:04 | ATM-001 | TID001 | ERROR | RECEIPT_PAPER_LOW | CODE=FF01 | CASSETTE=1
2026-06-06 17:34:17 | ATM-001 | TID001 | CASH | CASSETTE_LOADED | CASSETTE=2 | AMOUNT=250000.00 | OPERATOR=OP007
2026-06-06 17:34:25 | ATM-001 | TID001 | TXN | WITHDRAWAL | SEQ=662348 | CARD=************6789 | AMOUNT=100.00 | CURRENCY=ETB | STATUS=APPROVED | AUTH=924865
2026-06-06 17:34:37 | ATM-001 | TID001 | TXN | BALANCE_INQ | SEQ=545138 | CARD=************6789 | STATUS=APPROVED
2026-06-06 17:34:46 | ATM-001 | TID001 | TXN | WITHDRAWAL | SEQ=213332 | CARD=************1234 | AMOUNT=2000.00 | CURRENCY=ETB | STATUS=TIMEOUT
2026-06-06 17:34:58 | ATM-001 | TID001 | TXN | MINI_STATEMENT | SEQ=738897 | CARD=************8901 | STATUS=APPROVED
2026-06-06 17:35:12 | ATM-001 | TID001 | TXN | WITHDRAWAL | SEQ=883566 | CARD=************7890 | AMOUNT=1000.00 | CURRENCY=ETB | STATUS=APPROVED | AUTH=850261
2026-06-06 17:35:21 | ATM-001 | TID001 | TXN | WITHDRAWAL | SEQ=707254 | CARD=************9012 | AMOUNT=5000.00 | CURRENCY=ETB | STATUS=APPROVED | AUTH=835746
2026-06-06 17:35:30 | ATM-001 | TID001 | TXN | WITHDRAWAL | SEQ=651559 | CARD=************6789 | AMOUNT=2000.00 | CURRENCY=ETB | STATUS=APPROVED | AUTH=782025
2026-06-06 17:35:48 | ATM-001 | TID001 | TXN | WITHDRAWAL | SEQ=596132 | CARD=************3456 | AMOUNT=200.00 | CURRENCY=ETB | STATUS=APPROVED | AUTH=391074
2026-06-06 17:35:59 | ATM-001 | TID001 | TXN | WITHDRAWAL | SEQ=621635 | CARD=************2345 | AMOUNT=500.00 | CURRENCY=ETB | STATUS=APPROVED | AUTH=690236
2026-06-06 17:36:10 | ATM-001 | TID001 | TXN | BALANCE_INQ | SEQ=722828 | CARD=************1234 | STATUS=APPROVED
2026-06-06 17:36:29 | ATM-001 | TID001 | TXN | WITHDRAWAL | SEQ=629245 | CARD=************7890 | AMOUNT=200.00 | CURRENCY=ETB | STATUS=APPROVED | AUTH=779471
2026-06-06 17:36:48 | ATM-001 | TID001 | TXN | BALANCE_INQ | SEQ=673161 | CARD=************3456 | STATUS=APPROVED
2026-06-06 17:37:07 | ATM-001 | TID001 | TXN | MINI_STATEMENT | SEQ=295887 | CARD=************5678 | STATUS=APPROVED
2026-06-06 17:37:24 | ATM-001 | TID001 | TXN | BALANCE_INQ | SEQ=896850 | CARD=************9012 | STATUS=APPROVED
2026-06-06 17:37:36 | ATM-001 | TID001 | TXN | BALANCE_INQ | SEQ=524919 | CARD=************9012 | STATUS=APPROVED
2026-06-06 17:37:45 | ATM-001 | TID001 | TXN | WITHDRAWAL | SEQ=735636 | CARD=************7890 | AMOUNT=200.00 | CURRENCY=ETB | STATUS=APPROVED | AUTH=346683
2026-06-06 17:38:04 | ATM-001 | TID001 | TXN | WITHDRAWAL | SEQ=872299 | CARD=************9012 | AMOUNT=5000.00 | CURRENCY=ETB | STATUS=APPROVED | AUTH=322386
2026-06-06 17:38:18 | ATM-001 | TID001 | TXN | TRANSFER | SEQ=920392 | CARD=************2345 | AMOUNT=10000.00 | CURRENCY=ETB | STATUS=APPROVED | AUTH=483985
2026-06-06 17:38:27 | ATM-001 | TID001 | TXN | WITHDRAWAL | SEQ=484104 | CARD=************7890 | AMOUNT=5000.00 | CURRENCY=ETB | STATUS=APPROVED | AUTH=827335
2026-06-06 17:38:36 | ATM-001 | TID001 | TXN | MINI_STATEMENT | SEQ=409365 | CARD=************4567 | STATUS=APPROVED
2026-06-06 17:38:55 | ATM-001 | TID001 | TXN | WITHDRAWAL | SEQ=895690 | CARD=************0123 | AMOUNT=2000.00 | CURRENCY=ETB | STATUS=APPROVED | AUTH=457506
2026-06-06 17:39:04 | ATM-001 | TID001 | TXN | MINI_STATEMENT | SEQ=745933 | CARD=************8901 | STATUS=TIMEOUT
2026-06-06 17:39:19 | ATM-001 | TID001 | TXN | WITHDRAWAL | SEQ=382908 | CARD=************2345 | AMOUNT=500.00 | CURRENCY=ETB | STATUS=APPROVED | AUTH=330932
2026-06-06 17:39:29 | ATM-001 | TID001 | TXN | WITHDRAWAL | SEQ=745199 | CARD=************9012 | AMOUNT=5000.00 | CURRENCY=ETB | STATUS=APPROVED | AUTH=524913
2026-06-06 17:39:42 | ATM-001 | TID001 | TXN | BALANCE_INQ | SEQ=693853 | CARD=************5678 | STATUS=APPROVED
2026-06-06 17:39:57 | ATM-001 | TID001 | TXN | WITHDRAWAL | SEQ=488599 | CARD=************0123 | AMOUNT=2000.00 | CURRENCY=ETB | STATUS=APPROVED | AUTH=986732
2026-06-06 17:40:11 | ATM-001 | TID001 | TXN | WITHDRAWAL | SEQ=833123 | CARD=************0123 | AMOUNT=2000.00 | CURRENCY=ETB | STATUS=APPROVED | AUTH=173392
2026-06-06 17:40:22 | ATM-001 | TID001 | TXN | BALANCE_INQ | SEQ=718862 | CARD=************2345 | STATUS=APPROVED
2026-06-06 17:40:40 | ATM-001 | TID001 | TXN | WITHDRAWAL | SEQ=861533 | CARD=************1234 | AMOUNT=500.00 | CURRENCY=ETB | STATUS=APPROVED | AUTH=838163
2026-06-06 17:40:52 | ATM-001 | TID001 | TXN | WITHDRAWAL | SEQ=414535 | CARD=************3456 | AMOUNT=10000.00 | CURRENCY=ETB | STATUS=APPROVED | AUTH=139239
2026-06-06 17:41:06 | ATM-001 | TID001 | TXN | BALANCE_INQ | SEQ=983842 | CARD=************9012 | STATUS=APPROVED
2026-06-06 17:41:14 | ATM-001 | TID001 | TXN | CARDLESS_TXN | SEQ=753980 | CARD=************0123 | STATUS=APPROVED
2026-06-06 17:41:24 | ATM-001 | TID001 | TXN | WITHDRAWAL | SEQ=652097 | CARD=************9012 | AMOUNT=5000.00 | CURRENCY=ETB | STATUS=APPROVED | AUTH=336697
2026-06-06 17:41:37 | ATM-001 | TID001 | TXN | WITHDRAWAL | SEQ=967046 | CARD=************3456 | AMOUNT=500.00 | CURRENCY=ETB | STATUS=APPROVED | AUTH=524840
2026-06-06 17:41:49 | ATM-001 | TID001 | TXN | WITHDRAWAL | SEQ=832364 | CARD=************0123 | AMOUNT=1000.00 | CURRENCY=ETB | STATUS=DECLINED
2026-06-06 17:42:05 | ATM-001 | TID001 | TXN | BALANCE_INQ | SEQ=296982 | CARD=************1234 | STATUS=APPROVED
2026-06-06 17:42:17 | ATM-001 | TID001 | TXN | MINI_STATEMENT | SEQ=699266 | CARD=************3456 | STATUS=APPROVED
2026-06-06 17:42:31 | ATM-001 | TID001 | ERROR | CASH_JAM_CASSETTE | CODE=3A7F | CASSETTE=3
2026-06-06 17:42:44 | ATM-001 | TID001 | TXN | WITHDRAWAL | SEQ=338651 | CARD=************8901 | AMOUNT=2000.00 | CURRENCY=ETB | STATUS=APPROVED | AUTH=831499
2026-06-06 17:42:54 | ATM-001 | TID001 | TXN | WITHDRAWAL | SEQ=554328 | CARD=************3456 | AMOUNT=5000.00 | CURRENCY=ETB | STATUS=APPROVED | AUTH=479724
2026-06-06 17:43:02 | ATM-001 | TID001 | TXN | BALANCE_INQ | SEQ=368658 | CARD=************1234 | STATUS=APPROVED
2026-06-06 17:43:20 | ATM-001 | TID001 | TXN | WITHDRAWAL | SEQ=736052 | CARD=************4567 | AMOUNT=10000.00 | CURRENCY=ETB | STATUS=APPROVED | AUTH=611230
2026-06-06 17:43:36 | ATM-001 | TID001 | TXN | BALANCE_INQ | SEQ=295611 | CARD=************6789 | STATUS=APPROVED
2026-06-06 17:43:51 | ATM-001 | TID001 | TXN | BALANCE_INQ | SEQ=915925 | CARD=************0123 | STATUS=APPROVED
2026-06-06 17:44:04 | ATM-001 | TID001 | TXN | BALANCE_INQ | SEQ=838166 | CARD=************3456 | STATUS=APPROVED
2026-06-06 17:44:22 | ATM-001 | TID001 | TXN | MINI_STATEMENT | SEQ=413410 | CARD=************6789 | STATUS=APPROVED
2026-06-06 17:44:41 | ATM-001 | TID001 | TXN | BALANCE_INQ | SEQ=570973 | CARD=************6789 | STATUS=APPROVED
2026-06-06 17:44:59 | ATM-001 | TID001 | TXN | TRANSFER | SEQ=824269 | CARD=************6789 | AMOUNT=10000.00 | CURRENCY=ETB | STATUS=APPROVED | AUTH=183710
2026-06-06 17:45:09 | ATM-001 | TID001 | TXN | WITHDRAWAL | SEQ=953393 | CARD=************3456 | AMOUNT=10000.00 | CURRENCY=ETB | STATUS=APPROVED | AUTH=396954
2026-06-06 17:45:24 | ATM-001 | TID001 | TXN | WITHDRAWAL | SEQ=382558 | CARD=************2345 | AMOUNT=1000.00 | CURRENCY=ETB | STATUS=APPROVED | AUTH=965245
2026-06-06 17:45:32 | ATM-001 | TID001 | TXN | WITHDRAWAL | SEQ=374946 | CARD=************3456 | AMOUNT=2000.00 | CURRENCY=ETB | STATUS=APPROVED | AUTH=252652
2026-06-06 17:45:50 | ATM-001 | TID001 | TXN | WITHDRAWAL | SEQ=842761 | CARD=************0123 | AMOUNT=500.00 | CURRENCY=ETB | STATUS=APPROVED | AUTH=288556
2026-06-06 17:46:01 | ATM-001 | TID001 | TXN | MINI_STATEMENT | SEQ=692782 | CARD=************1234 | STATUS=APPROVED
2026-06-06 17:46:11 | ATM-001 | TID001 | TXN | BALANCE_INQ | SEQ=574347 | CARD=************5678 | STATUS=APPROVED
2026-06-06 17:46:29 | ATM-001 | TID001 | TXN | TRANSFER | SEQ=486464 | CARD=************2345 | AMOUNT=5000.00 | CURRENCY=ETB | STATUS=ERROR
2026-06-06 17:46:39 | ATM-001 | TID001 | TXN | BALANCE_INQ | SEQ=112534 | CARD=************0123 | STATUS=APPROVED
2026-06-06 17:46:51 | ATM-001 | TID001 | TXN | WITHDRAWAL | SEQ=605312 | CARD=************0123 | AMOUNT=5000.00 | CURRENCY=ETB | STATUS=APPROVED | AUTH=189129
2026-06-06 17:47:07 | ATM-001 | TID001 | TXN | WITHDRAWAL | SEQ=162976 | CARD=************4567 | AMOUNT=500.00 | CURRENCY=ETB | STATUS=APPROVED | AUTH=246389
2026-06-06 17:47:23 | ATM-001 | TID001 | TXN | WITHDRAWAL | SEQ=232085 | CARD=************0123 | AMOUNT=100.00 | CURRENCY=ETB | STATUS=APPROVED | AUTH=724080
2026-06-06 17:47:36 | ATM-001 | TID001 | TXN | WITHDRAWAL | SEQ=914888 | CARD=************9012 | AMOUNT=2000.00 | CURRENCY=ETB | STATUS=APPROVED | AUTH=404302
2026-06-06 17:47:45 | ATM-001 | TID001 | TXN | WITHDRAWAL | SEQ=242332 | CARD=************8901 | AMOUNT=100.00 | CURRENCY=ETB | STATUS=APPROVED | AUTH=967554
2026-06-06 17:48:01 | ATM-001 | TID001 | TXN | BALANCE_INQ | SEQ=748294 | CARD=************5678 | STATUS=DECLINED
2026-06-06 17:48:10 | ATM-001 | TID001 | TXN | WITHDRAWAL | SEQ=692409 | CARD=************1234 | AMOUNT=5000.00 | CURRENCY=ETB | STATUS=APPROVED | AUTH=789568
2026-06-06 17:48:22 | ATM-001 | TID001 | TXN | WITHDRAWAL | SEQ=236941 | CARD=************1234 | AMOUNT=500.00 | CURRENCY=ETB | STATUS=APPROVED | AUTH=589981
2026-06-06 17:48:32 | ATM-001 | TID001 | TXN | MINI_STATEMENT | SEQ=643450 | CARD=************6789 | STATUS=APPROVED
2026-06-06 17:48:42 | ATM-001 | TID001 | TXN | BALANCE_INQ | SEQ=782478 | CARD=************8901 | STATUS=APPROVED
2026-06-06 17:48:56 | ATM-001 | TID001 | TXN | WITHDRAWAL | SEQ=353549 | CARD=************4567 | AMOUNT=10000.00 | CURRENCY=ETB | STATUS=APPROVED | AUTH=516567
2026-06-06 17:49:14 | ATM-001 | TID001 | TXN | WITHDRAWAL | SEQ=872792 | CARD=************8901 | AMOUNT=5000.00 | CURRENCY=ETB | STATUS=APPROVED | AUTH=221170
2026-06-06 17:49:29 | ATM-001 | TID001 | TXN | TRANSFER | SEQ=510473 | CARD=************1234 | AMOUNT=200.00 | CURRENCY=ETB | STATUS=APPROVED | AUTH=222272
2026-06-06 17:49:42 | ATM-001 | TID001 | TXN | CARDLESS_TXN | SEQ=159313 | CARD=************4567 | STATUS=APPROVED
2026-06-06 17:50:00 | ATM-001 | TID001 | TXN | WITHDRAWAL | SEQ=560727 | CARD=************6789 | AMOUNT=2000.00 | CURRENCY=ETB | STATUS=APPROVED | AUTH=167315
2026-06-06 17:50:19 | ATM-001 | TID001 | TXN | CARDLESS_TXN | SEQ=640815 | CARD=************2345 | STATUS=APPROVED
2026-06-06 17:50:32 | ATM-001 | TID001 | TXN | WITHDRAWAL | SEQ=640731 | CARD=************2345 | AMOUNT=2000.00 | CURRENCY=ETB | STATUS=APPROVED | AUTH=718490
2026-06-06 17:50:49 | ATM-001 | TID001 | TXN | WITHDRAWAL | SEQ=410918 | CARD=************1234 | AMOUNT=2000.00 | CURRENCY=ETB | STATUS=APPROVED | AUTH=741303
2026-06-06 17:51:08 | ATM-001 | TID001 | TXN | MINI_STATEMENT | SEQ=802268 | CARD=************9012 | STATUS=APPROVED
2026-06-06 17:51:28 | ATM-001 | TID001 | CASH | CASSETTE_LOADED | CASSETTE=3 | AMOUNT=150000.00 | OPERATOR=OP009
2026-06-06 17:51:47 | ATM-001 | TID001 | TXN | BALANCE_INQ | SEQ=363786 | CARD=************1234 | STATUS=APPROVED
2026-06-06 17:52:07 | ATM-001 | TID001 | TXN | BALANCE_INQ | SEQ=244577 | CARD=************5678 | STATUS=APPROVED
2026-06-06 17:52:17 | ATM-001 | TID001 | TXN | WITHDRAWAL | SEQ=313722 | CARD=************9012 | AMOUNT=500.00 | CURRENCY=ETB | STATUS=DECLINED
2026-06-06 17:52:28 | ATM-001 | TID001 | TXN | WITHDRAWAL | SEQ=329546 | CARD=************4567 | AMOUNT=1000.00 | CURRENCY=ETB | STATUS=APPROVED | AUTH=356562
2026-06-06 17:52:42 | ATM-001 | TID001 | TXN | MINI_STATEMENT | SEQ=294811 | CARD=************9012 | STATUS=APPROVED
2026-06-06 17:53:01 | ATM-001 | TID001 | TXN | BALANCE_INQ | SEQ=714082 | CARD=************1234 | STATUS=APPROVED
2026-06-06 17:53:20 | ATM-001 | TID001 | TXN | WITHDRAWAL | SEQ=963684 | CARD=************6789 | AMOUNT=2000.00 | CURRENCY=ETB | STATUS=APPROVED | AUTH=906299
2026-06-06 17:53:38 | ATM-001 | TID001 | TXN | BALANCE_INQ | SEQ=387945 | CARD=************0123 | STATUS=APPROVED
2026-06-06 17:53:57 | ATM-001 | TID001 | TXN | WITHDRAWAL | SEQ=725643 | CARD=************6789 | AMOUNT=200.00 | CURRENCY=ETB | STATUS=APPROVED | AUTH=858468
2026-06-06 17:54:06 | ATM-001 | TID001 | TXN | WITHDRAWAL | SEQ=586253 | CARD=************9012 | AMOUNT=10000.00 | CURRENCY=ETB | STATUS=TIMEOUT
2026-06-06 17:54:15 | ATM-001 | TID001 | TXN | WITHDRAWAL | SEQ=564827 | CARD=************8901 | AMOUNT=2000.00 | CURRENCY=ETB | STATUS=APPROVED | AUTH=882259
2026-06-06 17:54:29 | ATM-001 | TID001 | CASH | CASSETTE_LOADED | CASSETTE=1 | AMOUNT=250000.00 | OPERATOR=OP010
2026-06-06 17:54:41 | ATM-001 | TID001 | TXN | WITHDRAWAL | SEQ=691469 | CARD=************7890 | AMOUNT=5000.00 | CURRENCY=ETB | STATUS=APPROVED | AUTH=729959
2026-06-06 17:54:55 | ATM-001 | TID001 | TXN | WITHDRAWAL | SEQ=949879 | CARD=************2345 | AMOUNT=2000.00 | CURRENCY=ETB | STATUS=APPROVED | AUTH=229933
2026-06-06 17:55:10 | ATM-001 | TID001 | TXN | BALANCE_INQ | SEQ=241044 | CARD=************1234 | STATUS=APPROVED
2026-06-06 17:55:21 | ATM-001 | TID001 | TXN | WITHDRAWAL | SEQ=696259 | CARD=************8901 | AMOUNT=200.00 | CURRENCY=ETB | STATUS=DECLINED
2026-06-06 17:55:29 | ATM-001 | TID001 | TXN | WITHDRAWAL | SEQ=631475 | CARD=************4567 | AMOUNT=2000.00 | CURRENCY=ETB | STATUS=APPROVED | AUTH=471507
2026-06-06 17:55:38 | ATM-001 | TID001 | TXN | WITHDRAWAL | SEQ=197709 | CARD=************4567 | AMOUNT=2000.00 | CURRENCY=ETB | STATUS=APPROVED | AUTH=388640
2026-06-06 17:55:55 | ATM-001 | TID001 | CASH | CASSETTE_LOADED | CASSETTE=4 | AMOUNT=100000.00 | OPERATOR=OP007
2026-06-06 17:56:08 | ATM-001 | TID001 | TXN | WITHDRAWAL | SEQ=600974 | CARD=************5678 | AMOUNT=5000.00 | CURRENCY=ETB | STATUS=APPROVED | AUTH=309420
2026-06-06 17:56:24 | ATM-001 | TID001 | TXN | WITHDRAWAL | SEQ=694249 | CARD=************7890 | AMOUNT=10000.00 | CURRENCY=ETB | STATUS=APPROVED | AUTH=550594
2026-06-06 17:56:33 | ATM-001 | TID001 | TXN | WITHDRAWAL | SEQ=309658 | CARD=************8901 | AMOUNT=200.00 | CURRENCY=ETB | STATUS=APPROVED | AUTH=808698
2026-06-06 17:56:50 | ATM-001 | TID001 | TXN | BALANCE_INQ | SEQ=760859 | CARD=************0123 | STATUS=APPROVED
2026-06-06 17:57:06 | ATM-001 | TID001 | TXN | BALANCE_INQ | SEQ=135649 | CARD=************4567 | STATUS=APPROVED
2026-06-06 17:57:22 | ATM-001 | TID001 | TXN | BALANCE_INQ | SEQ=263915 | CARD=************9012 | STATUS=APPROVED
2026-06-06 17:57:39 | ATM-001 | TID001 | TXN | BALANCE_INQ | SEQ=563600 | CARD=************3456 | STATUS=APPROVED
2026-06-06 17:57:54 | ATM-001 | TID001 | TXN | MINI_STATEMENT | SEQ=861405 | CARD=************6789 | STATUS=APPROVED
2026-06-06 17:58:10 | ATM-001 | TID001 | TXN | BALANCE_INQ | SEQ=620623 | CARD=************3456 | STATUS=APPROVED
2026-06-06 17:58:22 | ATM-001 | TID001 | TXN | WITHDRAWAL | SEQ=531088 | CARD=************4567 | AMOUNT=100.00 | CURRENCY=ETB | STATUS=APPROVED | AUTH=446751
2026-06-06 17:58:40 | ATM-001 | TID001 | TXN | WITHDRAWAL | SEQ=721272 | CARD=************1234 | AMOUNT=5000.00 | CURRENCY=ETB | STATUS=APPROVED | AUTH=619151
2026-06-06 17:58:49 | ATM-001 | TID001 | TXN | WITHDRAWAL | SEQ=622340 | CARD=************9012 | AMOUNT=500.00 | CURRENCY=ETB | STATUS=APPROVED | AUTH=784897
2026-06-06 17:59:04 | ATM-001 | TID001 | TXN | WITHDRAWAL | SEQ=586401 | CARD=************0123 | AMOUNT=200.00 | CURRENCY=ETB | STATUS=APPROVED | AUTH=419655
2026-06-06 17:59:17 | ATM-001 | TID001 | TXN | WITHDRAWAL | SEQ=639161 | CARD=************6789 | AMOUNT=1000.00 | CURRENCY=ETB | STATUS=APPROVED | AUTH=726334
2026-06-06 17:59:26 | ATM-001 | TID001 | TXN | MINI_STATEMENT | SEQ=818472 | CARD=************2345 | STATUS=APPROVED
2026-06-06 17:59:42 | ATM-001 | TID001 | ERROR | NETWORK_TIMEOUT | CODE=44AA | CASSETTE=3
2026-06-06 18:00:01 | ATM-001 | TID001 | TXN | CARDLESS_TXN | SEQ=449903 | CARD=************5678 | STATUS=ERROR
2026-06-06 18:00:10 | ATM-001 | TID001 | TXN | WITHDRAWAL | SEQ=698515 | CARD=************6789 | AMOUNT=2000.00 | CURRENCY=ETB | STATUS=APPROVED | AUTH=439929
2026-06-06 18:00:18 | ATM-001 | TID001 | TXN | WITHDRAWAL | SEQ=172670 | CARD=************3456 | AMOUNT=5000.00 | CURRENCY=ETB | STATUS=APPROVED | AUTH=387882
2026-06-06 18:00:29 | ATM-001 | TID001 | ERROR | CASH_JAM_CASSETTE | CODE=3A7F | CASSETTE=3
2026-06-06 18:00:47 | ATM-001 | TID001 | TXN | BALANCE_INQ | SEQ=793601 | CARD=************4567 | STATUS=APPROVED
2026-06-06 18:01:02 | ATM-001 | TID001 | TXN | WITHDRAWAL | SEQ=423512 | CARD=************7890 | AMOUNT=200.00 | CURRENCY=ETB | STATUS=APPROVED | AUTH=811502
2026-06-06 18:01:12 | ATM-001 | TID001 | TXN | WITHDRAWAL | SEQ=111600 | CARD=************0123 | AMOUNT=5000.00 | CURRENCY=ETB | STATUS=APPROVED | AUTH=421942
2026-06-06 18:01:30 | ATM-001 | TID001 | TXN | WITHDRAWAL | SEQ=396343 | CARD=************3456 | AMOUNT=100.00 | CURRENCY=ETB | STATUS=APPROVED | AUTH=954467
2026-06-06 18:01:48 | ATM-001 | TID001 | TXN | TRANSFER | SEQ=173914 | CARD=************4567 | AMOUNT=10000.00 | CURRENCY=ETB | STATUS=APPROVED | AUTH=641326
2026-06-06 18:02:08 | ATM-001 | TID001 | TXN | WITHDRAWAL | SEQ=877458 | CARD=************6789 | AMOUNT=2000.00 | CURRENCY=ETB | STATUS=APPROVED | AUTH=679249
2026-06-06 18:02:20 | ATM-001 | TID001 | TXN | WITHDRAWAL | SEQ=596891 | CARD=************5678 | AMOUNT=5000.00 | CURRENCY=ETB | STATUS=APPROVED | AUTH=703983
2026-06-06 18:02:32 | ATM-001 | TID001 | TXN | WITHDRAWAL | SEQ=808941 | CARD=************0123 | AMOUNT=5000.00 | CURRENCY=ETB | STATUS=APPROVED | AUTH=480825
2026-06-06 18:02:46 | ATM-001 | TID001 | TXN | BALANCE_INQ | SEQ=217768 | CARD=************6789 | STATUS=APPROVED
2026-06-06 18:03:00 | ATM-001 | TID001 | TXN | WITHDRAWAL | SEQ=130072 | CARD=************6789 | AMOUNT=1000.00 | CURRENCY=ETB | STATUS=APPROVED | AUTH=744852
2026-06-06 18:03:09 | ATM-001 | TID001 | TXN | WITHDRAWAL | SEQ=918517 | CARD=************5678 | AMOUNT=100.00 | CURRENCY=ETB | STATUS=DECLINED
2026-06-07 06:16:05 | ATM-001 | TID001 | TXN | WITHDRAWAL | SEQ=449092 | CARD=************2345 | AMOUNT=2000.00 | CURRENCY=ETB | STATUS=APPROVED | AUTH=750329
2026-06-07 06:18:58 | ATM-001 | TID001 | TXN | WITHDRAWAL | SEQ=709751 | CARD=************8901 | AMOUNT=200.00 | CURRENCY=ETB | STATUS=APPROVED | AUTH=443840
2026-06-07 06:21:50 | ATM-001 | TID001 | TXN | WITHDRAWAL | SEQ=893032 | CARD=************7890 | AMOUNT=2000.00 | CURRENCY=ETB | STATUS=APPROVED | AUTH=317787
2026-06-07 06:24:43 | ATM-001 | TID001 | TXN | WITHDRAWAL | SEQ=947312 | CARD=************4567 | AMOUNT=5000.00 | CURRENCY=ETB | STATUS=APPROVED | AUTH=804157
2026-06-07 06:27:36 | ATM-001 | TID001 | TXN | WITHDRAWAL | SEQ=708168 | CARD=************8901 | AMOUNT=200.00 | CURRENCY=ETB | STATUS=APPROVED | AUTH=781776
2026-06-07 06:30:29 | ATM-001 | TID001 | TXN | WITHDRAWAL | SEQ=792812 | CARD=************3456 | AMOUNT=1000.00 | CURRENCY=ETB | STATUS=APPROVED | AUTH=476319
2026-06-07 06:33:22 | ATM-001 | TID001 | TXN | WITHDRAWAL | SEQ=309070 | CARD=************3456 | AMOUNT=1000.00 | CURRENCY=ETB | STATUS=APPROVED | AUTH=220077
2026-06-07 06:36:14 | ATM-001 | TID001 | TXN | WITHDRAWAL | SEQ=963236 | CARD=************4567 | AMOUNT=2000.00 | CURRENCY=ETB | STATUS=APPROVED | AUTH=536703
2026-06-07 06:39:07 | ATM-001 | TID001 | TXN | WITHDRAWAL | SEQ=371298 | CARD=************9012 | AMOUNT=500.00 | CURRENCY=ETB | STATUS=DECLINED
2026-06-07 06:42:00 | ATM-001 | TID001 | TXN | WITHDRAWAL | SEQ=346613 | CARD=************4567 | AMOUNT=200.00 | CURRENCY=ETB | STATUS=APPROVED | AUTH=599662
2026-06-07 06:44:53 | ATM-001 | TID001 | TXN | WITHDRAWAL | SEQ=313390 | CARD=************6789 | AMOUNT=1000.00 | CURRENCY=ETB | STATUS=APPROVED | AUTH=264086
2026-06-07 06:47:46 | ATM-001 | TID001 | TXN | WITHDRAWAL | SEQ=277525 | CARD=************4567 | AMOUNT=500.00 | CURRENCY=ETB | STATUS=APPROVED | AUTH=251001
2026-06-07 06:50:38 | ATM-001 | TID001 | TXN | WITHDRAWAL | SEQ=114090 | CARD=************5678 | AMOUNT=100.00 | CURRENCY=ETB | STATUS=APPROVED | AUTH=150964
2026-06-07 06:53:31 | ATM-001 | TID001 | TXN | WITHDRAWAL | SEQ=343828 | CARD=************3456 | AMOUNT=200.00 | CURRENCY=ETB | STATUS=APPROVED | AUTH=842676
2026-06-07 06:56:24 | ATM-001 | TID001 | TXN | WITHDRAWAL | SEQ=592822 | CARD=************7890 | AMOUNT=1000.00 | CURRENCY=ETB | STATUS=APPROVED | AUTH=517417
2026-06-07 06:59:17 | ATM-001 | TID001 | TXN | WITHDRAWAL | SEQ=796474 | CARD=************8901 | AMOUNT=100.00 | CURRENCY=ETB | STATUS=APPROVED | AUTH=355513
2026-06-07 07:02:10 | ATM-001 | TID001 | TXN | WITHDRAWAL | SEQ=839698 | CARD=************9012 | AMOUNT=100.00 | CURRENCY=ETB | STATUS=APPROVED | AUTH=383062
2026-06-07 07:05:02 | ATM-001 | TID001 | TXN | WITHDRAWAL | SEQ=150957 | CARD=************8901 | AMOUNT=100.00 | CURRENCY=ETB | STATUS=APPROVED | AUTH=416076
2026-06-07 07:07:55 | ATM-001 | TID001 | TXN | WITHDRAWAL | SEQ=369413 | CARD=************6789 | AMOUNT=1000.00 | CURRENCY=ETB | STATUS=TIMEOUT
2026-06-07 07:10:48 | ATM-001 | TID001 | TXN | WITHDRAWAL | SEQ=410858 | CARD=************6789 | AMOUNT=500.00 | CURRENCY=ETB | STATUS=APPROVED | AUTH=511937
2026-06-07 07:13:41 | ATM-001 | TID001 | TXN | WITHDRAWAL | SEQ=883840 | CARD=************5678 | AMOUNT=5000.00 | CURRENCY=ETB | STATUS=APPROVED | AUTH=279257
2026-06-07 07:16:34 | ATM-001 | TID001 | TXN | WITHDRAWAL | SEQ=752685 | CARD=************0123 | AMOUNT=100.00 | CURRENCY=ETB | STATUS=APPROVED | AUTH=121276
2026-06-07 07:19:26 | ATM-001 | TID001 | TXN | WITHDRAWAL | SEQ=382248 | CARD=************3456 | AMOUNT=1000.00 | CURRENCY=ETB | STATUS=APPROVED | AUTH=804617
2026-06-07 07:22:19 | ATM-001 | TID001 | TXN | WITHDRAWAL | SEQ=131060 | CARD=************4567 | AMOUNT=1000.00 | CURRENCY=ETB | STATUS=APPROVED | AUTH=712568
2026-06-07 07:25:12 | ATM-001 | TID001 | TXN | WITHDRAWAL | SEQ=261654 | CARD=************9012 | AMOUNT=100.00 | CURRENCY=ETB | STATUS=DECLINED
2026-06-07 07:28:05 | ATM-001 | TID001 | TXN | WITHDRAWAL | SEQ=925969 | CARD=************9012 | AMOUNT=500.00 | CURRENCY=ETB | STATUS=APPROVED | AUTH=336660
2026-06-07 07:30:58 | ATM-001 | TID001 | TXN | WITHDRAWAL | SEQ=411990 | CARD=************2345 | AMOUNT=500.00 | CURRENCY=ETB | STATUS=APPROVED | AUTH=102315
2026-06-07 07:33:50 | ATM-001 | TID001 | TXN | WITHDRAWAL | SEQ=322713 | CARD=************8901 | AMOUNT=1000.00 | CURRENCY=ETB | STATUS=APPROVED | AUTH=720664
2026-06-07 07:36:43 | ATM-001 | TID001 | TXN | WITHDRAWAL | SEQ=543225 | CARD=************4567 | AMOUNT=5000.00 | CURRENCY=ETB | STATUS=APPROVED | AUTH=632673
2026-06-07 07:39:36 | ATM-001 | TID001 | TXN | WITHDRAWAL | SEQ=130325 | CARD=************3456 | AMOUNT=1000.00 | CURRENCY=ETB | STATUS=APPROVED | AUTH=373323
2026-06-07 07:42:29 | ATM-001 | TID001 | TXN | WITHDRAWAL | SEQ=611715 | CARD=************5678 | AMOUNT=100.00 | CURRENCY=ETB | STATUS=APPROVED | AUTH=502582
2026-06-07 07:45:22 | ATM-001 | TID001 | TXN | WITHDRAWAL | SEQ=924033 | CARD=************4567 | AMOUNT=100.00 | CURRENCY=ETB | STATUS=APPROVED | AUTH=400845
2026-06-07 07:48:14 | ATM-001 | TID001 | TXN | WITHDRAWAL | SEQ=384452 | CARD=************0123 | AMOUNT=200.00 | CURRENCY=ETB | STATUS=TIMEOUT
2026-06-07 07:51:07 | ATM-001 | TID001 | TXN | WITHDRAWAL | SEQ=418910 | CARD=************8901 | AMOUNT=1000.00 | CURRENCY=ETB | STATUS=APPROVED | AUTH=394323
2026-06-07 07:54:00 | ATM-001 | TID001 | TXN | WITHDRAWAL | SEQ=903698 | CARD=************3456 | AMOUNT=100.00 | CURRENCY=ETB | STATUS=APPROVED | AUTH=781211
2026-06-07 07:56:53 | ATM-001 | TID001 | TXN | WITHDRAWAL | SEQ=430841 | CARD=************7890 | AMOUNT=1000.00 | CURRENCY=ETB | STATUS=APPROVED | AUTH=554336
2026-06-07 07:59:46 | ATM-001 | TID001 | TXN | WITHDRAWAL | SEQ=214486 | CARD=************1234 | AMOUNT=100.00 | CURRENCY=ETB | STATUS=DECLINED
2026-06-07 08:02:38 | ATM-001 | TID001 | TXN | WITHDRAWAL | SEQ=374840 | CARD=************1234 | AMOUNT=500.00 | CURRENCY=ETB | STATUS=APPROVED | AUTH=881516
2026-06-07 08:05:31 | ATM-001 | TID001 | TXN | WITHDRAWAL | SEQ=862953 | CARD=************5678 | AMOUNT=100.00 | CURRENCY=ETB | STATUS=DECLINED
2026-06-07 08:08:24 | ATM-001 | TID001 | TXN | WITHDRAWAL | SEQ=163087 | CARD=************7890 | AMOUNT=2000.00 | CURRENCY=ETB | STATUS=APPROVED | AUTH=529658
2026-06-07 08:11:17 | ATM-001 | TID001 | TXN | WITHDRAWAL | SEQ=240227 | CARD=************6789 | AMOUNT=200.00 | CURRENCY=ETB | STATUS=APPROVED | AUTH=817522
2026-06-07 08:14:10 | ATM-001 | TID001 | TXN | WITHDRAWAL | SEQ=325022 | CARD=************1234 | AMOUNT=1000.00 | CURRENCY=ETB | STATUS=TIMEOUT
2026-06-07 08:17:02 | ATM-001 | TID001 | TXN | WITHDRAWAL | SEQ=450569 | CARD=************5678 | AMOUNT=100.00 | CURRENCY=ETB | STATUS=APPROVED | AUTH=453673
2026-06-07 08:19:55 | ATM-001 | TID001 | TXN | WITHDRAWAL | SEQ=586638 | CARD=************7890 | AMOUNT=500.00 | CURRENCY=ETB | STATUS=APPROVED | AUTH=452928
2026-06-07 08:22:48 | ATM-001 | TID001 | TXN | WITHDRAWAL | SEQ=977546 | CARD=************3456 | AMOUNT=5000.00 | CURRENCY=ETB | STATUS=APPROVED | AUTH=658083
2026-06-07 08:25:41 | ATM-001 | TID001 | TXN | WITHDRAWAL | SEQ=130383 | CARD=************1234 | AMOUNT=5000.00 | CURRENCY=ETB | STATUS=APPROVED | AUTH=954553
2026-06-07 08:28:34 | ATM-001 | TID001 | TXN | WITHDRAWAL | SEQ=680129 | CARD=************8901 | AMOUNT=5000.00 | CURRENCY=ETB | STATUS=APPROVED | AUTH=865446
2026-06-07 08:31:26 | ATM-001 | TID001 | TXN | WITHDRAWAL | SEQ=725738 | CARD=************8901 | AMOUNT=2000.00 | CURRENCY=ETB | STATUS=APPROVED | AUTH=555054
2026-06-07 08:34:19 | ATM-001 | TID001 | TXN | WITHDRAWAL | SEQ=431922 | CARD=************7890 | AMOUNT=500.00 | CURRENCY=ETB | STATUS=APPROVED | AUTH=412123
2026-06-07 08:37:12 | ATM-001 | TID001 | TXN | WITHDRAWAL | SEQ=764365 | CARD=************1234 | AMOUNT=2000.00 | CURRENCY=ETB | STATUS=DECLINED
2026-06-07 08:40:05 | ATM-001 | TID001 | TXN | WITHDRAWAL | SEQ=785442 | CARD=************4567 | AMOUNT=200.00 | CURRENCY=ETB | STATUS=APPROVED | AUTH=549671
2026-06-07 08:42:58 | ATM-001 | TID001 | TXN | WITHDRAWAL | SEQ=834010 | CARD=************0123 | AMOUNT=200.00 | CURRENCY=ETB | STATUS=APPROVED | AUTH=655976
2026-06-07 08:45:50 | ATM-001 | TID001 | TXN | WITHDRAWAL | SEQ=405001 | CARD=************3456 | AMOUNT=5000.00 | CURRENCY=ETB | STATUS=TIMEOUT
2026-06-07 08:48:43 | ATM-001 | TID001 | TXN | WITHDRAWAL | SEQ=429959 | CARD=************5678 | AMOUNT=200.00 | CURRENCY=ETB | STATUS=DECLINED
2026-06-07 08:51:36 | ATM-001 | TID001 | TXN | WITHDRAWAL | SEQ=410234 | CARD=************8901 | AMOUNT=100.00 | CURRENCY=ETB | STATUS=APPROVED | AUTH=955599
2026-06-07 08:54:29 | ATM-001 | TID001 | TXN | WITHDRAWAL | SEQ=457054 | CARD=************9012 | AMOUNT=200.00 | CURRENCY=ETB | STATUS=APPROVED | AUTH=642216
2026-06-07 08:57:22 | ATM-001 | TID001 | TXN | WITHDRAWAL | SEQ=540980 | CARD=************2345 | AMOUNT=2000.00 | CURRENCY=ETB | STATUS=APPROVED | AUTH=566147
2026-06-07 09:00:14 | ATM-001 | TID001 | TXN | WITHDRAWAL | SEQ=425609 | CARD=************0123 | AMOUNT=100.00 | CURRENCY=ETB | STATUS=APPROVED | AUTH=531121
2026-06-07 09:03:07 | ATM-001 | TID001 | TXN | WITHDRAWAL | SEQ=457851 | CARD=************4567 | AMOUNT=100.00 | CURRENCY=ETB | STATUS=TIMEOUT
2026-06-07 09:06:00 | ATM-001 | TID001 | TXN | WITHDRAWAL | SEQ=643767 | CARD=************6789 | AMOUNT=5000.00 | CURRENCY=ETB | STATUS=APPROVED | AUTH=900207
2026-06-07 09:08:53 | ATM-001 | TID001 | TXN | WITHDRAWAL | SEQ=811508 | CARD=************0123 | AMOUNT=2000.00 | CURRENCY=ETB | STATUS=APPROVED | AUTH=134054
2026-06-07 09:11:46 | ATM-001 | TID001 | TXN | WITHDRAWAL | SEQ=900046 | CARD=************1234 | AMOUNT=2000.00 | CURRENCY=ETB | STATUS=APPROVED | AUTH=406895
2026-06-07 09:14:38 | ATM-001 | TID001 | TXN | WITHDRAWAL | SEQ=768538 | CARD=************2345 | AMOUNT=2000.00 | CURRENCY=ETB | STATUS=TIMEOUT
2026-06-07 09:17:31 | ATM-001 | TID001 | TXN | WITHDRAWAL | SEQ=256356 | CARD=************6789 | AMOUNT=100.00 | CURRENCY=ETB | STATUS=APPROVED | AUTH=503010
2026-06-07 09:20:24 | ATM-001 | TID001 | TXN | WITHDRAWAL | SEQ=846332 | CARD=************6789 | AMOUNT=500.00 | CURRENCY=ETB | STATUS=APPROVED | AUTH=301588
2026-06-07 09:23:17 | ATM-001 | TID001 | TXN | WITHDRAWAL | SEQ=372887 | CARD=************3456 | AMOUNT=1000.00 | CURRENCY=ETB | STATUS=APPROVED | AUTH=247112
2026-06-07 09:26:10 | ATM-001 | TID001 | TXN | WITHDRAWAL | SEQ=579149 | CARD=************5678 | AMOUNT=200.00 | CURRENCY=ETB | STATUS=APPROVED | AUTH=643385
2026-06-07 09:29:02 | ATM-001 | TID001 | TXN | WITHDRAWAL | SEQ=974275 | CARD=************2345 | AMOUNT=100.00 | CURRENCY=ETB | STATUS=APPROVED | AUTH=825976
2026-06-07 09:31:55 | ATM-001 | TID001 | TXN | WITHDRAWAL | SEQ=741639 | CARD=************9012 | AMOUNT=500.00 | CURRENCY=ETB | STATUS=APPROVED | AUTH=517608
2026-06-07 09:34:48 | ATM-001 | TID001 | TXN | WITHDRAWAL | SEQ=863789 | CARD=************0123 | AMOUNT=200.00 | CURRENCY=ETB | STATUS=DECLINED
2026-06-07 09:37:41 | ATM-001 | TID001 | TXN | WITHDRAWAL | SEQ=256615 | CARD=************5678 | AMOUNT=2000.00 | CURRENCY=ETB | STATUS=APPROVED | AUTH=853071
2026-06-07 09:40:34 | ATM-001 | TID001 | TXN | WITHDRAWAL | SEQ=953597 | CARD=************4567 | AMOUNT=2000.00 | CURRENCY=ETB | STATUS=APPROVED | AUTH=188530
2026-06-07 09:43:26 | ATM-001 | TID001 | TXN | WITHDRAWAL | SEQ=314791 | CARD=************7890 | AMOUNT=1000.00 | CURRENCY=ETB | STATUS=APPROVED | AUTH=390819
2026-06-07 09:46:19 | ATM-001 | TID001 | TXN | WITHDRAWAL | SEQ=873800 | CARD=************3456 | AMOUNT=500.00 | CURRENCY=ETB | STATUS=APPROVED | AUTH=560485
2026-06-07 09:49:12 | ATM-001 | TID001 | TXN | WITHDRAWAL | SEQ=586647 | CARD=************2345 | AMOUNT=2000.00 | CURRENCY=ETB | STATUS=APPROVED | AUTH=991014
2026-06-07 09:52:05 | ATM-001 | TID001 | TXN | WITHDRAWAL | SEQ=149503 | CARD=************1234 | AMOUNT=2000.00 | CURRENCY=ETB | STATUS=APPROVED | AUTH=714623
2026-06-07 09:54:58 | ATM-001 | TID001 | TXN | WITHDRAWAL | SEQ=953997 | CARD=************3456 | AMOUNT=1000.00 | CURRENCY=ETB | STATUS=APPROVED | AUTH=901265
2026-06-07 09:57:50 | ATM-001 | TID001 | TXN | WITHDRAWAL | SEQ=480929 | CARD=************7890 | AMOUNT=200.00 | CURRENCY=ETB | STATUS=APPROVED | AUTH=875815
2026-06-07 10:00:43 | ATM-001 | TID001 | TXN | WITHDRAWAL | SEQ=243597 | CARD=************8901 | AMOUNT=500.00 | CURRENCY=ETB | STATUS=APPROVED | AUTH=683262
2026-06-07 10:03:36 | ATM-001 | TID001 | TXN | WITHDRAWAL | SEQ=366804 | CARD=************4567 | AMOUNT=1000.00 | CURRENCY=ETB | STATUS=APPROVED | AUTH=930531
2026-06-07 10:06:29 | ATM-001 | TID001 | TXN | WITHDRAWAL | SEQ=868430 | CARD=************5678 | AMOUNT=200.00 | CURRENCY=ETB | STATUS=APPROVED | AUTH=405377
2026-06-07 10:09:22 | ATM-001 | TID001 | TXN | WITHDRAWAL | SEQ=594773 | CARD=************5678 | AMOUNT=2000.00 | CURRENCY=ETB | STATUS=APPROVED | AUTH=309884
2026-06-07 10:12:14 | ATM-001 | TID001 | TXN | WITHDRAWAL | SEQ=496904 | CARD=************5678 | AMOUNT=200.00 | CURRENCY=ETB | STATUS=APPROVED | AUTH=335176
2026-06-07 10:15:07 | ATM-001 | TID001 | TXN | WITHDRAWAL | SEQ=873395 | CARD=************4567 | AMOUNT=2000.00 | CURRENCY=ETB | STATUS=APPROVED | AUTH=575569
2026-06-07 10:18:00 | ATM-001 | TID001 | TXN | WITHDRAWAL | SEQ=115580 | CARD=************2345 | AMOUNT=200.00 | CURRENCY=ETB | STATUS=APPROVED | AUTH=679094
2026-06-07 10:20:53 | ATM-001 | TID001 | TXN | WITHDRAWAL | SEQ=467361 | CARD=************7890 | AMOUNT=5000.00 | CURRENCY=ETB | STATUS=APPROVED | AUTH=615010
2026-06-07 10:23:46 | ATM-001 | TID001 | TXN | WITHDRAWAL | SEQ=948200 | CARD=************8901 | AMOUNT=100.00 | CURRENCY=ETB | STATUS=APPROVED | AUTH=247621
2026-06-07 10:26:38 | ATM-001 | TID001 | TXN | WITHDRAWAL | SEQ=427611 | CARD=************9012 | AMOUNT=100.00 | CURRENCY=ETB | STATUS=APPROVED | AUTH=589114
2026-06-07 10:29:31 | ATM-001 | TID001 | TXN | WITHDRAWAL | SEQ=433831 | CARD=************9012 | AMOUNT=200.00 | CURRENCY=ETB | STATUS=APPROVED | AUTH=921494
2026-06-07 10:32:24 | ATM-001 | TID001 | TXN | WITHDRAWAL | SEQ=189114 | CARD=************7890 | AMOUNT=200.00 | CURRENCY=ETB | STATUS=APPROVED | AUTH=352805
2026-06-07 10:35:17 | ATM-001 | TID001 | TXN | WITHDRAWAL | SEQ=576292 | CARD=************2345 | AMOUNT=5000.00 | CURRENCY=ETB | STATUS=DECLINED
2026-06-07 10:38:10 | ATM-001 | TID001 | TXN | WITHDRAWAL | SEQ=281035 | CARD=************1234 | AMOUNT=100.00 | CURRENCY=ETB | STATUS=APPROVED | AUTH=826335
2026-06-07 10:41:02 | ATM-001 | TID001 | TXN | WITHDRAWAL | SEQ=429466 | CARD=************9012 | AMOUNT=5000.00 | CURRENCY=ETB | STATUS=DECLINED
2026-06-07 10:43:55 | ATM-001 | TID001 | TXN | WITHDRAWAL | SEQ=118470 | CARD=************6789 | AMOUNT=100.00 | CURRENCY=ETB | STATUS=APPROVED | AUTH=128816
2026-06-07 10:46:48 | ATM-001 | TID001 | TXN | WITHDRAWAL | SEQ=992922 | CARD=************6789 | AMOUNT=1000.00 | CURRENCY=ETB | STATUS=DECLINED
2026-06-07 10:49:41 | ATM-001 | TID001 | TXN | WITHDRAWAL | SEQ=549703 | CARD=************0123 | AMOUNT=200.00 | CURRENCY=ETB | STATUS=APPROVED | AUTH=942587
2026-06-07 10:52:34 | ATM-001 | TID001 | TXN | WITHDRAWAL | SEQ=635095 | CARD=************7890 | AMOUNT=200.00 | CURRENCY=ETB | STATUS=APPROVED | AUTH=476634
2026-06-07 10:55:26 | ATM-001 | TID001 | TXN | WITHDRAWAL | SEQ=154609 | CARD=************0123 | AMOUNT=5000.00 | CURRENCY=ETB | STATUS=APPROVED | AUTH=323255
2026-06-07 10:58:19 | ATM-001 | TID001 | TXN | WITHDRAWAL | SEQ=872209 | CARD=************1234 | AMOUNT=5000.00 | CURRENCY=ETB | STATUS=APPROVED | AUTH=590035
2026-06-07 11:01:12 | ATM-001 | TID001 | TXN | WITHDRAWAL | SEQ=933326 | CARD=************7890 | AMOUNT=500.00 | CURRENCY=ETB | STATUS=APPROVED | AUTH=252222
2026-06-07 11:04:05 | ATM-001 | TID001 | TXN | WITHDRAWAL | SEQ=187203 | CARD=************1234 | AMOUNT=100.00 | CURRENCY=ETB | STATUS=DECLINED
2026-06-07 11:06:58 | ATM-001 | TID001 | TXN | WITHDRAWAL | SEQ=443217 | CARD=************2345 | AMOUNT=1000.00 | CURRENCY=ETB | STATUS=APPROVED | AUTH=723697
2026-06-07 11:09:50 | ATM-001 | TID001 | TXN | WITHDRAWAL | SEQ=119837 | CARD=************4567 | AMOUNT=500.00 | CURRENCY=ETB | STATUS=APPROVED | AUTH=404982
2026-06-07 11:12:43 | ATM-001 | TID001 | TXN | WITHDRAWAL | SEQ=874785 | CARD=************5678 | AMOUNT=100.00 | CURRENCY=ETB | STATUS=APPROVED | AUTH=362019
2026-06-07 11:15:36 | ATM-001 | TID001 | TXN | WITHDRAWAL | SEQ=933656 | CARD=************2345 | AMOUNT=200.00 | CURRENCY=ETB | STATUS=APPROVED | AUTH=336039
2026-06-07 11:18:29 | ATM-001 | TID001 | TXN | WITHDRAWAL | SEQ=119708 | CARD=************3456 | AMOUNT=1000.00 | CURRENCY=ETB | STATUS=APPROVED | AUTH=832146
2026-06-07 11:21:22 | ATM-001 | TID001 | TXN | WITHDRAWAL | SEQ=252641 | CARD=************1234 | AMOUNT=2000.00 | CURRENCY=ETB | STATUS=APPROVED | AUTH=452779
2026-06-07 11:24:14 | ATM-001 | TID001 | TXN | WITHDRAWAL | SEQ=486401 | CARD=************7890 | AMOUNT=500.00 | CURRENCY=ETB | STATUS=APPROVED | AUTH=148632
2026-06-07 11:27:07 | ATM-001 | TID001 | TXN | WITHDRAWAL | SEQ=458090 | CARD=************5678 | AMOUNT=5000.00 | CURRENCY=ETB | STATUS=TIMEOUT
2026-06-07 11:30:00 | ATM-001 | TID001 | TXN | WITHDRAWAL | SEQ=453241 | CARD=************1234 | AMOUNT=2000.00 | CURRENCY=ETB | STATUS=APPROVED | AUTH=983070
2026-06-07 11:32:53 | ATM-001 | TID001 | TXN | WITHDRAWAL | SEQ=489823 | CARD=************6789 | AMOUNT=100.00 | CURRENCY=ETB | STATUS=APPROVED | AUTH=702515
2026-06-07 11:35:46 | ATM-001 | TID001 | TXN | WITHDRAWAL | SEQ=674226 | CARD=************6789 | AMOUNT=5000.00 | CURRENCY=ETB | STATUS=APPROVED | AUTH=143560
2026-06-07 11:38:38 | ATM-001 | TID001 | TXN | WITHDRAWAL | SEQ=219603 | CARD=************7890 | AMOUNT=2000.00 | CURRENCY=ETB | STATUS=APPROVED | AUTH=625957
2026-06-07 11:41:31 | ATM-001 | TID001 | TXN | WITHDRAWAL | SEQ=495645 | CARD=************0123 | AMOUNT=2000.00 | CURRENCY=ETB | STATUS=APPROVED | AUTH=381654
2026-06-07 11:44:24 | ATM-001 | TID001 | TXN | WITHDRAWAL | SEQ=964608 | CARD=************4567 | AMOUNT=200.00 | CURRENCY=ETB | STATUS=APPROVED | AUTH=787052
2026-06-07 11:47:17 | ATM-001 | TID001 | TXN | WITHDRAWAL | SEQ=651660 | CARD=************8901 | AMOUNT=5000.00 | CURRENCY=ETB | STATUS=APPROVED | AUTH=624890
2026-06-07 11:50:10 | ATM-001 | TID001 | TXN | WITHDRAWAL | SEQ=849848 | CARD=************8901 | AMOUNT=200.00 | CURRENCY=ETB | STATUS=APPROVED | AUTH=969444
2026-06-07 11:53:02 | ATM-001 | TID001 | TXN | WITHDRAWAL | SEQ=544023 | CARD=************4567 | AMOUNT=500.00 | CURRENCY=ETB | STATUS=DECLINED
2026-06-07 11:55:55 | ATM-001 | TID001 | TXN | WITHDRAWAL | SEQ=943489 | CARD=************3456 | AMOUNT=1000.00 | CURRENCY=ETB | STATUS=APPROVED | AUTH=758096
2026-06-07 11:58:48 | ATM-001 | TID001 | TXN | WITHDRAWAL | SEQ=588574 | CARD=************8901 | AMOUNT=2000.00 | CURRENCY=ETB | STATUS=TIMEOUT
2026-06-07 12:01:41 | ATM-001 | TID001 | TXN | WITHDRAWAL | SEQ=952716 | CARD=************1234 | AMOUNT=5000.00 | CURRENCY=ETB | STATUS=TIMEOUT
2026-06-07 12:04:34 | ATM-001 | TID001 | TXN | WITHDRAWAL | SEQ=107027 | CARD=************0123 | AMOUNT=2000.00 | CURRENCY=ETB | STATUS=APPROVED | AUTH=353759
2026-06-07 12:07:26 | ATM-001 | TID001 | TXN | WITHDRAWAL | SEQ=213928 | CARD=************4567 | AMOUNT=5000.00 | CURRENCY=ETB | STATUS=APPROVED | AUTH=472726
2026-06-07 12:10:19 | ATM-001 | TID001 | TXN | WITHDRAWAL | SEQ=465091 | CARD=************3456 | AMOUNT=1000.00 | CURRENCY=ETB | STATUS=APPROVED | AUTH=313107
2026-06-07 12:13:12 | ATM-001 | TID001 | TXN | WITHDRAWAL | SEQ=971779 | CARD=************8901 | AMOUNT=200.00 | CURRENCY=ETB | STATUS=APPROVED | AUTH=159540
2026-06-07 12:16:05 | ATM-001 | TID001 | TXN | WITHDRAWAL | SEQ=190616 | CARD=************7890 | AMOUNT=500.00 | CURRENCY=ETB | STATUS=APPROVED | AUTH=424001
2026-06-07 12:18:58 | ATM-001 | TID001 | TXN | WITHDRAWAL | SEQ=843424 | CARD=************0123 | AMOUNT=5000.00 | CURRENCY=ETB | STATUS=APPROVED | AUTH=180881
2026-06-07 12:21:50 | ATM-001 | TID001 | TXN | WITHDRAWAL | SEQ=902005 | CARD=************0123 | AMOUNT=5000.00 | CURRENCY=ETB | STATUS=APPROVED | AUTH=807272
2026-06-07 12:24:43 | ATM-001 | TID001 | TXN | WITHDRAWAL | SEQ=227836 | CARD=************1234 | AMOUNT=1000.00 | CURRENCY=ETB | STATUS=APPROVED | AUTH=968045
2026-06-07 12:27:36 | ATM-001 | TID001 | TXN | WITHDRAWAL | SEQ=837555 | CARD=************6789 | AMOUNT=1000.00 | CURRENCY=ETB | STATUS=TIMEOUT
2026-06-07 12:30:29 | ATM-001 | TID001 | TXN | WITHDRAWAL | SEQ=973267 | CARD=************2345 | AMOUNT=500.00 | CURRENCY=ETB | STATUS=APPROVED | AUTH=236069
2026-06-07 12:33:22 | ATM-001 | TID001 | TXN | WITHDRAWAL | SEQ=367452 | CARD=************0123 | AMOUNT=500.00 | CURRENCY=ETB | STATUS=APPROVED | AUTH=777119
2026-06-07 12:36:14 | ATM-001 | TID001 | TXN | WITHDRAWAL | SEQ=753911 | CARD=************7890 | AMOUNT=2000.00 | CURRENCY=ETB | STATUS=TIMEOUT
2026-06-07 12:39:07 | ATM-001 | TID001 | TXN | WITHDRAWAL | SEQ=436844 | CARD=************7890 | AMOUNT=5000.00 | CURRENCY=ETB | STATUS=APPROVED | AUTH=346249
2026-06-07 12:42:00 | ATM-001 | TID001 | TXN | WITHDRAWAL | SEQ=491854 | CARD=************0123 | AMOUNT=1000.00 | CURRENCY=ETB | STATUS=APPROVED | AUTH=484043
2026-06-07 12:44:53 | ATM-001 | TID001 | TXN | WITHDRAWAL | SEQ=564344 | CARD=************0123 | AMOUNT=5000.00 | CURRENCY=ETB | STATUS=DECLINED
2026-06-07 12:47:46 | ATM-001 | TID001 | TXN | WITHDRAWAL | SEQ=231126 | CARD=************1234 | AMOUNT=500.00 | CURRENCY=ETB | STATUS=APPROVED | AUTH=953661
2026-06-07 12:50:38 | ATM-001 | TID001 | TXN | WITHDRAWAL | SEQ=847089 | CARD=************5678 | AMOUNT=100.00 | CURRENCY=ETB | STATUS=APPROVED | AUTH=405462
2026-06-07 12:53:31 | ATM-001 | TID001 | TXN | WITHDRAWAL | SEQ=940594 | CARD=************5678 | AMOUNT=200.00 | CURRENCY=ETB | STATUS=APPROVED | AUTH=740811
2026-06-07 12:56:24 | ATM-001 | TID001 | TXN | WITHDRAWAL | SEQ=571889 | CARD=************1234 | AMOUNT=2000.00 | CURRENCY=ETB | STATUS=APPROVED | AUTH=537902
2026-06-07 12:59:17 | ATM-001 | TID001 | TXN | WITHDRAWAL | SEQ=835421 | CARD=************9012 | AMOUNT=1000.00 | CURRENCY=ETB | STATUS=APPROVED | AUTH=455985
2026-06-07 13:02:10 | ATM-001 | TID001 | TXN | WITHDRAWAL | SEQ=965533 | CARD=************7890 | AMOUNT=1000.00 | CURRENCY=ETB | STATUS=APPROVED | AUTH=337050
2026-06-07 13:05:02 | ATM-001 | TID001 | TXN | WITHDRAWAL | SEQ=111500 | CARD=************5678 | AMOUNT=1000.00 | CURRENCY=ETB | STATUS=DECLINED
2026-06-07 13:07:55 | ATM-001 | TID001 | TXN | WITHDRAWAL | SEQ=305153 | CARD=************7890 | AMOUNT=500.00 | CURRENCY=ETB | STATUS=APPROVED | AUTH=429305
2026-06-07 13:10:48 | ATM-001 | TID001 | TXN | WITHDRAWAL | SEQ=406645 | CARD=************2345 | AMOUNT=5000.00 | CURRENCY=ETB | STATUS=TIMEOUT
2026-06-07 13:13:41 | ATM-001 | TID001 | TXN | WITHDRAWAL | SEQ=295356 | CARD=************7890 | AMOUNT=100.00 | CURRENCY=ETB | STATUS=DECLINED
2026-06-07 13:16:34 | ATM-001 | TID001 | TXN | WITHDRAWAL | SEQ=538383 | CARD=************6789 | AMOUNT=1000.00 | CURRENCY=ETB | STATUS=APPROVED | AUTH=979123
2026-06-07 13:19:26 | ATM-001 | TID001 | TXN | WITHDRAWAL | SEQ=322848 | CARD=************9012 | AMOUNT=5000.00 | CURRENCY=ETB | STATUS=APPROVED | AUTH=704353
2026-06-07 13:22:19 | ATM-001 | TID001 | TXN | WITHDRAWAL | SEQ=916065 | CARD=************9012 | AMOUNT=1000.00 | CURRENCY=ETB | STATUS=APPROVED | AUTH=509423
2026-06-07 13:25:12 | ATM-001 | TID001 | TXN | WITHDRAWAL | SEQ=515625 | CARD=************4567 | AMOUNT=5000.00 | CURRENCY=ETB | STATUS=APPROVED | AUTH=783428
2026-06-07 13:28:05 | ATM-001 | TID001 | TXN | WITHDRAWAL | SEQ=723007 | CARD=************5678 | AMOUNT=5000.00 | CURRENCY=ETB | STATUS=APPROVED | AUTH=356884
2026-06-07 13:30:58 | ATM-001 | TID001 | TXN | WITHDRAWAL | SEQ=130206 | CARD=************3456 | AMOUNT=100.00 | CURRENCY=ETB | STATUS=APPROVED | AUTH=781553
2026-06-07 13:33:50 | ATM-001 | TID001 | TXN | WITHDRAWAL | SEQ=219688 | CARD=************5678 | AMOUNT=500.00 | CURRENCY=ETB | STATUS=APPROVED | AUTH=255513
2026-06-07 13:36:43 | ATM-001 | TID001 | TXN | WITHDRAWAL | SEQ=120633 | CARD=************6789 | AMOUNT=100.00 | CURRENCY=ETB | STATUS=APPROVED | AUTH=107878
2026-06-07 13:39:36 | ATM-001 | TID001 | TXN | WITHDRAWAL | SEQ=309660 | CARD=************7890 | AMOUNT=1000.00 | CURRENCY=ETB | STATUS=APPROVED | AUTH=896116
2026-06-07 13:42:29 | ATM-001 | TID001 | TXN | WITHDRAWAL | SEQ=179431 | CARD=************1234 | AMOUNT=100.00 | CURRENCY=ETB | STATUS=APPROVED | AUTH=758645
2026-06-07 13:45:22 | ATM-001 | TID001 | TXN | WITHDRAWAL | SEQ=934669 | CARD=************2345 | AMOUNT=200.00 | CURRENCY=ETB | STATUS=APPROVED | AUTH=703359
2026-06-07 13:48:14 | ATM-001 | TID001 | TXN | WITHDRAWAL | SEQ=447653 | CARD=************8901 | AMOUNT=500.00 | CURRENCY=ETB | STATUS=APPROVED | AUTH=684676
2026-06-07 13:51:07 | ATM-001 | TID001 | TXN | WITHDRAWAL | SEQ=955434 | CARD=************2345 | AMOUNT=5000.00 | CURRENCY=ETB | STATUS=APPROVED | AUTH=209306
2026-06-07 13:54:00 | ATM-001 | TID001 | TXN | WITHDRAWAL | SEQ=392888 | CARD=************3456 | AMOUNT=200.00 | CURRENCY=ETB | STATUS=TIMEOUT
2026-06-07 13:56:53 | ATM-001 | TID001 | TXN | WITHDRAWAL | SEQ=790058 | CARD=************1234 | AMOUNT=5000.00 | CURRENCY=ETB | STATUS=APPROVED | AUTH=892830
2026-06-07 13:59:46 | ATM-001 | TID001 | TXN | WITHDRAWAL | SEQ=573110 | CARD=************0123 | AMOUNT=200.00 | CURRENCY=ETB | STATUS=TIMEOUT
2026-06-07 14:02:38 | ATM-001 | TID001 | TXN | WITHDRAWAL | SEQ=205703 | CARD=************7890 | AMOUNT=500.00 | CURRENCY=ETB | STATUS=APPROVED | AUTH=968873
2026-06-07 14:05:31 | ATM-001 | TID001 | TXN | WITHDRAWAL | SEQ=489950 | CARD=************5678 | AMOUNT=2000.00 | CURRENCY=ETB | STATUS=APPROVED | AUTH=316531
2026-06-07 14:08:24 | ATM-001 | TID001 | TXN | WITHDRAWAL | SEQ=464824 | CARD=************9012 | AMOUNT=1000.00 | CURRENCY=ETB | STATUS=APPROVED | AUTH=222778
2026-06-07 14:11:17 | ATM-001 | TID001 | TXN | WITHDRAWAL | SEQ=456796 | CARD=************7890 | AMOUNT=200.00 | CURRENCY=ETB | STATUS=APPROVED | AUTH=198491
2026-06-07 14:14:10 | ATM-001 | TID001 | TXN | WITHDRAWAL | SEQ=774640 | CARD=************2345 | AMOUNT=100.00 | CURRENCY=ETB | STATUS=APPROVED | AUTH=904165
2026-06-07 14:17:02 | ATM-001 | TID001 | TXN | WITHDRAWAL | SEQ=718316 | CARD=************1234 | AMOUNT=2000.00 | CURRENCY=ETB | STATUS=APPROVED | AUTH=123968
2026-06-07 14:19:55 | ATM-001 | TID001 | TXN | WITHDRAWAL | SEQ=341373 | CARD=************2345 | AMOUNT=200.00 | CURRENCY=ETB | STATUS=APPROVED | AUTH=570583
2026-06-07 14:22:48 | ATM-001 | TID001 | TXN | WITHDRAWAL | SEQ=149042 | CARD=************3456 | AMOUNT=2000.00 | CURRENCY=ETB | STATUS=TIMEOUT
2026-06-07 14:25:41 | ATM-001 | TID001 | TXN | WITHDRAWAL | SEQ=514120 | CARD=************9012 | AMOUNT=500.00 | CURRENCY=ETB | STATUS=APPROVED | AUTH=931124
2026-06-07 14:28:34 | ATM-001 | TID001 | TXN | WITHDRAWAL | SEQ=964640 | CARD=************3456 | AMOUNT=1000.00 | CURRENCY=ETB | STATUS=APPROVED | AUTH=967338
2026-06-07 14:31:26 | ATM-001 | TID001 | TXN | WITHDRAWAL | SEQ=608904 | CARD=************1234 | AMOUNT=200.00 | CURRENCY=ETB | STATUS=APPROVED | AUTH=868636
2026-06-07 14:34:19 | ATM-001 | TID001 | TXN | WITHDRAWAL | SEQ=815307 | CARD=************6789 | AMOUNT=500.00 | CURRENCY=ETB | STATUS=APPROVED | AUTH=823686
2026-06-07 14:37:12 | ATM-001 | TID001 | TXN | WITHDRAWAL | SEQ=967176 | CARD=************7890 | AMOUNT=5000.00 | CURRENCY=ETB | STATUS=APPROVED | AUTH=503386
2026-06-07 14:40:05 | ATM-001 | TID001 | TXN | WITHDRAWAL | SEQ=227778 | CARD=************6789 | AMOUNT=1000.00 | CURRENCY=ETB | STATUS=TIMEOUT
2026-06-07 14:42:58 | ATM-001 | TID001 | TXN | WITHDRAWAL | SEQ=741147 | CARD=************0123 | AMOUNT=2000.00 | CURRENCY=ETB | STATUS=APPROVED | AUTH=390873
2026-06-07 14:45:50 | ATM-001 | TID001 | TXN | WITHDRAWAL | SEQ=211167 | CARD=************7890 | AMOUNT=2000.00 | CURRENCY=ETB | STATUS=APPROVED | AUTH=993129
2026-06-07 14:48:43 | ATM-001 | TID001 | TXN | WITHDRAWAL | SEQ=262344 | CARD=************0123 | AMOUNT=1000.00 | CURRENCY=ETB | STATUS=APPROVED | AUTH=260547
2026-06-07 14:51:36 | ATM-001 | TID001 | TXN | WITHDRAWAL | SEQ=411393 | CARD=************8901 | AMOUNT=500.00 | CURRENCY=ETB | STATUS=APPROVED | AUTH=245381
2026-06-07 14:54:29 | ATM-001 | TID001 | TXN | WITHDRAWAL | SEQ=929399 | CARD=************6789 | AMOUNT=500.00 | CURRENCY=ETB | STATUS=APPROVED | AUTH=478250
2026-06-07 14:57:22 | ATM-001 | TID001 | TXN | WITHDRAWAL | SEQ=272733 | CARD=************1234 | AMOUNT=200.00 | CURRENCY=ETB | STATUS=APPROVED | AUTH=881387
2026-06-07 15:00:14 | ATM-001 | TID001 | TXN | WITHDRAWAL | SEQ=266289 | CARD=************8901 | AMOUNT=100.00 | CURRENCY=ETB | STATUS=APPROVED | AUTH=156655
2026-06-07 15:03:07 | ATM-001 | TID001 | TXN | WITHDRAWAL | SEQ=848384 | CARD=************8901 | AMOUNT=2000.00 | CURRENCY=ETB | STATUS=APPROVED | AUTH=146625
2026-06-07 15:06:00 | ATM-001 | TID001 | TXN | WITHDRAWAL | SEQ=331050 | CARD=************7890 | AMOUNT=1000.00 | CURRENCY=ETB | STATUS=APPROVED | AUTH=442600
2026-06-07 15:08:53 | ATM-001 | TID001 | TXN | WITHDRAWAL | SEQ=771198 | CARD=************7890 | AMOUNT=5000.00 | CURRENCY=ETB | STATUS=APPROVED | AUTH=826394
2026-06-07 15:11:46 | ATM-001 | TID001 | TXN | WITHDRAWAL | SEQ=697340 | CARD=************1234 | AMOUNT=2000.00 | CURRENCY=ETB | STATUS=APPROVED | AUTH=260444
2026-06-07 15:14:38 | ATM-001 | TID001 | TXN | WITHDRAWAL | SEQ=151163 | CARD=************2345 | AMOUNT=5000.00 | CURRENCY=ETB | STATUS=APPROVED | AUTH=824503
2026-06-07 15:17:31 | ATM-001 | TID001 | TXN | WITHDRAWAL | SEQ=912956 | CARD=************3456 | AMOUNT=200.00 | CURRENCY=ETB | STATUS=APPROVED | AUTH=713934
2026-06-07 15:20:24 | ATM-001 | TID001 | TXN | WITHDRAWAL | SEQ=189250 | CARD=************1234 | AMOUNT=1000.00 | CURRENCY=ETB | STATUS=TIMEOUT
2026-06-07 15:23:17 | ATM-001 | TID001 | TXN | WITHDRAWAL | SEQ=747359 | CARD=************1234 | AMOUNT=500.00 | CURRENCY=ETB | STATUS=APPROVED | AUTH=533102
2026-06-07 15:26:10 | ATM-001 | TID001 | TXN | WITHDRAWAL | SEQ=856946 | CARD=************0123 | AMOUNT=5000.00 | CURRENCY=ETB | STATUS=DECLINED
2026-06-07 15:29:02 | ATM-001 | TID001 | TXN | WITHDRAWAL | SEQ=541545 | CARD=************4567 | AMOUNT=200.00 | CURRENCY=ETB | STATUS=APPROVED | AUTH=691412
2026-06-07 15:31:55 | ATM-001 | TID001 | TXN | WITHDRAWAL | SEQ=439310 | CARD=************5678 | AMOUNT=100.00 | CURRENCY=ETB | STATUS=DECLINED
2026-06-07 15:34:48 | ATM-001 | TID001 | TXN | WITHDRAWAL | SEQ=160313 | CARD=************8901 | AMOUNT=100.00 | CURRENCY=ETB | STATUS=APPROVED | AUTH=306026
2026-06-07 15:37:41 | ATM-001 | TID001 | TXN | WITHDRAWAL | SEQ=594094 | CARD=************4567 | AMOUNT=2000.00 | CURRENCY=ETB | STATUS=APPROVED | AUTH=635289
2026-06-07 15:40:34 | ATM-001 | TID001 | TXN | WITHDRAWAL | SEQ=344338 | CARD=************2345 | AMOUNT=100.00 | CURRENCY=ETB | STATUS=DECLINED
2026-06-07 15:43:26 | ATM-001 | TID001 | TXN | WITHDRAWAL | SEQ=382537 | CARD=************7890 | AMOUNT=200.00 | CURRENCY=ETB | STATUS=APPROVED | AUTH=389160
2026-06-07 15:46:19 | ATM-001 | TID001 | TXN | WITHDRAWAL | SEQ=551632 | CARD=************2345 | AMOUNT=2000.00 | CURRENCY=ETB | STATUS=APPROVED | AUTH=955986
2026-06-07 15:49:12 | ATM-001 | TID001 | TXN | WITHDRAWAL | SEQ=646317 | CARD=************0123 | AMOUNT=5000.00 | CURRENCY=ETB | STATUS=APPROVED | AUTH=604627
2026-06-07 15:52:05 | ATM-001 | TID001 | TXN | WITHDRAWAL | SEQ=501500 | CARD=************9012 | AMOUNT=1000.00 | CURRENCY=ETB | STATUS=APPROVED | AUTH=210162
2026-06-07 15:54:58 | ATM-001 | TID001 | TXN | WITHDRAWAL | SEQ=158941 | CARD=************0123 | AMOUNT=500.00 | CURRENCY=ETB | STATUS=TIMEOUT
2026-06-07 15:57:50 | ATM-001 | TID001 | TXN | WITHDRAWAL | SEQ=998709 | CARD=************4567 | AMOUNT=100.00 | CURRENCY=ETB | STATUS=APPROVED | AUTH=757046
2026-06-07 16:00:43 | ATM-001 | TID001 | TXN | WITHDRAWAL | SEQ=219444 | CARD=************6789 | AMOUNT=1000.00 | CURRENCY=ETB | STATUS=APPROVED | AUTH=484441
2026-06-07 16:03:36 | ATM-001 | TID001 | TXN | WITHDRAWAL | SEQ=255180 | CARD=************4567 | AMOUNT=500.00 | CURRENCY=ETB | STATUS=APPROVED | AUTH=331929
2026-06-07 16:06:29 | ATM-001 | TID001 | TXN | WITHDRAWAL | SEQ=440351 | CARD=************8901 | AMOUNT=5000.00 | CURRENCY=ETB | STATUS=APPROVED | AUTH=306825
2026-06-07 16:09:22 | ATM-001 | TID001 | TXN | WITHDRAWAL | SEQ=433070 | CARD=************3456 | AMOUNT=500.00 | CURRENCY=ETB | STATUS=APPROVED | AUTH=261337
2026-06-07 16:12:14 | ATM-001 | TID001 | TXN | WITHDRAWAL | SEQ=454311 | CARD=************9012 | AMOUNT=2000.00 | CURRENCY=ETB | STATUS=APPROVED | AUTH=494192
2026-06-07 16:15:07 | ATM-001 | TID001 | TXN | WITHDRAWAL | SEQ=553390 | CARD=************9012 | AMOUNT=2000.00 | CURRENCY=ETB | STATUS=APPROVED | AUTH=342171
2026-06-07 16:18:00 | ATM-001 | TID001 | TXN | WITHDRAWAL | SEQ=955711 | CARD=************8901 | AMOUNT=100.00 | CURRENCY=ETB | STATUS=APPROVED | AUTH=124009
2026-06-07 16:20:53 | ATM-001 | TID001 | TXN | WITHDRAWAL | SEQ=627503 | CARD=************2345 | AMOUNT=1000.00 | CURRENCY=ETB | STATUS=APPROVED | AUTH=148261
2026-06-07 16:23:46 | ATM-001 | TID001 | TXN | WITHDRAWAL | SEQ=335749 | CARD=************5678 | AMOUNT=100.00 | CURRENCY=ETB | STATUS=APPROVED | AUTH=785263
2026-06-07 16:26:38 | ATM-001 | TID001 | TXN | WITHDRAWAL | SEQ=852790 | CARD=************5678 | AMOUNT=100.00 | CURRENCY=ETB | STATUS=APPROVED | AUTH=602424
2026-06-07 16:29:31 | ATM-001 | TID001 | TXN | WITHDRAWAL | SEQ=999250 | CARD=************9012 | AMOUNT=5000.00 | CURRENCY=ETB | STATUS=APPROVED | AUTH=624137
2026-06-07 16:32:24 | ATM-001 | TID001 | TXN | WITHDRAWAL | SEQ=852828 | CARD=************8901 | AMOUNT=100.00 | CURRENCY=ETB | STATUS=APPROVED | AUTH=650148
2026-06-07 16:35:17 | ATM-001 | TID001 | TXN | WITHDRAWAL | SEQ=985115 | CARD=************6789 | AMOUNT=2000.00 | CURRENCY=ETB | STATUS=APPROVED | AUTH=388763
2026-06-07 16:38:10 | ATM-001 | TID001 | TXN | WITHDRAWAL | SEQ=288014 | CARD=************3456 | AMOUNT=1000.00 | CURRENCY=ETB | STATUS=APPROVED | AUTH=259531
2026-06-07 16:41:02 | ATM-001 | TID001 | TXN | WITHDRAWAL | SEQ=742032 | CARD=************8901 | AMOUNT=1000.00 | CURRENCY=ETB | STATUS=APPROVED | AUTH=304937
2026-06-07 16:43:55 | ATM-001 | TID001 | TXN | WITHDRAWAL | SEQ=791713 | CARD=************7890 | AMOUNT=500.00 | CURRENCY=ETB | STATUS=APPROVED | AUTH=256103
2026-06-07 16:46:48 | ATM-001 | TID001 | TXN | WITHDRAWAL | SEQ=459536 | CARD=************7890 | AMOUNT=5000.00 | CURRENCY=ETB | STATUS=APPROVED | AUTH=734302
2026-06-07 16:49:41 | ATM-001 | TID001 | TXN | WITHDRAWAL | SEQ=708528 | CARD=************3456 | AMOUNT=200.00 | CURRENCY=ETB | STATUS=APPROVED | AUTH=345310
2026-06-07 16:52:34 | ATM-001 | TID001 | TXN | WITHDRAWAL | SEQ=714348 | CARD=************3456 | AMOUNT=200.00 | CURRENCY=ETB | STATUS=APPROVED | AUTH=655037
2026-06-07 16:55:26 | ATM-001 | TID001 | TXN | WITHDRAWAL | SEQ=198612 | CARD=************7890 | AMOUNT=1000.00 | CURRENCY=ETB | STATUS=APPROVED | AUTH=373914
2026-06-07 16:58:19 | ATM-001 | TID001 | TXN | WITHDRAWAL | SEQ=298723 | CARD=************4567 | AMOUNT=200.00 | CURRENCY=ETB | STATUS=TIMEOUT
2026-06-07 17:01:12 | ATM-001 | TID001 | TXN | WITHDRAWAL | SEQ=308159 | CARD=************1234 | AMOUNT=500.00 | CURRENCY=ETB | STATUS=APPROVED | AUTH=519417
2026-06-07 17:04:05 | ATM-001 | TID001 | TXN | WITHDRAWAL | SEQ=341679 | CARD=************6789 | AMOUNT=500.00 | CURRENCY=ETB | STATUS=APPROVED | AUTH=218400
2026-06-07 17:06:58 | ATM-001 | TID001 | TXN | WITHDRAWAL | SEQ=193911 | CARD=************6789 | AMOUNT=5000.00 | CURRENCY=ETB | STATUS=APPROVED | AUTH=442317
2026-06-07 17:09:50 | ATM-001 | TID001 | TXN | WITHDRAWAL | SEQ=121219 | CARD=************0123 | AMOUNT=5000.00 | CURRENCY=ETB | STATUS=APPROVED | AUTH=167387
2026-06-07 17:12:43 | ATM-001 | TID001 | TXN | WITHDRAWAL | SEQ=561756 | CARD=************9012 | AMOUNT=2000.00 | CURRENCY=ETB | STATUS=APPROVED | AUTH=239870
2026-06-07 17:15:36 | ATM-001 | TID001 | TXN | WITHDRAWAL | SEQ=826316 | CARD=************5678 | AMOUNT=1000.00 | CURRENCY=ETB | STATUS=APPROVED | AUTH=270633
2026-06-07 17:18:29 | ATM-001 | TID001 | TXN | WITHDRAWAL | SEQ=983188 | CARD=************9012 | AMOUNT=2000.00 | CURRENCY=ETB | STATUS=APPROVED | AUTH=446828
2026-06-07 17:21:22 | ATM-001 | TID001 | TXN | WITHDRAWAL | SEQ=237454 | CARD=************8901 | AMOUNT=100.00 | CURRENCY=ETB | STATUS=APPROVED | AUTH=406779
2026-06-07 17:24:14 | ATM-001 | TID001 | TXN | WITHDRAWAL | SEQ=613169 | CARD=************8901 | AMOUNT=5000.00 | CURRENCY=ETB | STATUS=APPROVED | AUTH=131457
2026-06-07 17:27:07 | ATM-001 | TID001 | TXN | WITHDRAWAL | SEQ=190486 | CARD=************7890 | AMOUNT=200.00 | CURRENCY=ETB | STATUS=DECLINED
2026-06-07 17:30:00 | ATM-001 | TID001 | TXN | WITHDRAWAL | SEQ=416888 | CARD=************8901 | AMOUNT=200.00 | CURRENCY=ETB | STATUS=APPROVED | AUTH=846440
2026-06-07 17:32:53 | ATM-001 | TID001 | TXN | WITHDRAWAL | SEQ=162783 | CARD=************8901 | AMOUNT=500.00 | CURRENCY=ETB | STATUS=APPROVED | AUTH=585204
2026-06-07 17:35:46 | ATM-001 | TID001 | TXN | WITHDRAWAL | SEQ=372582 | CARD=************2345 | AMOUNT=100.00 | CURRENCY=ETB | STATUS=TIMEOUT
2026-06-07 17:38:38 | ATM-001 | TID001 | TXN | WITHDRAWAL | SEQ=987834 | CARD=************9012 | AMOUNT=200.00 | CURRENCY=ETB | STATUS=APPROVED | AUTH=728781
2026-06-07 17:41:31 | ATM-001 | TID001 | TXN | WITHDRAWAL | SEQ=268806 | CARD=************8901 | AMOUNT=1000.00 | CURRENCY=ETB | STATUS=APPROVED | AUTH=996285
2026-06-07 17:44:24 | ATM-001 | TID001 | TXN | WITHDRAWAL | SEQ=812225 | CARD=************3456 | AMOUNT=500.00 | CURRENCY=ETB | STATUS=APPROVED | AUTH=384284
2026-06-07 17:47:17 | ATM-001 | TID001 | TXN | WITHDRAWAL | SEQ=700299 | CARD=************0123 | AMOUNT=500.00 | CURRENCY=ETB | STATUS=APPROVED | AUTH=225932
2026-06-07 17:50:10 | ATM-001 | TID001 | TXN | WITHDRAWAL | SEQ=350485 | CARD=************0123 | AMOUNT=200.00 | CURRENCY=ETB | STATUS=APPROVED | AUTH=911225
2026-06-07 17:53:02 | ATM-001 | TID001 | TXN | WITHDRAWAL | SEQ=275920 | CARD=************1234 | AMOUNT=100.00 | CURRENCY=ETB | STATUS=APPROVED | AUTH=554491
2026-06-07 17:55:55 | ATM-001 | TID001 | TXN | WITHDRAWAL | SEQ=462234 | CARD=************1234 | AMOUNT=1000.00 | CURRENCY=ETB | STATUS=TIMEOUT
2026-06-07 17:58:48 | ATM-001 | TID001 | TXN | WITHDRAWAL | SEQ=243068 | CARD=************0123 | AMOUNT=500.00 | CURRENCY=ETB | STATUS=APPROVED | AUTH=928247
2026-06-07 18:01:41 | ATM-001 | TID001 | TXN | WITHDRAWAL | SEQ=798921 | CARD=************6789 | AMOUNT=1000.00 | CURRENCY=ETB | STATUS=DECLINED
2026-06-07 18:04:34 | ATM-001 | TID001 | TXN | WITHDRAWAL | SEQ=350279 | CARD=************9012 | AMOUNT=2000.00 | CURRENCY=ETB | STATUS=APPROVED | AUTH=106561
2026-06-07 18:07:26 | ATM-001 | TID001 | TXN | WITHDRAWAL | SEQ=310605 | CARD=************2345 | AMOUNT=1000.00 | CURRENCY=ETB | STATUS=APPROVED | AUTH=939032
2026-06-07 18:10:19 | ATM-001 | TID001 | TXN | WITHDRAWAL | SEQ=948359 | CARD=************3456 | AMOUNT=100.00 | CURRENCY=ETB | STATUS=APPROVED | AUTH=161403
2026-06-07 18:13:12 | ATM-001 | TID001 | TXN | WITHDRAWAL | SEQ=589461 | CARD=************2345 | AMOUNT=500.00 | CURRENCY=ETB | STATUS=APPROVED | AUTH=450199
2026-06-07 18:16:05 | ATM-001 | TID001 | TXN | WITHDRAWAL | SEQ=305375 | CARD=************3456 | AMOUNT=200.00 | CURRENCY=ETB | STATUS=APPROVED | AUTH=827250
2026-06-07 18:18:58 | ATM-001 | TID001 | TXN | WITHDRAWAL | SEQ=146124 | CARD=************0123 | AMOUNT=1000.00 | CURRENCY=ETB | STATUS=APPROVED | AUTH=139607
2026-06-07 18:21:50 | ATM-001 | TID001 | TXN | WITHDRAWAL | SEQ=560548 | CARD=************8901 | AMOUNT=500.00 | CURRENCY=ETB | STATUS=DECLINED
2026-06-07 18:24:43 | ATM-001 | TID001 | TXN | WITHDRAWAL | SEQ=780927 | CARD=************3456 | AMOUNT=200.00 | CURRENCY=ETB | STATUS=APPROVED | AUTH=136016
2026-06-07 18:27:36 | ATM-001 | TID001 | TXN | WITHDRAWAL | SEQ=525571 | CARD=************5678 | AMOUNT=500.00 | CURRENCY=ETB | STATUS=APPROVED | AUTH=950132
2026-06-07 18:30:29 | ATM-001 | TID001 | TXN | WITHDRAWAL | SEQ=146763 | CARD=************5678 | AMOUNT=200.00 | CURRENCY=ETB | STATUS=APPROVED | AUTH=919953
2026-06-07 18:33:22 | ATM-001 | TID001 | TXN | WITHDRAWAL | SEQ=714786 | CARD=************4567 | AMOUNT=200.00 | CURRENCY=ETB | STATUS=APPROVED | AUTH=679586
2026-06-07 18:36:14 | ATM-001 | TID001 | TXN | WITHDRAWAL | SEQ=645782 | CARD=************2345 | AMOUNT=1000.00 | CURRENCY=ETB | STATUS=APPROVED | AUTH=449908
2026-06-07 18:39:07 | ATM-001 | TID001 | TXN | WITHDRAWAL | SEQ=360244 | CARD=************2345 | AMOUNT=100.00 | CURRENCY=ETB | STATUS=APPROVED | AUTH=256030
2026-06-07 18:42:00 | ATM-001 | TID001 | TXN | WITHDRAWAL | SEQ=629132 | CARD=************2345 | AMOUNT=5000.00 | CURRENCY=ETB | STATUS=TIMEOUT
2026-06-07 18:44:53 | ATM-001 | TID001 | TXN | WITHDRAWAL | SEQ=386254 | CARD=************6789 | AMOUNT=100.00 | CURRENCY=ETB | STATUS=APPROVED | AUTH=790415
2026-06-07 18:47:46 | ATM-001 | TID001 | TXN | WITHDRAWAL | SEQ=962732 | CARD=************3456 | AMOUNT=1000.00 | CURRENCY=ETB | STATUS=APPROVED | AUTH=549815
2026-06-07 18:50:38 | ATM-001 | TID001 | TXN | WITHDRAWAL | SEQ=228697 | CARD=************0123 | AMOUNT=100.00 | CURRENCY=ETB | STATUS=APPROVED | AUTH=119229
2026-06-07 18:53:31 | ATM-001 | TID001 | TXN | WITHDRAWAL | SEQ=253756 | CARD=************0123 | AMOUNT=200.00 | CURRENCY=ETB | STATUS=APPROVED | AUTH=433625
2026-06-07 18:56:24 | ATM-001 | TID001 | TXN | WITHDRAWAL | SEQ=368528 | CARD=************6789 | AMOUNT=100.00 | CURRENCY=ETB | STATUS=APPROVED | AUTH=246672
2026-06-07 18:59:17 | ATM-001 | TID001 | TXN | WITHDRAWAL | SEQ=271342 | CARD=************6789 | AMOUNT=2000.00 | CURRENCY=ETB | STATUS=DECLINED
2026-06-07 19:02:10 | ATM-001 | TID001 | TXN | WITHDRAWAL | SEQ=638140 | CARD=************2345 | AMOUNT=1000.00 | CURRENCY=ETB | STATUS=APPROVED | AUTH=461613
2026-06-07 19:05:02 | ATM-001 | TID001 | TXN | WITHDRAWAL | SEQ=432645 | CARD=************5678 | AMOUNT=5000.00 | CURRENCY=ETB | STATUS=APPROVED | AUTH=148253
2026-06-07 19:07:55 | ATM-001 | TID001 | TXN | WITHDRAWAL | SEQ=780174 | CARD=************2345 | AMOUNT=1000.00 | CURRENCY=ETB | STATUS=APPROVED | AUTH=968260
2026-06-07 19:10:48 | ATM-001 | TID001 | TXN | WITHDRAWAL | SEQ=711480 | CARD=************0123 | AMOUNT=100.00 | CURRENCY=ETB | STATUS=APPROVED | AUTH=747746
2026-06-07 19:13:41 | ATM-001 | TID001 | TXN | WITHDRAWAL | SEQ=956836 | CARD=************3456 | AMOUNT=500.00 | CURRENCY=ETB | STATUS=APPROVED | AUTH=179231
2026-06-07 19:16:34 | ATM-001 | TID001 | TXN | WITHDRAWAL | SEQ=789006 | CARD=************7890 | AMOUNT=1000.00 | CURRENCY=ETB | STATUS=APPROVED | AUTH=332653
2026-06-07 19:19:26 | ATM-001 | TID001 | TXN | WITHDRAWAL | SEQ=213818 | CARD=************1234 | AMOUNT=100.00 | CURRENCY=ETB | STATUS=APPROVED | AUTH=739742
2026-06-07 19:22:19 | ATM-001 | TID001 | TXN | WITHDRAWAL | SEQ=238784 | CARD=************0123 | AMOUNT=500.00 | CURRENCY=ETB | STATUS=APPROVED | AUTH=579720
2026-06-07 19:25:12 | ATM-001 | TID001 | TXN | WITHDRAWAL | SEQ=341109 | CARD=************3456 | AMOUNT=5000.00 | CURRENCY=ETB | STATUS=TIMEOUT
2026-06-07 19:28:05 | ATM-001 | TID001 | TXN | WITHDRAWAL | SEQ=997529 | CARD=************4567 | AMOUNT=100.00 | CURRENCY=ETB | STATUS=APPROVED | AUTH=725378
2026-06-07 19:30:58 | ATM-001 | TID001 | TXN | WITHDRAWAL | SEQ=237205 | CARD=************8901 | AMOUNT=500.00 | CURRENCY=ETB | STATUS=APPROVED | AUTH=301274
2026-06-07 19:33:50 | ATM-001 | TID001 | TXN | WITHDRAWAL | SEQ=680295 | CARD=************1234 | AMOUNT=100.00 | CURRENCY=ETB | STATUS=APPROVED | AUTH=496133
2026-06-07 19:36:43 | ATM-001 | TID001 | TXN | WITHDRAWAL | SEQ=706585 | CARD=************1234 | AMOUNT=500.00 | CURRENCY=ETB | STATUS=DECLINED
2026-06-07 19:39:36 | ATM-001 | TID001 | TXN | WITHDRAWAL | SEQ=711257 | CARD=************1234 | AMOUNT=100.00 | CURRENCY=ETB | STATUS=APPROVED | AUTH=521637
2026-06-07 19:42:29 | ATM-001 | TID001 | TXN | WITHDRAWAL | SEQ=298408 | CARD=************1234 | AMOUNT=1000.00 | CURRENCY=ETB | STATUS=APPROVED | AUTH=795767
2026-06-07 19:45:22 | ATM-001 | TID001 | TXN | WITHDRAWAL | SEQ=495581 | CARD=************7890 | AMOUNT=100.00 | CURRENCY=ETB | STATUS=APPROVED | AUTH=382192
2026-06-07 19:48:14 | ATM-001 | TID001 | TXN | WITHDRAWAL | SEQ=901928 | CARD=************5678 | AMOUNT=5000.00 | CURRENCY=ETB | STATUS=APPROVED | AUTH=597305
2026-06-07 19:51:07 | ATM-001 | TID001 | TXN | WITHDRAWAL | SEQ=585907 | CARD=************0123 | AMOUNT=1000.00 | CURRENCY=ETB | STATUS=APPROVED | AUTH=195165
2026-06-07 19:54:00 | ATM-001 | TID001 | TXN | WITHDRAWAL | SEQ=197643 | CARD=************0123 | AMOUNT=1000.00 | CURRENCY=ETB | STATUS=APPROVED | AUTH=406868
2026-06-07 19:56:53 | ATM-001 | TID001 | TXN | WITHDRAWAL | SEQ=975342 | CARD=************2345 | AMOUNT=1000.00 | CURRENCY=ETB | STATUS=APPROVED | AUTH=695420
2026-06-07 19:59:46 | ATM-001 | TID001 | TXN | WITHDRAWAL | SEQ=399440 | CARD=************4567 | AMOUNT=500.00 | CURRENCY=ETB | STATUS=APPROVED | AUTH=383991
2026-06-07 20:02:38 | ATM-001 | TID001 | TXN | WITHDRAWAL | SEQ=222998 | CARD=************5678 | AMOUNT=200.00 | CURRENCY=ETB | STATUS=APPROVED | AUTH=453795
2026-06-07 20:05:31 | ATM-001 | TID001 | TXN | WITHDRAWAL | SEQ=929707 | CARD=************7890 | AMOUNT=5000.00 | CURRENCY=ETB | STATUS=APPROVED | AUTH=295906
2026-06-07 20:08:24 | ATM-001 | TID001 | TXN | WITHDRAWAL | SEQ=489241 | CARD=************7890 | AMOUNT=2000.00 | CURRENCY=ETB | STATUS=APPROVED | AUTH=260795
2026-06-07 20:11:17 | ATM-001 | TID001 | TXN | WITHDRAWAL | SEQ=132525 | CARD=************4567 | AMOUNT=100.00 | CURRENCY=ETB | STATUS=DECLINED
2026-06-07 20:14:10 | ATM-001 | TID001 | TXN | WITHDRAWAL | SEQ=354447 | CARD=************0123 | AMOUNT=500.00 | CURRENCY=ETB | STATUS=APPROVED | AUTH=963128
2026-06-07 20:17:02 | ATM-001 | TID001 | TXN | WITHDRAWAL | SEQ=199746 | CARD=************7890 | AMOUNT=200.00 | CURRENCY=ETB | STATUS=DECLINED
2026-06-07 20:19:55 | ATM-001 | TID001 | TXN | WITHDRAWAL | SEQ=792780 | CARD=************0123 | AMOUNT=500.00 | CURRENCY=ETB | STATUS=APPROVED | AUTH=971842
2026-06-07 20:22:48 | ATM-001 | TID001 | TXN | WITHDRAWAL | SEQ=483424 | CARD=************8901 | AMOUNT=2000.00 | CURRENCY=ETB | STATUS=DECLINED
2026-06-07 20:25:41 | ATM-001 | TID001 | TXN | WITHDRAWAL | SEQ=801387 | CARD=************6789 | AMOUNT=2000.00 | CURRENCY=ETB | STATUS=APPROVED | AUTH=572413
2026-06-07 20:28:34 | ATM-001 | TID001 | TXN | WITHDRAWAL | SEQ=383865 | CARD=************3456 | AMOUNT=5000.00 | CURRENCY=ETB | STATUS=APPROVED | AUTH=454012
2026-06-07 20:31:26 | ATM-001 | TID001 | TXN | WITHDRAWAL | SEQ=110169 | CARD=************9012 | AMOUNT=500.00 | CURRENCY=ETB | STATUS=APPROVED | AUTH=725860
2026-06-07 20:34:19 | ATM-001 | TID001 | TXN | WITHDRAWAL | SEQ=813522 | CARD=************8901 | AMOUNT=1000.00 | CURRENCY=ETB | STATUS=APPROVED | AUTH=642198
2026-06-07 20:37:12 | ATM-001 | TID001 | TXN | WITHDRAWAL | SEQ=247741 | CARD=************8901 | AMOUNT=100.00 | CURRENCY=ETB | STATUS=APPROVED | AUTH=379909
2026-06-07 20:40:05 | ATM-001 | TID001 | TXN | WITHDRAWAL | SEQ=215230 | CARD=************2345 | AMOUNT=5000.00 | CURRENCY=ETB | STATUS=APPROVED | AUTH=882091
2026-06-07 20:42:58 | ATM-001 | TID001 | TXN | WITHDRAWAL | SEQ=288550 | CARD=************0123 | AMOUNT=1000.00 | CURRENCY=ETB | STATUS=APPROVED | AUTH=689181
2026-06-07 20:45:50 | ATM-001 | TID001 | TXN | WITHDRAWAL | SEQ=210628 | CARD=************1234 | AMOUNT=1000.00 | CURRENCY=ETB | STATUS=TIMEOUT
2026-06-07 20:48:43 | ATM-001 | TID001 | TXN | WITHDRAWAL | SEQ=282475 | CARD=************3456 | AMOUNT=500.00 | CURRENCY=ETB | STATUS=DECLINED
2026-06-07 20:51:36 | ATM-001 | TID001 | TXN | WITHDRAWAL | SEQ=414171 | CARD=************0123 | AMOUNT=200.00 | CURRENCY=ETB | STATUS=APPROVED | AUTH=253613
2026-06-07 20:54:29 | ATM-001 | TID001 | TXN | WITHDRAWAL | SEQ=457305 | CARD=************0123 | AMOUNT=200.00 | CURRENCY=ETB | STATUS=TIMEOUT
2026-06-07 20:57:22 | ATM-001 | TID001 | TXN | WITHDRAWAL | SEQ=491576 | CARD=************6789 | AMOUNT=500.00 | CURRENCY=ETB | STATUS=APPROVED | AUTH=954995
2026-06-07 21:00:14 | ATM-001 | TID001 | TXN | WITHDRAWAL | SEQ=719810 | CARD=************9012 | AMOUNT=2000.00 | CURRENCY=ETB | STATUS=DECLINED
2026-06-07 21:03:07 | ATM-001 | TID001 | TXN | WITHDRAWAL | SEQ=202975 | CARD=************8901 | AMOUNT=500.00 | CURRENCY=ETB | STATUS=APPROVED | AUTH=376728
2026-06-07 21:06:00 | ATM-001 | TID001 | TXN | WITHDRAWAL | SEQ=274573 | CARD=************2345 | AMOUNT=200.00 | CURRENCY=ETB | STATUS=APPROVED | AUTH=153938
2026-06-07 21:08:53 | ATM-001 | TID001 | TXN | WITHDRAWAL | SEQ=976725 | CARD=************9012 | AMOUNT=5000.00 | CURRENCY=ETB | STATUS=APPROVED | AUTH=739776
2026-06-07 21:11:46 | ATM-001 | TID001 | TXN | WITHDRAWAL | SEQ=974115 | CARD=************2345 | AMOUNT=500.00 | CURRENCY=ETB | STATUS=APPROVED | AUTH=715044
2026-06-07 21:14:38 | ATM-001 | TID001 | TXN | WITHDRAWAL | SEQ=733817 | CARD=************3456 | AMOUNT=2000.00 | CURRENCY=ETB | STATUS=TIMEOUT
2026-06-07 21:17:31 | ATM-001 | TID001 | TXN | WITHDRAWAL | SEQ=105763 | CARD=************6789 | AMOUNT=100.00 | CURRENCY=ETB | STATUS=DECLINED
2026-06-07 21:20:24 | ATM-001 | TID001 | TXN | WITHDRAWAL | SEQ=951766 | CARD=************8901 | AMOUNT=2000.00 | CURRENCY=ETB | STATUS=APPROVED | AUTH=596437
2026-06-07 21:23:17 | ATM-001 | TID001 | TXN | WITHDRAWAL | SEQ=738500 | CARD=************4567 | AMOUNT=100.00 | CURRENCY=ETB | STATUS=APPROVED | AUTH=227215
2026-06-07 21:26:10 | ATM-001 | TID001 | TXN | WITHDRAWAL | SEQ=117656 | CARD=************3456 | AMOUNT=500.00 | CURRENCY=ETB | STATUS=APPROVED | AUTH=108943
2026-06-07 21:29:02 | ATM-001 | TID001 | TXN | WITHDRAWAL | SEQ=699151 | CARD=************8901 | AMOUNT=200.00 | CURRENCY=ETB | STATUS=APPROVED | AUTH=814114
2026-06-07 21:31:55 | ATM-001 | TID001 | TXN | WITHDRAWAL | SEQ=326298 | CARD=************1234 | AMOUNT=100.00 | CURRENCY=ETB | STATUS=APPROVED | AUTH=526551
2026-06-07 21:34:48 | ATM-001 | TID001 | TXN | WITHDRAWAL | SEQ=231620 | CARD=************3456 | AMOUNT=1000.00 | CURRENCY=ETB | STATUS=APPROVED | AUTH=213915
2026-06-07 21:37:41 | ATM-001 | TID001 | TXN | WITHDRAWAL | SEQ=632337 | CARD=************6789 | AMOUNT=5000.00 | CURRENCY=ETB | STATUS=APPROVED | AUTH=806922
2026-06-07 21:40:34 | ATM-001 | TID001 | TXN | WITHDRAWAL | SEQ=736491 | CARD=************8901 | AMOUNT=200.00 | CURRENCY=ETB | STATUS=APPROVED | AUTH=588297
2026-06-07 21:43:26 | ATM-001 | TID001 | TXN | WITHDRAWAL | SEQ=715477 | CARD=************8901 | AMOUNT=500.00 | CURRENCY=ETB | STATUS=APPROVED | AUTH=673146
2026-06-07 21:46:19 | ATM-001 | TID001 | TXN | WITHDRAWAL | SEQ=614442 | CARD=************5678 | AMOUNT=2000.00 | CURRENCY=ETB | STATUS=APPROVED | AUTH=916599
2026-06-07 21:49:12 | ATM-001 | TID001 | TXN | WITHDRAWAL | SEQ=955510 | CARD=************6789 | AMOUNT=200.00 | CURRENCY=ETB | STATUS=APPROVED | AUTH=495239
2026-06-07 21:52:05 | ATM-001 | TID001 | TXN | WITHDRAWAL | SEQ=545460 | CARD=************9012 | AMOUNT=500.00 | CURRENCY=ETB | STATUS=APPROVED | AUTH=385479
2026-06-07 21:54:58 | ATM-001 | TID001 | TXN | WITHDRAWAL | SEQ=607697 | CARD=************2345 | AMOUNT=5000.00 | CURRENCY=ETB | STATUS=APPROVED | AUTH=286691
2026-06-07 21:57:50 | ATM-001 | TID001 | TXN | WITHDRAWAL | SEQ=440534 | CARD=************1234 | AMOUNT=2000.00 | CURRENCY=ETB | STATUS=APPROVED | AUTH=491779
2026-06-07 22:00:43 | ATM-001 | TID001 | TXN | WITHDRAWAL | SEQ=182881 | CARD=************8901 | AMOUNT=200.00 | CURRENCY=ETB | STATUS=APPROVED | AUTH=204742
2026-06-07 22:03:36 | ATM-001 | TID001 | TXN | WITHDRAWAL | SEQ=292299 | CARD=************1234 | AMOUNT=500.00 | CURRENCY=ETB | STATUS=APPROVED | AUTH=435042
2026-06-07 22:06:29 | ATM-001 | TID001 | TXN | WITHDRAWAL | SEQ=602754 | CARD=************7890 | AMOUNT=2000.00 | CURRENCY=ETB | STATUS=APPROVED | AUTH=551580
2026-06-07 22:09:22 | ATM-001 | TID001 | TXN | WITHDRAWAL | SEQ=541799 | CARD=************8901 | AMOUNT=1000.00 | CURRENCY=ETB | STATUS=APPROVED | AUTH=678135
2026-06-07 22:12:14 | ATM-001 | TID001 | TXN | WITHDRAWAL | SEQ=829377 | CARD=************1234 | AMOUNT=500.00 | CURRENCY=ETB | STATUS=APPROVED | AUTH=247514
2026-06-07 22:15:07 | ATM-001 | TID001 | TXN | WITHDRAWAL | SEQ=397819 | CARD=************5678 | AMOUNT=1000.00 | CURRENCY=ETB | STATUS=APPROVED | AUTH=515144
2026-06-07 22:18:00 | ATM-001 | TID001 | TXN | WITHDRAWAL | SEQ=118637 | CARD=************9012 | AMOUNT=2000.00 | CURRENCY=ETB | STATUS=APPROVED | AUTH=636480
2026-06-07 22:20:53 | ATM-001 | TID001 | TXN | WITHDRAWAL | SEQ=272018 | CARD=************0123 | AMOUNT=2000.00 | CURRENCY=ETB | STATUS=APPROVED | AUTH=412283
2026-06-07 22:23:46 | ATM-001 | TID001 | TXN | WITHDRAWAL | SEQ=376114 | CARD=************1234 | AMOUNT=200.00 | CURRENCY=ETB | STATUS=APPROVED | AUTH=401290
2026-06-07 22:26:38 | ATM-001 | TID001 | TXN | WITHDRAWAL | SEQ=531017 | CARD=************1234 | AMOUNT=1000.00 | CURRENCY=ETB | STATUS=APPROVED | AUTH=943902
2026-06-07 22:29:31 | ATM-001 | TID001 | TXN | WITHDRAWAL | SEQ=483236 | CARD=************4567 | AMOUNT=5000.00 | CURRENCY=ETB | STATUS=APPROVED | AUTH=271635
2026-06-07 22:32:24 | ATM-001 | TID001 | TXN | WITHDRAWAL | SEQ=416090 | CARD=************3456 | AMOUNT=1000.00 | CURRENCY=ETB | STATUS=APPROVED | AUTH=162300
2026-06-07 22:35:17 | ATM-001 | TID001 | TXN | WITHDRAWAL | SEQ=468947 | CARD=************3456 | AMOUNT=5000.00 | CURRENCY=ETB | STATUS=APPROVED | AUTH=460355
2026-06-07 22:38:10 | ATM-001 | TID001 | TXN | WITHDRAWAL | SEQ=501726 | CARD=************1234 | AMOUNT=100.00 | CURRENCY=ETB | STATUS=APPROVED | AUTH=517929
2026-06-07 22:41:02 | ATM-001 | TID001 | TXN | WITHDRAWAL | SEQ=609251 | CARD=************1234 | AMOUNT=500.00 | CURRENCY=ETB | STATUS=APPROVED | AUTH=782076
2026-06-07 22:43:55 | ATM-001 | TID001 | TXN | WITHDRAWAL | SEQ=239578 | CARD=************6789 | AMOUNT=1000.00 | CURRENCY=ETB | STATUS=APPROVED | AUTH=440870
2026-06-07 22:46:48 | ATM-001 | TID001 | TXN | WITHDRAWAL | SEQ=916274 | CARD=************8901 | AMOUNT=500.00 | CURRENCY=ETB | STATUS=APPROVED | AUTH=908997
2026-06-07 22:49:41 | ATM-001 | TID001 | TXN | WITHDRAWAL | SEQ=630269 | CARD=************8901 | AMOUNT=2000.00 | CURRENCY=ETB | STATUS=APPROVED | AUTH=743637
2026-06-07 22:52:34 | ATM-001 | TID001 | TXN | WITHDRAWAL | SEQ=504353 | CARD=************4567 | AMOUNT=100.00 | CURRENCY=ETB | STATUS=APPROVED | AUTH=812424
2026-06-07 22:55:26 | ATM-001 | TID001 | TXN | WITHDRAWAL | SEQ=758382 | CARD=************5678 | AMOUNT=5000.00 | CURRENCY=ETB | STATUS=APPROVED | AUTH=281661
2026-06-07 22:58:19 | ATM-001 | TID001 | TXN | WITHDRAWAL | SEQ=382502 | CARD=************3456 | AMOUNT=100.00 | CURRENCY=ETB | STATUS=APPROVED | AUTH=823025
2026-06-07 23:01:12 | ATM-001 | TID001 | TXN | WITHDRAWAL | SEQ=531190 | CARD=************6789 | AMOUNT=5000.00 | CURRENCY=ETB | STATUS=APPROVED | AUTH=890163
2026-06-07 23:04:05 | ATM-001 | TID001 | TXN | WITHDRAWAL | SEQ=489342 | CARD=************8901 | AMOUNT=200.00 | CURRENCY=ETB | STATUS=APPROVED | AUTH=302893
2026-06-07 23:06:58 | ATM-001 | TID001 | TXN | WITHDRAWAL | SEQ=531002 | CARD=************9012 | AMOUNT=1000.00 | CURRENCY=ETB | STATUS=APPROVED | AUTH=787296
2026-06-07 23:09:50 | ATM-001 | TID001 | TXN | WITHDRAWAL | SEQ=226846 | CARD=************7890 | AMOUNT=100.00 | CURRENCY=ETB | STATUS=APPROVED | AUTH=139204
2026-06-07 23:12:43 | ATM-001 | TID001 | TXN | WITHDRAWAL | SEQ=598439 | CARD=************3456 | AMOUNT=200.00 | CURRENCY=ETB | STATUS=DECLINED
2026-06-07 23:15:36 | ATM-001 | TID001 | TXN | WITHDRAWAL | SEQ=612155 | CARD=************4567 | AMOUNT=2000.00 | CURRENCY=ETB | STATUS=APPROVED | AUTH=220941
2026-06-07 23:18:29 | ATM-001 | TID001 | TXN | WITHDRAWAL | SEQ=296103 | CARD=************7890 | AMOUNT=200.00 | CURRENCY=ETB | STATUS=APPROVED | AUTH=634475
2026-06-07 23:21:22 | ATM-001 | TID001 | TXN | WITHDRAWAL | SEQ=184174 | CARD=************1234 | AMOUNT=5000.00 | CURRENCY=ETB | STATUS=APPROVED | AUTH=963041
2026-06-07 23:24:14 | ATM-001 | TID001 | TXN | WITHDRAWAL | SEQ=112511 | CARD=************7890 | AMOUNT=1000.00 | CURRENCY=ETB | STATUS=APPROVED | AUTH=797813
2026-06-07 23:27:07 | ATM-001 | TID001 | TXN | WITHDRAWAL | SEQ=665657 | CARD=************8901 | AMOUNT=100.00 | CURRENCY=ETB | STATUS=APPROVED | AUTH=301281
2026-06-07 23:30:00 | ATM-001 | TID001 | TXN | WITHDRAWAL | SEQ=772584 | CARD=************1234 | AMOUNT=100.00 | CURRENCY=ETB | STATUS=APPROVED | AUTH=150346
2026-06-07 23:32:53 | ATM-001 | TID001 | TXN | WITHDRAWAL | SEQ=119673 | CARD=************9012 | AMOUNT=100.00 | CURRENCY=ETB | STATUS=APPROVED | AUTH=693792
2026-06-07 23:35:46 | ATM-001 | TID001 | TXN | WITHDRAWAL | SEQ=415339 | CARD=************1234 | AMOUNT=200.00 | CURRENCY=ETB | STATUS=APPROVED | AUTH=744198
2026-06-07 23:38:38 | ATM-001 | TID001 | TXN | WITHDRAWAL | SEQ=487268 | CARD=************7890 | AMOUNT=2000.00 | CURRENCY=ETB | STATUS=APPROVED | AUTH=714843
2026-06-07 23:41:31 | ATM-001 | TID001 | TXN | WITHDRAWAL | SEQ=114347 | CARD=************3456 | AMOUNT=500.00 | CURRENCY=ETB | STATUS=APPROVED | AUTH=740748
2026-06-07 23:44:24 | ATM-001 | TID001 | TXN | WITHDRAWAL | SEQ=673348 | CARD=************5678 | AMOUNT=500.00 | CURRENCY=ETB | STATUS=APPROVED | AUTH=106662
2026-06-07 23:47:17 | ATM-001 | TID001 | TXN | WITHDRAWAL | SEQ=308119 | CARD=************2345 | AMOUNT=100.00 | CURRENCY=ETB | STATUS=TIMEOUT
2026-06-07 23:50:10 | ATM-001 | TID001 | TXN | WITHDRAWAL | SEQ=182194 | CARD=************2345 | AMOUNT=1000.00 | CURRENCY=ETB | STATUS=APPROVED | AUTH=898637
2026-06-07 23:53:02 | ATM-001 | TID001 | TXN | WITHDRAWAL | SEQ=670966 | CARD=************5678 | AMOUNT=5000.00 | CURRENCY=ETB | STATUS=APPROVED | AUTH=217867
2026-06-07 23:55:55 | ATM-001 | TID001 | TXN | WITHDRAWAL | SEQ=409048 | CARD=************0123 | AMOUNT=200.00 | CURRENCY=ETB | STATUS=APPROVED | AUTH=650408
2026-06-07 23:58:48 | ATM-001 | TID001 | TXN | WITHDRAWAL | SEQ=758725 | CARD=************4567 | AMOUNT=500.00 | CURRENCY=ETB | STATUS=APPROVED | AUTH=126969
2026-06-08 00:01:41 | ATM-001 | TID001 | TXN | WITHDRAWAL | SEQ=414391 | CARD=************1234 | AMOUNT=100.00 | CURRENCY=ETB | STATUS=APPROVED | AUTH=851157
2026-06-08 00:04:34 | ATM-001 | TID001 | TXN | WITHDRAWAL | SEQ=596419 | CARD=************0123 | AMOUNT=200.00 | CURRENCY=ETB | STATUS=APPROVED | AUTH=625858
2026-06-08 00:07:26 | ATM-001 | TID001 | TXN | WITHDRAWAL | SEQ=640615 | CARD=************9012 | AMOUNT=1000.00 | CURRENCY=ETB | STATUS=APPROVED | AUTH=300651
2026-06-08 00:10:19 | ATM-001 | TID001 | TXN | WITHDRAWAL | SEQ=818909 | CARD=************4567 | AMOUNT=5000.00 | CURRENCY=ETB | STATUS=APPROVED | AUTH=717218
2026-06-08 00:13:12 | ATM-001 | TID001 | TXN | WITHDRAWAL | SEQ=788814 | CARD=************9012 | AMOUNT=1000.00 | CURRENCY=ETB | STATUS=DECLINED
2026-06-08 00:16:05 | ATM-001 | TID001 | TXN | WITHDRAWAL | SEQ=998543 | CARD=************9012 | AMOUNT=500.00 | CURRENCY=ETB | STATUS=APPROVED | AUTH=761704
2026-06-08 00:18:58 | ATM-001 | TID001 | TXN | WITHDRAWAL | SEQ=634658 | CARD=************4567 | AMOUNT=5000.00 | CURRENCY=ETB | STATUS=APPROVED | AUTH=398580
2026-06-08 00:21:50 | ATM-001 | TID001 | TXN | WITHDRAWAL | SEQ=624771 | CARD=************3456 | AMOUNT=5000.00 | CURRENCY=ETB | STATUS=APPROVED | AUTH=207752
2026-06-08 00:24:43 | ATM-001 | TID001 | TXN | WITHDRAWAL | SEQ=543847 | CARD=************5678 | AMOUNT=200.00 | CURRENCY=ETB | STATUS=TIMEOUT
2026-06-08 00:27:36 | ATM-001 | TID001 | TXN | WITHDRAWAL | SEQ=571252 | CARD=************9012 | AMOUNT=100.00 | CURRENCY=ETB | STATUS=APPROVED | AUTH=879008
2026-06-08 00:30:29 | ATM-001 | TID001 | TXN | WITHDRAWAL | SEQ=788431 | CARD=************1234 | AMOUNT=2000.00 | CURRENCY=ETB | STATUS=APPROVED | AUTH=638363
2026-06-08 00:33:22 | ATM-001 | TID001 | TXN | WITHDRAWAL | SEQ=200951 | CARD=************7890 | AMOUNT=100.00 | CURRENCY=ETB | STATUS=APPROVED | AUTH=786636
2026-06-08 00:36:14 | ATM-001 | TID001 | TXN | WITHDRAWAL | SEQ=920882 | CARD=************2345 | AMOUNT=500.00 | CURRENCY=ETB | STATUS=APPROVED | AUTH=329979
2026-06-08 00:39:07 | ATM-001 | TID001 | TXN | WITHDRAWAL | SEQ=459021 | CARD=************1234 | AMOUNT=1000.00 | CURRENCY=ETB | STATUS=APPROVED | AUTH=147838
2026-06-08 00:42:00 | ATM-001 | TID001 | TXN | WITHDRAWAL | SEQ=184486 | CARD=************5678 | AMOUNT=500.00 | CURRENCY=ETB | STATUS=APPROVED | AUTH=321079
2026-06-08 00:44:53 | ATM-001 | TID001 | TXN | WITHDRAWAL | SEQ=611321 | CARD=************5678 | AMOUNT=2000.00 | CURRENCY=ETB | STATUS=APPROVED | AUTH=747134
2026-06-08 00:47:46 | ATM-001 | TID001 | TXN | WITHDRAWAL | SEQ=862509 | CARD=************3456 | AMOUNT=5000.00 | CURRENCY=ETB | STATUS=APPROVED | AUTH=657801
2026-06-08 00:50:38 | ATM-001 | TID001 | TXN | WITHDRAWAL | SEQ=399998 | CARD=************2345 | AMOUNT=2000.00 | CURRENCY=ETB | STATUS=APPROVED | AUTH=763535
2026-06-08 00:53:31 | ATM-001 | TID001 | TXN | WITHDRAWAL | SEQ=149210 | CARD=************1234 | AMOUNT=500.00 | CURRENCY=ETB | STATUS=APPROVED | AUTH=101762
2026-06-08 00:56:24 | ATM-001 | TID001 | TXN | WITHDRAWAL | SEQ=900399 | CARD=************5678 | AMOUNT=200.00 | CURRENCY=ETB | STATUS=DECLINED
2026-06-08 00:59:17 | ATM-001 | TID001 | TXN | WITHDRAWAL | SEQ=580444 | CARD=************4567 | AMOUNT=1000.00 | CURRENCY=ETB | STATUS=APPROVED | AUTH=484057
2026-06-08 01:02:10 | ATM-001 | TID001 | TXN | WITHDRAWAL | SEQ=245808 | CARD=************5678 | AMOUNT=2000.00 | CURRENCY=ETB | STATUS=APPROVED | AUTH=751511
2026-06-08 01:05:02 | ATM-001 | TID001 | TXN | WITHDRAWAL | SEQ=514591 | CARD=************7890 | AMOUNT=500.00 | CURRENCY=ETB | STATUS=APPROVED | AUTH=591499
2026-06-08 01:07:55 | ATM-001 | TID001 | TXN | WITHDRAWAL | SEQ=921332 | CARD=************8901 | AMOUNT=500.00 | CURRENCY=ETB | STATUS=APPROVED | AUTH=107638
2026-06-08 01:10:48 | ATM-001 | TID001 | TXN | WITHDRAWAL | SEQ=425132 | CARD=************4567 | AMOUNT=2000.00 | CURRENCY=ETB | STATUS=TIMEOUT
2026-06-08 01:13:41 | ATM-001 | TID001 | TXN | WITHDRAWAL | SEQ=231964 | CARD=************1234 | AMOUNT=5000.00 | CURRENCY=ETB | STATUS=APPROVED | AUTH=728186
2026-06-08 01:16:34 | ATM-001 | TID001 | TXN | WITHDRAWAL | SEQ=350576 | CARD=************9012 | AMOUNT=1000.00 | CURRENCY=ETB | STATUS=APPROVED | AUTH=832739
2026-06-08 01:19:26 | ATM-001 | TID001 | TXN | WITHDRAWAL | SEQ=223482 | CARD=************4567 | AMOUNT=1000.00 | CURRENCY=ETB | STATUS=APPROVED | AUTH=502418
2026-06-08 01:22:19 | ATM-001 | TID001 | TXN | WITHDRAWAL | SEQ=319235 | CARD=************4567 | AMOUNT=2000.00 | CURRENCY=ETB | STATUS=APPROVED | AUTH=749886
2026-06-08 01:25:12 | ATM-001 | TID001 | TXN | WITHDRAWAL | SEQ=408973 | CARD=************1234 | AMOUNT=1000.00 | CURRENCY=ETB | STATUS=DECLINED
2026-06-08 01:28:05 | ATM-001 | TID001 | TXN | WITHDRAWAL | SEQ=913468 | CARD=************5678 | AMOUNT=1000.00 | CURRENCY=ETB | STATUS=APPROVED | AUTH=167313
2026-06-08 01:30:58 | ATM-001 | TID001 | TXN | WITHDRAWAL | SEQ=329743 | CARD=************4567 | AMOUNT=1000.00 | CURRENCY=ETB | STATUS=APPROVED | AUTH=406022
2026-06-08 01:33:50 | ATM-001 | TID001 | TXN | WITHDRAWAL | SEQ=115639 | CARD=************6789 | AMOUNT=5000.00 | CURRENCY=ETB | STATUS=APPROVED | AUTH=932633
2026-06-08 01:36:43 | ATM-001 | TID001 | TXN | WITHDRAWAL | SEQ=412457 | CARD=************9012 | AMOUNT=100.00 | CURRENCY=ETB | STATUS=DECLINED
2026-06-08 01:39:36 | ATM-001 | TID001 | TXN | WITHDRAWAL | SEQ=942473 | CARD=************3456 | AMOUNT=200.00 | CURRENCY=ETB | STATUS=APPROVED | AUTH=679275
2026-06-08 01:42:29 | ATM-001 | TID001 | TXN | WITHDRAWAL | SEQ=138399 | CARD=************2345 | AMOUNT=200.00 | CURRENCY=ETB | STATUS=APPROVED | AUTH=884240
2026-06-08 01:45:22 | ATM-001 | TID001 | TXN | WITHDRAWAL | SEQ=472958 | CARD=************4567 | AMOUNT=500.00 | CURRENCY=ETB | STATUS=APPROVED | AUTH=646181
2026-06-08 01:48:14 | ATM-001 | TID001 | TXN | WITHDRAWAL | SEQ=108887 | CARD=************6789 | AMOUNT=2000.00 | CURRENCY=ETB | STATUS=APPROVED | AUTH=441842
2026-06-08 01:51:07 | ATM-001 | TID001 | TXN | WITHDRAWAL | SEQ=263888 | CARD=************7890 | AMOUNT=200.00 | CURRENCY=ETB | STATUS=APPROVED | AUTH=301834
2026-06-08 01:54:00 | ATM-001 | TID001 | TXN | WITHDRAWAL | SEQ=358187 | CARD=************3456 | AMOUNT=2000.00 | CURRENCY=ETB | STATUS=APPROVED | AUTH=292314
2026-06-08 01:56:53 | ATM-001 | TID001 | TXN | WITHDRAWAL | SEQ=354056 | CARD=************3456 | AMOUNT=5000.00 | CURRENCY=ETB | STATUS=APPROVED | AUTH=811996
2026-06-08 01:59:46 | ATM-001 | TID001 | TXN | WITHDRAWAL | SEQ=731230 | CARD=************2345 | AMOUNT=1000.00 | CURRENCY=ETB | STATUS=TIMEOUT
2026-06-08 02:02:38 | ATM-001 | TID001 | TXN | WITHDRAWAL | SEQ=720415 | CARD=************7890 | AMOUNT=200.00 | CURRENCY=ETB | STATUS=APPROVED | AUTH=132610
2026-06-08 02:05:31 | ATM-001 | TID001 | TXN | WITHDRAWAL | SEQ=281133 | CARD=************7890 | AMOUNT=500.00 | CURRENCY=ETB | STATUS=APPROVED | AUTH=999684
2026-06-08 02:08:24 | ATM-001 | TID001 | TXN | WITHDRAWAL | SEQ=477613 | CARD=************0123 | AMOUNT=2000.00 | CURRENCY=ETB | STATUS=DECLINED
2026-06-08 02:11:17 | ATM-001 | TID001 | TXN | WITHDRAWAL | SEQ=411224 | CARD=************1234 | AMOUNT=100.00 | CURRENCY=ETB | STATUS=TIMEOUT
2026-06-08 02:14:10 | ATM-001 | TID001 | TXN | WITHDRAWAL | SEQ=273826 | CARD=************9012 | AMOUNT=100.00 | CURRENCY=ETB | STATUS=APPROVED | AUTH=826310
2026-06-08 02:17:02 | ATM-001 | TID001 | TXN | WITHDRAWAL | SEQ=923521 | CARD=************2345 | AMOUNT=200.00 | CURRENCY=ETB | STATUS=APPROVED | AUTH=900180
2026-06-08 02:19:55 | ATM-001 | TID001 | TXN | WITHDRAWAL | SEQ=193697 | CARD=************3456 | AMOUNT=500.00 | CURRENCY=ETB | STATUS=APPROVED | AUTH=928227
2026-06-08 02:22:48 | ATM-001 | TID001 | TXN | WITHDRAWAL | SEQ=161875 | CARD=************0123 | AMOUNT=500.00 | CURRENCY=ETB | STATUS=APPROVED | AUTH=983204
2026-06-08 02:25:41 | ATM-001 | TID001 | TXN | WITHDRAWAL | SEQ=999065 | CARD=************9012 | AMOUNT=5000.00 | CURRENCY=ETB | STATUS=APPROVED | AUTH=305299
2026-06-08 02:28:34 | ATM-001 | TID001 | TXN | WITHDRAWAL | SEQ=959065 | CARD=************8901 | AMOUNT=2000.00 | CURRENCY=ETB | STATUS=APPROVED | AUTH=137882
2026-06-08 02:31:26 | ATM-001 | TID001 | TXN | WITHDRAWAL | SEQ=304254 | CARD=************6789 | AMOUNT=5000.00 | CURRENCY=ETB | STATUS=APPROVED | AUTH=376189
2026-06-08 02:34:19 | ATM-001 | TID001 | TXN | WITHDRAWAL | SEQ=989847 | CARD=************6789 | AMOUNT=2000.00 | CURRENCY=ETB | STATUS=APPROVED | AUTH=325097
2026-06-08 02:37:12 | ATM-001 | TID001 | TXN | WITHDRAWAL | SEQ=442574 | CARD=************9012 | AMOUNT=100.00 | CURRENCY=ETB | STATUS=APPROVED | AUTH=916761
2026-06-08 02:40:05 | ATM-001 | TID001 | TXN | WITHDRAWAL | SEQ=769064 | CARD=************2345 | AMOUNT=200.00 | CURRENCY=ETB | STATUS=APPROVED | AUTH=685301
2026-06-08 02:42:58 | ATM-001 | TID001 | TXN | WITHDRAWAL | SEQ=612403 | CARD=************1234 | AMOUNT=1000.00 | CURRENCY=ETB | STATUS=APPROVED | AUTH=642570
2026-06-08 02:45:50 | ATM-001 | TID001 | TXN | WITHDRAWAL | SEQ=816902 | CARD=************8901 | AMOUNT=1000.00 | CURRENCY=ETB | STATUS=APPROVED | AUTH=700149
2026-06-08 02:48:43 | ATM-001 | TID001 | TXN | WITHDRAWAL | SEQ=273738 | CARD=************0123 | AMOUNT=500.00 | CURRENCY=ETB | STATUS=APPROVED | AUTH=357044
2026-06-08 02:51:36 | ATM-001 | TID001 | TXN | WITHDRAWAL | SEQ=976065 | CARD=************2345 | AMOUNT=5000.00 | CURRENCY=ETB | STATUS=APPROVED | AUTH=242068
2026-06-08 02:54:29 | ATM-001 | TID001 | TXN | WITHDRAWAL | SEQ=658479 | CARD=************9012 | AMOUNT=100.00 | CURRENCY=ETB | STATUS=APPROVED | AUTH=369848
2026-06-08 02:57:22 | ATM-001 | TID001 | TXN | WITHDRAWAL | SEQ=445258 | CARD=************3456 | AMOUNT=200.00 | CURRENCY=ETB | STATUS=APPROVED | AUTH=583904
2026-06-08 03:00:14 | ATM-001 | TID001 | TXN | WITHDRAWAL | SEQ=929171 | CARD=************9012 | AMOUNT=500.00 | CURRENCY=ETB | STATUS=APPROVED | AUTH=920629
2026-06-08 03:03:07 | ATM-001 | TID001 | TXN | WITHDRAWAL | SEQ=926609 | CARD=************5678 | AMOUNT=200.00 | CURRENCY=ETB | STATUS=APPROVED | AUTH=817907
2026-06-08 03:06:00 | ATM-001 | TID001 | TXN | WITHDRAWAL | SEQ=241635 | CARD=************8901 | AMOUNT=5000.00 | CURRENCY=ETB | STATUS=APPROVED | AUTH=310053
2026-06-08 03:08:53 | ATM-001 | TID001 | TXN | WITHDRAWAL | SEQ=428934 | CARD=************0123 | AMOUNT=2000.00 | CURRENCY=ETB | STATUS=APPROVED | AUTH=953423
2026-06-08 03:11:46 | ATM-001 | TID001 | TXN | WITHDRAWAL | SEQ=497032 | CARD=************2345 | AMOUNT=1000.00 | CURRENCY=ETB | STATUS=APPROVED | AUTH=316637
2026-06-08 03:14:38 | ATM-001 | TID001 | TXN | WITHDRAWAL | SEQ=955594 | CARD=************9012 | AMOUNT=2000.00 | CURRENCY=ETB | STATUS=APPROVED | AUTH=664573
2026-06-08 03:17:31 | ATM-001 | TID001 | TXN | WITHDRAWAL | SEQ=350543 | CARD=************2345 | AMOUNT=5000.00 | CURRENCY=ETB | STATUS=APPROVED | AUTH=794399
2026-06-08 03:20:24 | ATM-001 | TID001 | TXN | WITHDRAWAL | SEQ=639861 | CARD=************9012 | AMOUNT=2000.00 | CURRENCY=ETB | STATUS=APPROVED | AUTH=462894
2026-06-08 03:23:17 | ATM-001 | TID001 | TXN | WITHDRAWAL | SEQ=247067 | CARD=************5678 | AMOUNT=5000.00 | CURRENCY=ETB | STATUS=APPROVED | AUTH=545934
2026-06-08 03:26:10 | ATM-001 | TID001 | TXN | WITHDRAWAL | SEQ=818067 | CARD=************3456 | AMOUNT=200.00 | CURRENCY=ETB | STATUS=DECLINED
2026-06-08 03:29:02 | ATM-001 | TID001 | TXN | WITHDRAWAL | SEQ=781001 | CARD=************6789 | AMOUNT=100.00 | CURRENCY=ETB | STATUS=APPROVED | AUTH=280809
2026-06-08 03:31:55 | ATM-001 | TID001 | TXN | WITHDRAWAL | SEQ=375933 | CARD=************1234 | AMOUNT=200.00 | CURRENCY=ETB | STATUS=APPROVED | AUTH=890735
2026-06-08 03:34:48 | ATM-001 | TID001 | TXN | WITHDRAWAL | SEQ=475991 | CARD=************0123 | AMOUNT=2000.00 | CURRENCY=ETB | STATUS=APPROVED | AUTH=340662
2026-06-08 03:37:41 | ATM-001 | TID001 | TXN | WITHDRAWAL | SEQ=698894 | CARD=************4567 | AMOUNT=5000.00 | CURRENCY=ETB | STATUS=APPROVED | AUTH=958426
2026-06-08 03:40:34 | ATM-001 | TID001 | TXN | WITHDRAWAL | SEQ=810213 | CARD=************4567 | AMOUNT=200.00 | CURRENCY=ETB | STATUS=APPROVED | AUTH=859383
2026-06-08 03:43:26 | ATM-001 | TID001 | TXN | WITHDRAWAL | SEQ=141064 | CARD=************4567 | AMOUNT=500.00 | CURRENCY=ETB | STATUS=APPROVED | AUTH=434653
2026-06-08 03:46:19 | ATM-001 | TID001 | TXN | WITHDRAWAL | SEQ=334444 | CARD=************0123 | AMOUNT=2000.00 | CURRENCY=ETB | STATUS=APPROVED | AUTH=386334
2026-06-08 03:49:12 | ATM-001 | TID001 | TXN | WITHDRAWAL | SEQ=136257 | CARD=************5678 | AMOUNT=2000.00 | CURRENCY=ETB | STATUS=APPROVED | AUTH=173971
2026-06-08 03:52:05 | ATM-001 | TID001 | TXN | WITHDRAWAL | SEQ=455322 | CARD=************7890 | AMOUNT=200.00 | CURRENCY=ETB | STATUS=APPROVED | AUTH=993655
2026-06-08 03:54:58 | ATM-001 | TID001 | TXN | WITHDRAWAL | SEQ=805238 | CARD=************7890 | AMOUNT=200.00 | CURRENCY=ETB | STATUS=APPROVED | AUTH=513931
2026-06-08 03:57:50 | ATM-001 | TID001 | TXN | WITHDRAWAL | SEQ=586512 | CARD=************8901 | AMOUNT=1000.00 | CURRENCY=ETB | STATUS=APPROVED | AUTH=755846
2026-06-08 04:00:43 | ATM-001 | TID001 | TXN | WITHDRAWAL | SEQ=321310 | CARD=************3456 | AMOUNT=5000.00 | CURRENCY=ETB | STATUS=APPROVED | AUTH=507973
2026-06-08 04:03:36 | ATM-001 | TID001 | TXN | WITHDRAWAL | SEQ=340135 | CARD=************1234 | AMOUNT=1000.00 | CURRENCY=ETB | STATUS=APPROVED | AUTH=421261
2026-06-08 04:06:29 | ATM-001 | TID001 | TXN | WITHDRAWAL | SEQ=155879 | CARD=************1234 | AMOUNT=1000.00 | CURRENCY=ETB | STATUS=APPROVED | AUTH=511840
2026-06-08 04:09:22 | ATM-001 | TID001 | TXN | WITHDRAWAL | SEQ=858990 | CARD=************1234 | AMOUNT=5000.00 | CURRENCY=ETB | STATUS=APPROVED | AUTH=834543
2026-06-08 04:12:14 | ATM-001 | TID001 | TXN | WITHDRAWAL | SEQ=366352 | CARD=************6789 | AMOUNT=1000.00 | CURRENCY=ETB | STATUS=APPROVED | AUTH=519457
2026-06-08 04:15:07 | ATM-001 | TID001 | TXN | WITHDRAWAL | SEQ=282879 | CARD=************8901 | AMOUNT=500.00 | CURRENCY=ETB | STATUS=APPROVED | AUTH=203740
2026-06-08 04:18:00 | ATM-001 | TID001 | TXN | WITHDRAWAL | SEQ=490969 | CARD=************4567 | AMOUNT=5000.00 | CURRENCY=ETB | STATUS=APPROVED | AUTH=510360
2026-06-08 04:20:53 | ATM-001 | TID001 | TXN | WITHDRAWAL | SEQ=538574 | CARD=************1234 | AMOUNT=500.00 | CURRENCY=ETB | STATUS=APPROVED | AUTH=628920
2026-06-08 04:23:46 | ATM-001 | TID001 | TXN | WITHDRAWAL | SEQ=186895 | CARD=************2345 | AMOUNT=5000.00 | CURRENCY=ETB | STATUS=APPROVED | AUTH=918815
2026-06-08 04:26:38 | ATM-001 | TID001 | TXN | WITHDRAWAL | SEQ=773220 | CARD=************6789 | AMOUNT=100.00 | CURRENCY=ETB | STATUS=APPROVED | AUTH=966545
2026-06-08 04:29:31 | ATM-001 | TID001 | TXN | WITHDRAWAL | SEQ=835715 | CARD=************3456 | AMOUNT=100.00 | CURRENCY=ETB | STATUS=APPROVED | AUTH=371942
2026-06-08 04:32:24 | ATM-001 | TID001 | TXN | WITHDRAWAL | SEQ=143061 | CARD=************2345 | AMOUNT=1000.00 | CURRENCY=ETB | STATUS=APPROVED | AUTH=704909
2026-06-08 04:35:17 | ATM-001 | TID001 | TXN | WITHDRAWAL | SEQ=724446 | CARD=************0123 | AMOUNT=500.00 | CURRENCY=ETB | STATUS=APPROVED | AUTH=482780
2026-06-08 04:38:10 | ATM-001 | TID001 | TXN | WITHDRAWAL | SEQ=355172 | CARD=************1234 | AMOUNT=1000.00 | CURRENCY=ETB | STATUS=APPROVED | AUTH=413281
2026-06-08 04:41:02 | ATM-001 | TID001 | TXN | WITHDRAWAL | SEQ=543851 | CARD=************4567 | AMOUNT=2000.00 | CURRENCY=ETB | STATUS=APPROVED | AUTH=284436
2026-06-08 04:43:55 | ATM-001 | TID001 | TXN | WITHDRAWAL | SEQ=766425 | CARD=************8901 | AMOUNT=2000.00 | CURRENCY=ETB | STATUS=APPROVED | AUTH=830088
2026-06-08 04:46:48 | ATM-001 | TID001 | TXN | WITHDRAWAL | SEQ=789848 | CARD=************1234 | AMOUNT=200.00 | CURRENCY=ETB | STATUS=APPROVED | AUTH=457807
2026-06-08 04:49:41 | ATM-001 | TID001 | TXN | WITHDRAWAL | SEQ=355627 | CARD=************5678 | AMOUNT=2000.00 | CURRENCY=ETB | STATUS=APPROVED | AUTH=519334
2026-06-08 04:52:34 | ATM-001 | TID001 | TXN | WITHDRAWAL | SEQ=794573 | CARD=************7890 | AMOUNT=200.00 | CURRENCY=ETB | STATUS=APPROVED | AUTH=608140
2026-06-08 04:55:26 | ATM-001 | TID001 | TXN | WITHDRAWAL | SEQ=556967 | CARD=************3456 | AMOUNT=100.00 | CURRENCY=ETB | STATUS=APPROVED | AUTH=382103
2026-06-08 04:58:19 | ATM-001 | TID001 | TXN | WITHDRAWAL | SEQ=492221 | CARD=************3456 | AMOUNT=100.00 | CURRENCY=ETB | STATUS=APPROVED | AUTH=541075
2026-06-08 05:01:12 | ATM-001 | TID001 | TXN | WITHDRAWAL | SEQ=326998 | CARD=************5678 | AMOUNT=100.00 | CURRENCY=ETB | STATUS=APPROVED | AUTH=108054
2026-06-08 05:04:05 | ATM-001 | TID001 | TXN | WITHDRAWAL | SEQ=472493 | CARD=************7890 | AMOUNT=2000.00 | CURRENCY=ETB | STATUS=APPROVED | AUTH=863156
2026-06-08 05:06:58 | ATM-001 | TID001 | TXN | WITHDRAWAL | SEQ=214274 | CARD=************3456 | AMOUNT=200.00 | CURRENCY=ETB | STATUS=APPROVED | AUTH=296292
2026-06-08 05:09:50 | ATM-001 | TID001 | TXN | WITHDRAWAL | SEQ=153758 | CARD=************8901 | AMOUNT=200.00 | CURRENCY=ETB | STATUS=APPROVED | AUTH=118167
2026-06-08 05:12:43 | ATM-001 | TID001 | TXN | WITHDRAWAL | SEQ=701140 | CARD=************9012 | AMOUNT=1000.00 | CURRENCY=ETB | STATUS=APPROVED | AUTH=637536
2026-06-08 05:15:36 | ATM-001 | TID001 | TXN | WITHDRAWAL | SEQ=179320 | CARD=************4567 | AMOUNT=5000.00 | CURRENCY=ETB | STATUS=APPROVED | AUTH=168811
2026-06-08 05:18:29 | ATM-001 | TID001 | TXN | WITHDRAWAL | SEQ=681040 | CARD=************4567 | AMOUNT=200.00 | CURRENCY=ETB | STATUS=APPROVED | AUTH=995447
2026-06-08 05:21:22 | ATM-001 | TID001 | TXN | WITHDRAWAL | SEQ=491893 | CARD=************0123 | AMOUNT=500.00 | CURRENCY=ETB | STATUS=APPROVED | AUTH=379337
2026-06-08 05:24:14 | ATM-001 | TID001 | TXN | WITHDRAWAL | SEQ=983809 | CARD=************6789 | AMOUNT=200.00 | CURRENCY=ETB | STATUS=APPROVED | AUTH=850397
2026-06-08 05:27:07 | ATM-001 | TID001 | TXN | WITHDRAWAL | SEQ=689105 | CARD=************2345 | AMOUNT=5000.00 | CURRENCY=ETB | STATUS=APPROVED | AUTH=870266
2026-06-08 05:30:00 | ATM-001 | TID001 | TXN | WITHDRAWAL | SEQ=251612 | CARD=************5678 | AMOUNT=100.00 | CURRENCY=ETB | STATUS=DECLINED
2026-06-08 05:32:53 | ATM-001 | TID001 | TXN | WITHDRAWAL | SEQ=937711 | CARD=************9012 | AMOUNT=100.00 | CURRENCY=ETB | STATUS=APPROVED | AUTH=940451
2026-06-08 05:35:46 | ATM-001 | TID001 | TXN | WITHDRAWAL | SEQ=337549 | CARD=************6789 | AMOUNT=200.00 | CURRENCY=ETB | STATUS=DECLINED
2026-06-08 05:38:38 | ATM-001 | TID001 | TXN | WITHDRAWAL | SEQ=178167 | CARD=************6789 | AMOUNT=200.00 | CURRENCY=ETB | STATUS=APPROVED | AUTH=257665
2026-06-08 05:41:31 | ATM-001 | TID001 | TXN | WITHDRAWAL | SEQ=285133 | CARD=************7890 | AMOUNT=1000.00 | CURRENCY=ETB | STATUS=DECLINED
2026-06-08 05:44:24 | ATM-001 | TID001 | TXN | WITHDRAWAL | SEQ=820486 | CARD=************7890 | AMOUNT=2000.00 | CURRENCY=ETB | STATUS=DECLINED
2026-06-08 05:47:17 | ATM-001 | TID001 | TXN | WITHDRAWAL | SEQ=290571 | CARD=************2345 | AMOUNT=5000.00 | CURRENCY=ETB | STATUS=DECLINED
2026-06-08 05:50:10 | ATM-001 | TID001 | TXN | WITHDRAWAL | SEQ=984749 | CARD=************5678 | AMOUNT=5000.00 | CURRENCY=ETB | STATUS=APPROVED | AUTH=827900
2026-06-08 05:53:02 | ATM-001 | TID001 | TXN | WITHDRAWAL | SEQ=493433 | CARD=************0123 | AMOUNT=5000.00 | CURRENCY=ETB | STATUS=APPROVED | AUTH=227354
2026-06-08 05:55:55 | ATM-001 | TID001 | TXN | WITHDRAWAL | SEQ=876758 | CARD=************2345 | AMOUNT=2000.00 | CURRENCY=ETB | STATUS=APPROVED | AUTH=778764
2026-06-08 05:58:48 | ATM-001 | TID001 | TXN | WITHDRAWAL | SEQ=535936 | CARD=************3456 | AMOUNT=2000.00 | CURRENCY=ETB | STATUS=TIMEOUT
2026-06-08 06:01:41 | ATM-001 | TID001 | TXN | WITHDRAWAL | SEQ=941856 | CARD=************3456 | AMOUNT=1000.00 | CURRENCY=ETB | STATUS=APPROVED | AUTH=491535
2026-06-08 06:04:34 | ATM-001 | TID001 | TXN | WITHDRAWAL | SEQ=982486 | CARD=************5678 | AMOUNT=200.00 | CURRENCY=ETB | STATUS=APPROVED | AUTH=735143
2026-06-08 06:07:26 | ATM-001 | TID001 | TXN | WITHDRAWAL | SEQ=803460 | CARD=************6789 | AMOUNT=500.00 | CURRENCY=ETB | STATUS=APPROVED | AUTH=766932
2026-06-08 06:10:19 | ATM-001 | TID001 | TXN | WITHDRAWAL | SEQ=891734 | CARD=************4567 | AMOUNT=500.00 | CURRENCY=ETB | STATUS=APPROVED | AUTH=320577
2026-06-08 06:13:12 | ATM-001 | TID001 | TXN | WITHDRAWAL | SEQ=673935 | CARD=************2345 | AMOUNT=100.00 | CURRENCY=ETB | STATUS=DECLINED
2026-06-08 06:16:05 | ATM-001 | TID001 | TXN | WITHDRAWAL | SEQ=472188 | CARD=************7890 | AMOUNT=1000.00 | CURRENCY=ETB | STATUS=APPROVED | AUTH=904303
2026-06-08 06:17:00 | ATM-001 | TID001 | TXN | BALANCE_INQ | SEQ=779504 | CARD=************3456 | STATUS=APPROVED
2026-06-08 06:17:49 | ATM-001 | TID001 | TXN | WITHDRAWAL | SEQ=938934 | CARD=************0123 | AMOUNT=100.00 | CURRENCY=ETB | STATUS=APPROVED | AUTH=355657
2026-06-08 06:18:33 | ATM-001 | TID001 | TXN | WITHDRAWAL | SEQ=747331 | CARD=************4567 | AMOUNT=200.00 | CURRENCY=ETB | STATUS=APPROVED | AUTH=502494
2026-06-08 06:19:13 | ATM-001 | TID001 | TXN | BALANCE_INQ | SEQ=775074 | CARD=************4567 | STATUS=APPROVED
2026-06-08 06:20:12 | ATM-001 | TID001 | TXN | MINI_STATEMENT | SEQ=895365 | CARD=************2345 | STATUS=APPROVED
2026-06-08 06:20:45 | ATM-001 | TID001 | TXN | TRANSFER | SEQ=769170 | CARD=************7890 | AMOUNT=200.00 | CURRENCY=ETB | STATUS=TIMEOUT
2026-06-08 06:21:41 | ATM-001 | TID001 | TXN | WITHDRAWAL | SEQ=296841 | CARD=************4567 | AMOUNT=2000.00 | CURRENCY=ETB | STATUS=APPROVED | AUTH=616549
2026-06-08 06:22:12 | ATM-001 | TID001 | TXN | WITHDRAWAL | SEQ=197219 | CARD=************9012 | AMOUNT=1000.00 | CURRENCY=ETB | STATUS=APPROVED | AUTH=302939
2026-06-08 06:22:55 | ATM-001 | TID001 | TXN | WITHDRAWAL | SEQ=242002 | CARD=************1234 | AMOUNT=500.00 | CURRENCY=ETB | STATUS=DECLINED
2026-06-08 06:23:37 | ATM-001 | TID001 | TXN | WITHDRAWAL | SEQ=359031 | CARD=************9012 | AMOUNT=200.00 | CURRENCY=ETB | STATUS=DECLINED
2026-06-08 06:24:26 | ATM-001 | TID001 | TXN | BALANCE_INQ | SEQ=310221 | CARD=************7890 | STATUS=APPROVED
2026-06-08 06:25:16 | ATM-001 | TID001 | TXN | WITHDRAWAL | SEQ=776068 | CARD=************7890 | AMOUNT=5000.00 | CURRENCY=ETB | STATUS=APPROVED | AUTH=961795
2026-06-08 06:26:04 | ATM-001 | TID001 | TXN | WITHDRAWAL | SEQ=353070 | CARD=************8901 | AMOUNT=2000.00 | CURRENCY=ETB | STATUS=APPROVED | AUTH=816743
2026-06-08 06:26:36 | ATM-001 | TID001 | TXN | WITHDRAWAL | SEQ=559636 | CARD=************1234 | AMOUNT=5000.00 | CURRENCY=ETB | STATUS=APPROVED | AUTH=466506
2026-06-08 06:27:29 | ATM-001 | TID001 | TXN | MINI_STATEMENT | SEQ=100090 | CARD=************6789 | STATUS=APPROVED
2026-06-08 06:28:00 | ATM-001 | TID001 | TXN | WITHDRAWAL | SEQ=883536 | CARD=************3456 | AMOUNT=200.00 | CURRENCY=ETB | STATUS=APPROVED | AUTH=133270
2026-06-08 06:28:44 | ATM-001 | TID001 | TXN | BALANCE_INQ | SEQ=386216 | CARD=************0123 | STATUS=APPROVED
2026-06-08 06:29:21 | ATM-001 | TID001 | TXN | WITHDRAWAL | SEQ=648083 | CARD=************7890 | AMOUNT=2000.00 | CURRENCY=ETB | STATUS=DECLINED
2026-06-08 06:30:03 | ATM-001 | TID001 | TXN | BALANCE_INQ | SEQ=884188 | CARD=************8901 | STATUS=APPROVED
2026-06-08 06:31:02 | ATM-001 | TID001 | TXN | WITHDRAWAL | SEQ=624852 | CARD=************6789 | AMOUNT=1000.00 | CURRENCY=ETB | STATUS=DECLINED
2026-06-08 06:31:53 | ATM-001 | TID001 | TXN | WITHDRAWAL | SEQ=639893 | CARD=************5678 | AMOUNT=500.00 | CURRENCY=ETB | STATUS=APPROVED | AUTH=786578
2026-06-08 06:32:31 | ATM-001 | TID001 | TXN | WITHDRAWAL | SEQ=831396 | CARD=************4567 | AMOUNT=5000.00 | CURRENCY=ETB | STATUS=DECLINED
2026-06-08 06:33:07 | ATM-001 | TID001 | TXN | TRANSFER | SEQ=364702 | CARD=************0123 | AMOUNT=1000.00 | CURRENCY=ETB | STATUS=APPROVED | AUTH=354943
2026-06-08 06:33:38 | ATM-001 | TID001 | TXN | WITHDRAWAL | SEQ=714229 | CARD=************3456 | AMOUNT=200.00 | CURRENCY=ETB | STATUS=APPROVED | AUTH=574145
2026-06-08 06:34:08 | ATM-001 | TID001 | TXN | BALANCE_INQ | SEQ=902870 | CARD=************7890 | STATUS=APPROVED
2026-06-08 06:35:04 | ATM-001 | TID001 | TXN | WITHDRAWAL | SEQ=983349 | CARD=************6789 | AMOUNT=10000.00 | CURRENCY=ETB | STATUS=APPROVED | AUTH=543906
2026-06-08 06:35:59 | ATM-001 | TID001 | TXN | TRANSFER | SEQ=567751 | CARD=************3456 | AMOUNT=100.00 | CURRENCY=ETB | STATUS=APPROVED | AUTH=228792
2026-06-08 06:36:35 | ATM-001 | TID001 | TXN | WITHDRAWAL | SEQ=176550 | CARD=************9012 | AMOUNT=500.00 | CURRENCY=ETB | STATUS=APPROVED | AUTH=701026
2026-06-08 06:37:19 | ATM-001 | TID001 | TXN | BALANCE_INQ | SEQ=848108 | CARD=************6789 | STATUS=APPROVED
2026-06-08 06:37:55 | ATM-001 | TID001 | TXN | WITHDRAWAL | SEQ=281449 | CARD=************9012 | AMOUNT=2000.00 | CURRENCY=ETB | STATUS=APPROVED | AUTH=344308
2026-06-08 06:38:30 | ATM-001 | TID001 | TXN | WITHDRAWAL | SEQ=986332 | CARD=************4567 | AMOUNT=2000.00 | CURRENCY=ETB | STATUS=APPROVED | AUTH=548113
2026-06-08 06:39:10 | ATM-001 | TID001 | TXN | WITHDRAWAL | SEQ=710742 | CARD=************6789 | AMOUNT=10000.00 | CURRENCY=ETB | STATUS=APPROVED | AUTH=201294
2026-06-08 06:39:55 | ATM-001 | TID001 | TXN | WITHDRAWAL | SEQ=297911 | CARD=************8901 | AMOUNT=200.00 | CURRENCY=ETB | STATUS=APPROVED | AUTH=509662
2026-06-08 06:40:49 | ATM-001 | TID001 | TXN | WITHDRAWAL | SEQ=382662 | CARD=************2345 | AMOUNT=500.00 | CURRENCY=ETB | STATUS=APPROVED | AUTH=539315
2026-06-08 06:41:29 | ATM-001 | TID001 | TXN | WITHDRAWAL | SEQ=740729 | CARD=************5678 | AMOUNT=5000.00 | CURRENCY=ETB | STATUS=APPROVED | AUTH=356419
2026-06-08 06:42:11 | ATM-001 | TID001 | ERROR | CASH_JAM_CASSETTE | CODE=3A7F | CASSETTE=3
2026-06-08 06:42:46 | ATM-001 | TID001 | CASH | CASSETTE_LOADED | CASSETTE=4 | AMOUNT=100000.00 | OPERATOR=OP010
2026-06-08 06:43:31 | ATM-001 | TID001 | TXN | WITHDRAWAL | SEQ=957434 | CARD=************0123 | AMOUNT=2000.00 | CURRENCY=ETB | STATUS=APPROVED | AUTH=856180
2026-06-08 06:44:22 | ATM-001 | TID001 | TXN | WITHDRAWAL | SEQ=777653 | CARD=************3456 | AMOUNT=10000.00 | CURRENCY=ETB | STATUS=APPROVED | AUTH=571518
2026-06-08 06:44:59 | ATM-001 | TID001 | TXN | WITHDRAWAL | SEQ=777965 | CARD=************7890 | AMOUNT=500.00 | CURRENCY=ETB | STATUS=APPROVED | AUTH=279552
2026-06-08 06:45:38 | ATM-001 | TID001 | TXN | BALANCE_INQ | SEQ=362683 | CARD=************8901 | STATUS=APPROVED
2026-06-08 06:46:24 | ATM-001 | TID001 | TXN | BALANCE_INQ | SEQ=204040 | CARD=************0123 | STATUS=APPROVED
2026-06-08 06:47:01 | ATM-001 | TID001 | TXN | WITHDRAWAL | SEQ=677371 | CARD=************8901 | AMOUNT=5000.00 | CURRENCY=ETB | STATUS=APPROVED | AUTH=843995
2026-06-08 06:47:32 | ATM-001 | TID001 | TXN | WITHDRAWAL | SEQ=996213 | CARD=************4567 | AMOUNT=100.00 | CURRENCY=ETB | STATUS=DECLINED
2026-06-08 06:48:27 | ATM-001 | TID001 | TXN | WITHDRAWAL | SEQ=799736 | CARD=************1234 | AMOUNT=2000.00 | CURRENCY=ETB | STATUS=APPROVED | AUTH=860840
2026-06-08 06:48:59 | ATM-001 | TID001 | TXN | WITHDRAWAL | SEQ=523801 | CARD=************3456 | AMOUNT=200.00 | CURRENCY=ETB | STATUS=DECLINED
2026-06-08 06:49:56 | ATM-001 | TID001 | TXN | BALANCE_INQ | SEQ=580176 | CARD=************5678 | STATUS=DECLINED
2026-06-08 06:50:27 | ATM-001 | TID001 | TXN | WITHDRAWAL | SEQ=524712 | CARD=************8901 | AMOUNT=200.00 | CURRENCY=ETB | STATUS=APPROVED | AUTH=731573
2026-06-08 06:51:22 | ATM-001 | TID001 | TXN | BALANCE_INQ | SEQ=237091 | CARD=************0123 | STATUS=APPROVED
2026-06-08 06:52:12 | ATM-001 | TID001 | TXN | WITHDRAWAL | SEQ=994949 | CARD=************9012 | AMOUNT=100.00 | CURRENCY=ETB | STATUS=APPROVED | AUTH=126802
2026-06-08 06:52:51 | ATM-001 | TID001 | TXN | WITHDRAWAL | SEQ=710241 | CARD=************9012 | AMOUNT=2000.00 | CURRENCY=ETB | STATUS=APPROVED | AUTH=956356
2026-06-08 06:53:49 | ATM-001 | TID001 | TXN | WITHDRAWAL | SEQ=930257 | CARD=************5678 | AMOUNT=200.00 | CURRENCY=ETB | STATUS=APPROVED | AUTH=953042
2026-06-08 06:54:32 | ATM-001 | TID001 | TXN | MINI_STATEMENT | SEQ=861482 | CARD=************7890 | STATUS=APPROVED
2026-06-08 06:55:21 | ATM-001 | TID001 | TXN | WITHDRAWAL | SEQ=694125 | CARD=************6789 | AMOUNT=1000.00 | CURRENCY=ETB | STATUS=APPROVED | AUTH=178537
2026-06-08 06:55:56 | ATM-001 | TID001 | ERROR | CARD_READ_ERROR | CODE=B2C1 | CASSETTE=2
2026-06-08 06:56:33 | ATM-001 | TID001 | TXN | WITHDRAWAL | SEQ=243096 | CARD=************3456 | AMOUNT=200.00 | CURRENCY=ETB | STATUS=APPROVED | AUTH=904940
2026-06-08 06:57:04 | ATM-001 | TID001 | TXN | CARDLESS_TXN | SEQ=932701 | CARD=************3456 | STATUS=APPROVED
2026-06-08 06:57:47 | ATM-001 | TID001 | TXN | BALANCE_INQ | SEQ=331411 | CARD=************4567 | STATUS=APPROVED
2026-06-08 06:58:19 | ATM-001 | TID001 | TXN | WITHDRAWAL | SEQ=172756 | CARD=************8901 | AMOUNT=500.00 | CURRENCY=ETB | STATUS=APPROVED | AUTH=928770
2026-06-08 06:59:16 | ATM-001 | TID001 | TXN | WITHDRAWAL | SEQ=790402 | CARD=************8901 | AMOUNT=10000.00 | CURRENCY=ETB | STATUS=APPROVED | AUTH=345897
2026-06-08 07:00:02 | ATM-001 | TID001 | TXN | WITHDRAWAL | SEQ=570012 | CARD=************9012 | AMOUNT=200.00 | CURRENCY=ETB | STATUS=APPROVED | AUTH=231876
2026-06-08 07:00:38 | ATM-001 | TID001 | TXN | WITHDRAWAL | SEQ=243304 | CARD=************0123 | AMOUNT=500.00 | CURRENCY=ETB | STATUS=TIMEOUT
2026-06-08 07:01:18 | ATM-001 | TID001 | ERROR | DISPENSER_ERROR | CODE=9E3D | CASSETTE=3
2026-06-08 07:02:12 | ATM-001 | TID001 | TXN | BALANCE_INQ | SEQ=960330 | CARD=************9012 | STATUS=APPROVED
2026-06-08 07:02:56 | ATM-001 | TID001 | TXN | BALANCE_INQ | SEQ=804765 | CARD=************7890 | STATUS=APPROVED
2026-06-08 07:03:51 | ATM-001 | TID001 | TXN | WITHDRAWAL | SEQ=524815 | CARD=************7890 | AMOUNT=100.00 | CURRENCY=ETB | STATUS=APPROVED | AUTH=528846
2026-06-08 07:04:40 | ATM-001 | TID001 | TXN | WITHDRAWAL | SEQ=174892 | CARD=************6789 | AMOUNT=1000.00 | CURRENCY=ETB | STATUS=APPROVED | AUTH=208278
2026-06-08 07:05:35 | ATM-001 | TID001 | TXN | BALANCE_INQ | SEQ=775097 | CARD=************2345 | STATUS=APPROVED
2026-06-08 07:06:09 | ATM-001 | TID001 | TXN | WITHDRAWAL | SEQ=362890 | CARD=************6789 | AMOUNT=10000.00 | CURRENCY=ETB | STATUS=APPROVED | AUTH=161731
2026-06-08 07:07:00 | ATM-001 | TID001 | TXN | WITHDRAWAL | SEQ=494626 | CARD=************1234 | AMOUNT=2000.00 | CURRENCY=ETB | STATUS=APPROVED | AUTH=378112
2026-06-08 07:07:56 | ATM-001 | TID001 | TXN | WITHDRAWAL | SEQ=785144 | CARD=************9012 | AMOUNT=200.00 | CURRENCY=ETB | STATUS=APPROVED | AUTH=720501
2026-06-08 07:08:55 | ATM-001 | TID001 | TXN | CARDLESS_TXN | SEQ=884188 | CARD=************3456 | STATUS=APPROVED
2026-06-08 07:09:35 | ATM-001 | TID001 | TXN | BALANCE_INQ | SEQ=999834 | CARD=************2345 | STATUS=DECLINED
2026-06-08 07:10:26 | ATM-001 | TID001 | CASH | CASSETTE_LOADED | CASSETTE=2 | AMOUNT=200000.00 | OPERATOR=OP004
2026-06-08 07:11:19 | ATM-001 | TID001 | TXN | WITHDRAWAL | SEQ=712911 | CARD=************6789 | AMOUNT=2000.00 | CURRENCY=ETB | STATUS=APPROVED | AUTH=534324
2026-06-08 07:12:02 | ATM-001 | TID001 | TXN | WITHDRAWAL | SEQ=963335 | CARD=************2345 | AMOUNT=200.00 | CURRENCY=ETB | STATUS=APPROVED | AUTH=412861
2026-06-08 07:12:47 | ATM-001 | TID001 | TXN | BALANCE_INQ | SEQ=757382 | CARD=************9012 | STATUS=DECLINED
2026-06-08 07:13:43 | ATM-001 | TID001 | TXN | BALANCE_INQ | SEQ=530072 | CARD=************4567 | STATUS=APPROVED
2026-06-08 07:14:20 | ATM-001 | TID001 | TXN | WITHDRAWAL | SEQ=442082 | CARD=************0123 | AMOUNT=2000.00 | CURRENCY=ETB | STATUS=APPROVED | AUTH=986035
2026-06-08 07:14:53 | ATM-001 | TID001 | TXN | MINI_STATEMENT | SEQ=573481 | CARD=************9012 | STATUS=APPROVED
2026-06-08 07:15:36 | ATM-001 | TID001 | TXN | WITHDRAWAL | SEQ=338963 | CARD=************9012 | AMOUNT=5000.00 | CURRENCY=ETB | STATUS=DECLINED
2026-06-08 07:16:24 | ATM-001 | TID001 | TXN | WITHDRAWAL | SEQ=749365 | CARD=************6789 | AMOUNT=5000.00 | CURRENCY=ETB | STATUS=APPROVED | AUTH=200508
2026-06-08 07:17:19 | ATM-001 | TID001 | TXN | WITHDRAWAL | SEQ=431716 | CARD=************4567 | AMOUNT=2000.00 | CURRENCY=ETB | STATUS=APPROVED | AUTH=705230
2026-06-08 07:18:13 | ATM-001 | TID001 | ERROR | RECEIPT_PAPER_LOW | CODE=FF01 | CASSETTE=1
2026-06-08 07:18:55 | ATM-001 | TID001 | TXN | WITHDRAWAL | SEQ=738927 | CARD=************9012 | AMOUNT=10000.00 | CURRENCY=ETB | STATUS=APPROVED | AUTH=121623
2026-06-08 07:19:38 | ATM-001 | TID001 | TXN | WITHDRAWAL | SEQ=652094 | CARD=************8901 | AMOUNT=1000.00 | CURRENCY=ETB | STATUS=DECLINED
2026-06-08 07:20:10 | ATM-001 | TID001 | TXN | WITHDRAWAL | SEQ=491365 | CARD=************9012 | AMOUNT=100.00 | CURRENCY=ETB | STATUS=APPROVED | AUTH=157329
2026-06-08 07:21:07 | ATM-001 | TID001 | TXN | WITHDRAWAL | SEQ=321647 | CARD=************2345 | AMOUNT=1000.00 | CURRENCY=ETB | STATUS=APPROVED | AUTH=249447
2026-06-08 07:21:57 | ATM-001 | TID001 | TXN | WITHDRAWAL | SEQ=116166 | CARD=************6789 | AMOUNT=2000.00 | CURRENCY=ETB | STATUS=APPROVED | AUTH=193604
2026-06-08 07:22:50 | ATM-001 | TID001 | TXN | TRANSFER | SEQ=167848 | CARD=************6789 | AMOUNT=500.00 | CURRENCY=ETB | STATUS=APPROVED | AUTH=950559
2026-06-08 07:23:29 | ATM-001 | TID001 | TXN | MINI_STATEMENT | SEQ=159310 | CARD=************2345 | STATUS=APPROVED
2026-06-08 07:24:28 | ATM-001 | TID001 | TXN | WITHDRAWAL | SEQ=296638 | CARD=************0123 | AMOUNT=10000.00 | CURRENCY=ETB | STATUS=DECLINED
2026-06-08 07:25:15 | ATM-001 | TID001 | TXN | BALANCE_INQ | SEQ=912799 | CARD=************8901 | STATUS=APPROVED
2026-06-08 07:25:53 | ATM-001 | TID001 | TXN | BALANCE_INQ | SEQ=303349 | CARD=************1234 | STATUS=APPROVED
2026-06-08 07:26:47 | ATM-001 | TID001 | TXN | TRANSFER | SEQ=972476 | CARD=************0123 | AMOUNT=100.00 | CURRENCY=ETB | STATUS=DECLINED
2026-06-08 07:27:46 | ATM-001 | TID001 | TXN | CARDLESS_TXN | SEQ=754581 | CARD=************7890 | STATUS=APPROVED
2026-06-08 07:28:30 | ATM-001 | TID001 | TXN | WITHDRAWAL | SEQ=758407 | CARD=************3456 | AMOUNT=2000.00 | CURRENCY=ETB | STATUS=APPROVED | AUTH=333769
2026-06-08 07:29:05 | ATM-001 | TID001 | TXN | BALANCE_INQ | SEQ=275385 | CARD=************4567 | STATUS=APPROVED
2026-06-08 07:29:44 | ATM-001 | TID001 | TXN | WITHDRAWAL | SEQ=381567 | CARD=************0123 | AMOUNT=100.00 | CURRENCY=ETB | STATUS=APPROVED | AUTH=797390
2026-06-08 07:30:16 | ATM-001 | TID001 | TXN | BALANCE_INQ | SEQ=684377 | CARD=************0123 | STATUS=APPROVED
2026-06-08 07:30:50 | ATM-001 | TID001 | TXN | WITHDRAWAL | SEQ=673315 | CARD=************5678 | AMOUNT=500.00 | CURRENCY=ETB | STATUS=APPROVED | AUTH=474419
2026-06-08 07:31:41 | ATM-001 | TID001 | TXN | BALANCE_INQ | SEQ=128756 | CARD=************2345 | STATUS=APPROVED
2026-06-08 07:32:37 | ATM-001 | TID001 | TXN | WITHDRAWAL | SEQ=634268 | CARD=************8901 | AMOUNT=200.00 | CURRENCY=ETB | STATUS=DECLINED
2026-06-08 07:33:09 | ATM-001 | TID001 | TXN | BALANCE_INQ | SEQ=363916 | CARD=************4567 | STATUS=APPROVED
2026-06-08 07:33:46 | ATM-001 | TID001 | TXN | WITHDRAWAL | SEQ=733039 | CARD=************4567 | AMOUNT=5000.00 | CURRENCY=ETB | STATUS=APPROVED | AUTH=271761
2026-06-08 07:34:17 | ATM-001 | TID001 | TXN | MINI_STATEMENT | SEQ=628201 | CARD=************5678 | STATUS=APPROVED
2026-06-08 07:34:55 | ATM-001 | TID001 | TXN | WITHDRAWAL | SEQ=332043 | CARD=************6789 | AMOUNT=1000.00 | CURRENCY=ETB | STATUS=APPROVED | AUTH=770346
2026-06-08 07:35:41 | ATM-001 | TID001 | TXN | WITHDRAWAL | SEQ=921417 | CARD=************0123 | AMOUNT=10000.00 | CURRENCY=ETB | STATUS=APPROVED | AUTH=598139
2026-06-08 07:36:12 | ATM-001 | TID001 | TXN | MINI_STATEMENT | SEQ=240078 | CARD=************9012 | STATUS=APPROVED
2026-06-08 07:37:02 | ATM-001 | TID001 | TXN | MINI_STATEMENT | SEQ=673905 | CARD=************4567 | STATUS=APPROVED
2026-06-08 07:37:33 | ATM-001 | TID001 | TXN | WITHDRAWAL | SEQ=264954 | CARD=************7890 | AMOUNT=1000.00 | CURRENCY=ETB | STATUS=APPROVED | AUTH=293389
2026-06-08 07:38:31 | ATM-001 | TID001 | TXN | BALANCE_INQ | SEQ=519485 | CARD=************9012 | STATUS=APPROVED
2026-06-08 07:39:07 | ATM-001 | TID001 | TXN | WITHDRAWAL | SEQ=583514 | CARD=************0123 | AMOUNT=500.00 | CURRENCY=ETB | STATUS=APPROVED | AUTH=792878
2026-06-08 07:39:51 | ATM-001 | TID001 | TXN | WITHDRAWAL | SEQ=800692 | CARD=************1234 | AMOUNT=500.00 | CURRENCY=ETB | STATUS=APPROVED | AUTH=932318
2026-06-08 07:40:32 | ATM-001 | TID001 | TXN | WITHDRAWAL | SEQ=238544 | CARD=************7890 | AMOUNT=10000.00 | CURRENCY=ETB | STATUS=APPROVED | AUTH=461918
2026-06-08 07:41:08 | ATM-001 | TID001 | TXN | WITHDRAWAL | SEQ=537461 | CARD=************7890 | AMOUNT=100.00 | CURRENCY=ETB | STATUS=APPROVED | AUTH=611494
2026-06-08 07:41:44 | ATM-001 | TID001 | TXN | WITHDRAWAL | SEQ=106485 | CARD=************0123 | AMOUNT=200.00 | CURRENCY=ETB | STATUS=APPROVED | AUTH=773635
2026-06-08 07:42:24 | ATM-001 | TID001 | TXN | WITHDRAWAL | SEQ=321885 | CARD=************3456 | AMOUNT=10000.00 | CURRENCY=ETB | STATUS=APPROVED | AUTH=502122
2026-06-08 07:43:22 | ATM-001 | TID001 | TXN | WITHDRAWAL | SEQ=995074 | CARD=************2345 | AMOUNT=100.00 | CURRENCY=ETB | STATUS=APPROVED | AUTH=432573
2026-06-08 07:44:12 | ATM-001 | TID001 | TXN | BALANCE_INQ | SEQ=546325 | CARD=************7890 | STATUS=APPROVED
2026-06-08 07:44:52 | ATM-001 | TID001 | TXN | BALANCE_INQ | SEQ=398707 | CARD=************2345 | STATUS=APPROVED
2026-06-08 07:45:46 | ATM-001 | TID001 | TXN | WITHDRAWAL | SEQ=803431 | CARD=************4567 | AMOUNT=200.00 | CURRENCY=ETB | STATUS=APPROVED | AUTH=208165
2026-06-08 07:46:37 | ATM-001 | TID001 | TXN | MINI_STATEMENT | SEQ=983862 | CARD=************8901 | STATUS=APPROVED
2026-06-08 07:47:14 | ATM-001 | TID001 | TXN | TRANSFER | SEQ=579957 | CARD=************1234 | AMOUNT=5000.00 | CURRENCY=ETB | STATUS=APPROVED | AUTH=958473
2026-06-08 07:48:00 | ATM-001 | TID001 | TXN | WITHDRAWAL | SEQ=672657 | CARD=************0123 | AMOUNT=2000.00 | CURRENCY=ETB | STATUS=APPROVED | AUTH=655919
2026-06-08 07:48:57 | ATM-001 | TID001 | TXN | WITHDRAWAL | SEQ=986190 | CARD=************4567 | AMOUNT=500.00 | CURRENCY=ETB | STATUS=APPROVED | AUTH=799124
